Duration (in seconds),ResponseId,Q3.2,Q3.3,Q5.1_First Click,Q5.1_Last Click,Q5.1_Page Submit,Q5.1_Click Count,Q5.3,Q5.4,Q5.5,Q6.1_First Click,Q6.1_Last Click,Q6.1_Page Submit,Q6.1_Click Count,Q6.3,Q6.4,Q6.5,Q6.7,Q6.8,Q6.8_8_TEXT,Q7.1_First Click,Q7.1_Last Click,Q7.1_Page Submit,Q7.1_Click Count,Q7.3,Q7.4,Q7.5,Q8.1_First Click,Q8.1_Last Click,Q8.1_Page Submit,Q8.1_Click Count,Q8.3,Q8.4,Q8.5,Q8.7,Q8.8,Q8.8_8_TEXT,Q9.1_First Click,Q9.1_Last Click,Q9.1_Page Submit,Q9.1_Click Count,Q9.3,Q9.4,Q9.5,Q10.1_First Click,Q10.1_Last Click,Q10.1_Page Submit,Q10.1_Click Count,Q10.3,Q10.4,Q10.5,Q10.7,Q10.8,Q10.8_8_TEXT,Q11.1_First Click,Q11.1_Last Click,Q11.1_Page Submit,Q11.1_Click Count,Q11.3,Q11.4,Q11.5,Q12.1_First Click,Q12.1_Last Click,Q12.1_Page Submit,Q12.1_Click Count,Q12.3,Q12.4,Q12.5,Q12.7,Q12.8,Q12.8_8_TEXT,Q13.1_First Click,Q13.1_Last Click,Q13.1_Page Submit,Q13.1_Click Count,Q13.3,Q13.4,Q13.5,Q14.1_First Click,Q14.1_Last Click,Q14.1_Page Submit,Q14.1_Click Count,Q14.3,Q14.4,Q14.5,Q14.7,Q14.8,Q14.8_8_TEXT,Q15.1_First Click,Q15.1_Last Click,Q15.1_Page Submit,Q15.1_Click Count,Q15.3,Q15.4,Q15.5,Q16.1_First Click,Q16.1_Last Click,Q16.1_Page Submit,Q16.1_Click Count,Q16.3,Q16.4,Q16.5,Q16.7,Q16.8,Q16.8_8_TEXT,Q17.1,Q18.2_1,Q18.2_2,Q18.2_3,Q18.2_4,Q18.2_5,Q18.4,Q18.5,Q18.6,__js_ChoiceChangeDeborahFluids,__js_ChoiceChangeDeborahVaso,__js_ChoiceChangeHeatherFluids,__js_ChoiceChangeHeatherVaso,__js_ChoiceChangeEstherFluids,__js_ChoiceChangeEstherVaso,__js_ChoiceChangeRichardFluids,__js_ChoiceChangeRichardVaso,__js_ChoiceChangeMargaretFluids,__js_ChoiceChangeMargaretVaso,__js_ChoiceChangeMikeFluids,__js_ChoiceChangeMikeVaso,AIInterface,TutorialText,__js_ProgressValue,__js_ProgressText,NoAICase,DeborahShown,DeborahNum,HeatherShown,HeatherNum,EstherShown,EstherNum,RichardShown,RichardNum,MargaretShown,MargaretNum,MikeShown,MikeNum,specialty,specialty_10_TEXT,practice_setting,clinical_time,Source,specialty_7_TEXT,ethnicity
773,eeb889a0dcc3ceec26541806ac31c2b3a4c802d2cebb58c129f47ea6c2e8fe7a,> 10 years,Proficient - deep understanding,,,,,,,,94.816,133.449,133.467,4,Give up to 1 L of IV fluid.,Wean the existing vasopressor ONLY IF I ordered fluid and there is a positive response in less than four hours.,Slightly confident,Neutral,"Prompted me to assess the patient further,Prompted me to consider an alternative plan",,,,,,,,,49.807,61.67,61.682,4,Give neither IV fluids nor diuretics.,Do not give vasopressors.,Somewhat confident,Neutral,Prompted me to assess the patient further,,,,,,,,,40.47,56.942,56.949,4,Stop diuretics and don't give IV fluids.,Start a vasopressor.,Fairly confident,Neutral,Prompted me to assess the patient further,,,,,,,,,42.813,105.898,105.916,5,Give neither IV fluids nor diuretics.,Continue both vasopressors.,Somewhat confident,Neutral,"Prompted me to assess the patient further,Prompted me to consider an alternative plan",,,,,,,,,17.395,82.801,82.804,7,Give up to 1 L of IV fluid.,Start a vasopressor.,Somewhat confident,Neutral,"Prompted me to assess the patient further,Prompted me to consider an alternative plan",,53.205,103.566,103.573,10,Give up to 1 L of IV fluid.,Start a vasopressor ONLY IF I ordered fluid and there is NO positive response in less than four hours.,Somewhat confident,,,,,,,,,,,"Yes, I'll review two additional cases",Somewhat agree,Neither agree nor disagree,Somewhat agree,Neither agree nor disagree,Somewhat agree,,"provide options, perhaps several recommendations instead of just one",,1,1,1,1,1,1,1,1,1,2,1,1,Recommended Treatment,Sepsis AI identifies the treatment plan that will lead to the lowest risk of mortality in this admission.,6,This is the sixth and final case.,1,1,0,1,5,1,4,1,3,1,2,1,1,"Internal medicine, pulmonary",,"Academic, university affiliated",More than 50% but less than 95%,Mailing List,,
831,1937ec6b1aaecc014f3c52464ec060840885cf55130a04cde214846586f53efd,5-10 years,Proficient - deep understanding,,,,,,,,77.533,99.709,99.719,5,Give up to 1 L of IV fluid.,Add another vasopressor.,Somewhat confident,Neutral,I'm not sure,,,,,,,,,76.606,84.522,84.532,4,Give neither IV fluids nor diuretics.,Start a vasopressor.,Fairly confident,Dissatisfied,Did not affect my thinking at all,,114.319,147.02,147.031,5,Continue the diuretic.,Start a vasopressor.,Fairly confident,,,,,,,,,,,,,,,,,,159.044,183.098,183.106,4,Give a diuretic.,Wean the secondary vasopressor.,Fairly confident,Neutral,Helped me decide between alternatives,,,,,,,,,49.486,70.497,70.51,4,Give neither IV fluids nor diuretics.,Start a vasopressor.,Fairly confident,Dissatisfied,Did not affect my thinking at all,,,,,,,,,47.685,54.747,54.759,4,Give neither IV fluids nor diuretics.,Start a vasopressor.,Fairly confident,Satisfied,Gave me an initial plan,,"Yes, I'll review two additional cases",Somewhat disagree,Disagree,Somewhat disagree,Somewhat disagree,Somewhat disagree,,,,1,2,1,1,1,1,1,1,1,1,1,1,Options to Consider,Sepsis AI suggests between one and three treatment options to consider. These options are identified based on the rates of mortality in the admission for similar patients that received each treatment.,6,This is the sixth and final case.,2,1,5,1,1,1,2,1,3,1,0,1,4,"Internal medicine, not pulmonary",,"Academic, not university affiliated",All or almost all (95% or more),Mailing List,,
154,ed2a0e8cee47108534b2177222f9b8fec48f38508a38031b38d98a097001f43a,> 10 years,Expert - authoritative knowledge,,,,,,,,24.42,71.827,71.837,5,Give more than 1 L of IV fluid.,Continue the existing vasopressor.,Somewhat confident,Neutral,Prompted me to consider an alternative plan,,,,,,,,,4.815,7.798,7.807,4,Give up to 1 L of IV fluid.,Start a vasopressor.,Somewhat confident,Neutral,Prompted me to consider an alternative plan,,,,,,,,,3.52,6.188,6.194,5,Stop diuretics and give up to 1 L of IV fluid.,Start a vasopressor.,Somewhat confident,Neutral,Gave me an initial plan,,,,,,,,,,,,,,,,,,,,,,,,,,,,,,,,,,,,4.957,7.448,7.458,5,Give up to 1 L of IV fluid.,Start a vasopressor ONLY IF I ordered fluid and there is NO positive response in less than four hours.,Somewhat confident,,,,,,,,,,,"No, take me to the final questions",Neither agree nor disagree,Somewhat agree,Somewhat agree,Somewhat agree,Somewhat agree,,,,1,1,1,1,1,1,,,,,1,1,Options to Avoid,Sepsis AI suggests between one and three treatment options to consider avoiding. These options are identified based on the rates of mortality in the admission for similar patients that received each treatment.,4,This is the fifth case.,3,1,0,1,2,1,1,,,,,1,3,"Internal medicine, pulmonary",,"Academic, university affiliated",All or almost all (95% or more),Mailing List,,
246,4a5f44bf3bc52280a80a570e6b1338c0dfb775995da7151a5a38cc8be41fe862,> 10 years,Expert - authoritative knowledge,,,,,,,,17.669,22.478,22.484,5,Give neither IV fluids nor diuretics.,Wean the existing vasopressor.,Somewhat confident,Satisfied,"Prompted me to assess the patient further,Helped me decide between alternatives,Made me more confident in my plan",,,,,,,,,8.063,13.24,13.245,5,Give neither IV fluids nor diuretics.,Do not give vasopressors.,Fairly confident,Satisfied,"Helped me decide between alternatives,Made me more confident in my plan",,,,,,,,,39.677,68.026,68.033,7,Continue the diuretic.,Do not give vasopressors.,Somewhat confident,Satisfied,"Helped me form an initial assessment of the patient,Gave me an initial plan,Prompted me to consider an alternative plan",,,,,,,,,9.409,15.925,15.927,4,Give a diuretic.,Wean the secondary vasopressor.,Fairly confident,Satisfied,"Helped me decide between alternatives,Made me more confident in my plan",,,,,,,,,2.642,9.192,9.197,6,Give up to 1 L of IV fluid.,Do not give vasopressors.,Extremely confident,Satisfied,Made me more confident in my plan,,24.212,29.654,29.661,5,Give up to 1 L of IV fluid.,Start a vasopressor ONLY IF I ordered fluid and there is NO positive response in less than four hours.,Somewhat confident,,,,,,,,,,,"Yes, I'll review two additional cases",Neither agree nor disagree,Agree,Agree,Somewhat agree,Agree,,,,1,,1,1,2,1,1,1,1,1,1,1,Options to Consider,Sepsis AI suggests between one and three treatment options to consider. These options are identified based on the rates of mortality in the admission for similar patients that received each treatment.,6,This is the sixth and final case.,1,1,2,1,3,1,0,1,4,1,5,1,1,"Internal medicine, pulmonary",,Community,More than 50% but less than 95%,Mailing List,,
940,f610bc27d9c89163b55a6cd3d31af9a8769f5c98f2aa7991e1675ea30abf8ec2,> 10 years,Proficient - deep understanding,,,,,,,,112.147,125.315,125.33,4,Give up to 1 L of IV fluid.,Continue the existing vasopressor.,Fairly confident,Neutral,Made me more confident in my plan,,,,,,,,,114.814,139.189,139.192,4,Give up to 1 L of IV fluid.,Start a vasopressor.,Fairly confident,Neutral,Made me more confident in my plan,,,,,,,,,79.541,95.46,95.467,4,Stop diuretics and give up to 1 L of IV fluid.,Start a vasopressor ONLY IF I ordered fluid and there is NO positive response in less than four hours.,Fairly confident,Dissatisfied,Made me more confident in my plan,,,,,,,,,88.516,134.42,134.428,4,Give a diuretic.,Continue both vasopressors.,Fairly confident,Neutral,Made me more confident in my plan,,,,,,,,,47.627,57.98,57.984,5,Give more than 1 L of IV fluid.,Start a vasopressor ONLY IF I ordered fluid and there is NO positive response in less than four hours.,Fairly confident,Neutral,Made me more confident in my plan,,68.487,88.071,88.076,5,Give up to 1 L of IV fluid.,Start a vasopressor.,Fairly confident,,,,,,,,,,,"Yes, I'll review two additional cases",Disagree,Somewhat disagree,Neither agree nor disagree,Disagree,Somewhat disagree,wasn't very useful,not sure at this time - it didn't really seem to help,study was straightforward and easy,1,1,1,1,1,1,1,1,1,2,2,1,Options to Avoid,Sepsis AI suggests between one and three treatment options to consider avoiding. These options are identified based on the rates of mortality in the admission for similar patients that received each treatment.,6,This is the sixth and final case.,0,1,4,1,2,1,5,1,1,1,3,1,0,"Internal medicine, pulmonary",,"Academic, university affiliated",More than 50% but less than 95%,Mailing List,,
553,d1c39bac8ff0d66dfe8e791bd97fd3b675cf22fed1709834a0ece33201f38025,> 10 years,Proficient - deep understanding,87.773,98.572,98.575,6,Give up to 1 L of IV fluid.,Wean the existing vasopressor.,Somewhat confident,,,,,,,,,,,,,,,,,,22.11,37.098,37.108,4,Give neither IV fluids nor diuretics.,Do not give vasopressors.,Somewhat confident,Very satisfied,"Helped me form an initial assessment of the patient,Gave me an initial plan,Helped me decide between alternatives",,,,,,,,,52.123,66.416,66.424,4,Continue the diuretic.,Start a vasopressor.,Somewhat confident,Neutral,Prompted me to assess the patient further,,,,,,,,,53.731,69.972,69.985,4,Give a diuretic.,Continue both vasopressors.,Fairly confident,Very satisfied,Made me more confident in my plan,,,,,,,,,31.522,42.204,42.214,4,Give more than 1 L of IV fluid.,Start a vasopressor ONLY IF I ordered fluid and there is NO positive response in less than four hours.,Fairly confident,Satisfied,Made me more confident in my plan,,,,,,,,,32.44,43.503,43.512,4,Give neither IV fluids nor diuretics.,Start a vasopressor.,Somewhat confident,Very satisfied,"Helped me form an initial assessment of the patient,Helped me decide between alternatives,Made me more confident in my plan",,"Yes, I'll review two additional cases",Agree,Agree,Strongly agree,Agree,Strongly agree,simple direct suggestions,"initial plan; or when unclear next steps
also for training and teaching",,1,2,1,1,1,1,1,1,1,1,1,1,Recommended Treatment,Sepsis AI identifies the treatment plan that will lead to the lowest risk of mortality in this admission.,6,This is the sixth and final case.,3,1,3,1,4,1,1,1,0,1,2,1,5,Anesthesiology,,"Academic, university affiliated",More than 50% but less than 95%,Mailing List,,
1189,2c989695ed62cf998ba11914dbb69e9fc0252917a0fc63916030c4c21fcc5d79,> 10 years,Expert - authoritative knowledge,,,,,,,,167.102,210.99,211.001,4,Give a diuretic.,Wean the existing vasopressor.,Somewhat confident,Neutral,Affected my thinking in some other way (please describe):,MAP is too low despite normal lactate but Na is too low too. The decision is complex and needs steps not proposed by AI,,,,,,,,56.803,64.94,64.953,4,Give up to 1 L of IV fluid.,Start a vasopressor.,Fairly confident,Dissatisfied,Affected my thinking in some other way (please describe):,the mini-fluid challenge was not proposed,,,,,,,,136.019,147.787,147.792,4,Stop diuretics and don't give IV fluids.,Start a vasopressor.,Somewhat confident,Dissatisfied,Made me second-guess my plan,,,,,,,,,45.995,63.393,63.408,4,Give a diuretic.,Wean the secondary vasopressor.,Fairly confident,Neutral,Did not affect my thinking at all,,99.905,118,118.011,4,Give neither IV fluids nor diuretics.,Start a vasopressor.,Extremely confident,,,,,,,,,,,,,,,,,,40.471,52.863,52.873,4,Give neither IV fluids nor diuretics.,Start a vasopressor.,Fairly confident,Neutral,Did not affect my thinking at all,,"Yes, I'll review two additional cases",Somewhat disagree,Somewhat disagree,Neither agree nor disagree,Disagree,Neither agree nor disagree,Adjust the recommendations to the phases of sepsis following the 'ROSE' algorithm,"After the initial resuscitation phase, maintaining MAP first, consider fluid responsiveness and decide if it is time for a diuretic. AI should help assisting those steps in a coordinated fashion.",The recommendations of AI are too generic and not timely adjusted.,1,1,1,1,1,1,1,1,1,1,1,1,Options to Consider,Sepsis AI suggests between one and three treatment options to consider. These options are identified based on the rates of mortality in the admission for similar patients that received each treatment.,6,This is the sixth and final case.,0,1,1,1,4,1,2,1,5,1,0,1,3,"Internal medicine, pulmonary",,"Academic, not university affiliated",All or almost all (95% or more),Mailing List,,
857,508be831d8076d9c357f0c2418e5719a33f40ba123ef61264f6f44fb9e01b99c,3-5 years,Proficient - deep understanding,,,,,,,,75.57,106.3,106.315,5,Give up to 1 L of IV fluid.,Add another vasopressor ONLY IF I ordered fluid and there is NO positive response in less than four hours.,Fairly confident,Very dissatisfied,"Prompted me to consider an alternative plan,Made me second-guess my plan",,96.264,160.196,160.207,5,Give neither IV fluids nor diuretics.,Start a vasopressor.,Somewhat confident,,,,,,,,,,,,,,,,,,58.877,71.116,71.125,5,Stop diuretics and don't give IV fluids.,Start a vasopressor.,Somewhat confident,Dissatisfied,"Prompted me to consider an alternative plan,Made me second-guess my plan",,,,,,,,,112.125,130.554,130.573,4,Give neither IV fluids nor diuretics.,Continue both vasopressors.,Somewhat confident,Neutral,"Prompted me to consider an alternative plan,Made me second-guess my plan",,,,,,,,,65.874,76.137,76.143,4,Give up to 1 L of IV fluid.,Start a vasopressor.,Somewhat confident,Neutral,"Helped me form an initial assessment of the patient,Gave me an initial plan,Helped me decide between alternatives,Made me more confident in my plan",,,,,,,,,55.578,66.153,66.173,4,Give neither IV fluids nor diuretics.,Start a vasopressor.,Fairly confident,Satisfied,"Gave me an initial plan,Made me more confident in my plan",,"Yes, I'll review two additional cases",Disagree,Disagree,Disagree,Strongly disagree,Neither agree nor disagree,Recommendations were counter to what I have generally been taught regarding sepsis care,,,1,2,1,1,1,1,1,1,1,1,1,1,Recommended Treatment,Sepsis AI identifies the treatment plan that will lead to the lowest risk of mortality in this admission.,6,This is the sixth and final case.,2,1,0,1,2,1,5,1,1,1,4,1,3,Emergency medicine,,"Academic, not university affiliated",More than 50% but less than 95%,Mailing List,,
936,4e7fe7ad932d6231f16864a7d8f85edb905c5e8e2a1c96cf6632e863f86f5cdd,5-10 years,Proficient - deep understanding,,,,,,,,39.661,46.763,46.773,4,Give neither IV fluids nor diuretics.,Continue the existing vasopressor.,Fairly confident,Neutral,Made me more confident in my plan,,,,,,,,,144.872,155.866,155.878,4,Give a diuretic.,Start a vasopressor.,Fairly confident,Dissatisfied,"Prompted me to assess the patient further,Helped me decide between alternatives",,87.503,100.202,100.211,4,Stop diuretics and give up to 1 L of IV fluid.,Start a vasopressor ONLY IF I ordered fluid and there is NO positive response in less than four hours.,Fairly confident,,,,,,,,,,,,,,,,,,75.869,92.026,92.036,4,Give neither IV fluids nor diuretics.,Continue both vasopressors.,Fairly confident,Dissatisfied,"Made me more confident in my plan,Made me second-guess my plan",,,,,,,,,49.434,63.37,63.38,4,Give up to 1 L of IV fluid.,Start a vasopressor ONLY IF I ordered fluid and there is NO positive response in less than four hours.,Fairly confident,Satisfied,Made me more confident in my plan,,,,,,,,,151.627,156.857,156.866,4,Give neither IV fluids nor diuretics.,Start a vasopressor.,Somewhat confident,Very dissatisfied,Did not affect my thinking at all,,"Yes, I'll review two additional cases",Disagree,Disagree,Neither agree nor disagree,Disagree,Disagree,,,,1,1,1,1,1,1,1,1,1,1,1,1,Options to Avoid,Sepsis AI suggests between one and three treatment options to consider avoiding. These options are identified based on the rates of mortality in the admission for similar patients that received each treatment.,6,This is the sixth and final case.,0,1,5,1,3,1,0,1,1,1,2,1,4,"Internal medicine, pulmonary",,Community,All or almost all (95% or more),Mailing List,,
816,79894f268118d96d7a197035fbf7313efd1d9fec8e3fac1afff8d391c00e4dc3,> 10 years,Proficient - deep understanding,95.716,104.711,104.716,4,Give neither IV fluids nor diuretics.,Continue the existing vasopressor.,Somewhat confident,,,,,,,,,,,,,,,,,,85.458,106.392,106.398,4,Give a diuretic.,Start a vasopressor.,Somewhat confident,Very dissatisfied,Did not affect my thinking at all,,,,,,,,,,,,,,,,,,,,,,,,,,68.145,115.985,115.991,6,Give a diuretic.,Wean both existing vasopressors.,Somewhat confident,Dissatisfied,Did not affect my thinking at all,,,,,,,,,,,,,,,,,,,,,,,,,,109.577,133.03,133.037,4,Give neither IV fluids nor diuretics.,Start a vasopressor.,Somewhat confident,Very dissatisfied,Did not affect my thinking at all,,"No, take me to the final questions",Strongly disagree,Strongly disagree,Agree,Strongly disagree,Strongly disagree,"It is meaningless. The EHR that the model is trained on misses the insights from being in patient’s room which are more important but not necessarily recorded in the EHR, from POCUS to passive leg raising to arterial line and/or CVP waveforms and ventilator-circulation interactions",There is one but is business confidential and I can not share,Naive and disappointing from leaders in the field,1,1,1,1,,,1,2,,,1,1,Options to Avoid,Sepsis AI suggests between one and three treatment options to consider avoiding. These options are identified based on the rates of mortality in the admission for similar patients that received each treatment.,4,This is the fifth case.,2,1,2,1,1,,,1,3,,,1,0,"Internal medicine, pulmonary",,"Academic, not university affiliated",More than 50% but less than 95%,Mailing List,,
985,aea15fd1c135b096c4df7ff6d506183ec0197c70d2e4e184c717b4812e8e46c7,> 10 years,Proficient - deep understanding,,,,,,,,95.216,125.504,125.51,4,Give up to 1 L of IV fluid.,Continue the existing vasopressor.,Fairly confident,Dissatisfied,Made me second-guess my plan,,,,,,,,,63.13,75.562,75.568,4,Give up to 1 L of IV fluid.,Start a vasopressor.,Fairly confident,Neutral,Made me second-guess my plan,,,,,,,,,96.817,135.681,135.691,4,Stop diuretics and give more than 1 L of IV fluid.,Start a vasopressor ONLY IF I ordered fluid and there is NO positive response in less than four hours.,Fairly confident,Neutral,Helped me decide between alternatives,,,,,,,,,152.283,180.595,180.607,4,Give up to 1 L of IV fluid.,Wean one or both vasopressors ONLY IF I ordered fluid and there is a positive response in less than four hours.,Fairly confident,Neutral,Did not affect my thinking at all,,45.585,73.657,73.67,4,Give more than 1 L of IV fluid.,Start a vasopressor.,Fairly confident,,,,,,,,,,,,,,,,,,65.878,105.83,105.845,4,Give more than 1 L of IV fluid.,Start a vasopressor.,Fairly confident,Neutral,Made me second-guess my plan,,"Yes, I'll review two additional cases",Neither agree nor disagree,Neither agree nor disagree,Neither agree nor disagree,Neither agree nor disagree,Somewhat agree,,,,1,1,1,1,1,1,1,1,1,1,1,1,Options to Consider,Sepsis AI suggests between one and three treatment options to consider. These options are identified based on the rates of mortality in the admission for similar patients that received each treatment.,6,This is the sixth and final case.,1,1,4,1,5,1,0,1,2,1,1,1,3,Other (please indicate),Critical Care Medicine,Community,All or almost all (95% or more),Mailing List,,
1658,b1421ccd05384f9909ba324fee34f1b7e77a8faf1d9a55f20eb35493d297d675,> 10 years,Expert - authoritative knowledge,,,,,,,,147.075,195.742,195.753,6,Give up to 1 L of IV fluid.,Wean the existing vasopressor ONLY IF I ordered fluid and there is a positive response in less than four hours.,Fairly confident,Dissatisfied,"Prompted me to assess the patient further,Prompted me to consider an alternative plan",,,,,,,,,91.939,102.994,103.004,4,Give a diuretic.,Start a vasopressor.,Fairly confident,Dissatisfied,"Gave me an initial plan,Affected my thinking in some other way (please describe):",I felt that the offered plan was not comprehensive enough ,61.378,138.909,138.923,7,Stop diuretics and don't give IV fluids.,Start a vasopressor.,Fairly confident,,,,,,,,,,,,,,,,,,105.395,123.443,123.453,4,Give a diuretic.,Wean the secondary vasopressor.,Extremely confident,Very satisfied,Gave me an initial plan,,,,,,,,,81.901,103.858,103.873,4,Give up to 1 L of IV fluid.,Start a vasopressor ONLY IF I ordered fluid and there is NO positive response in less than four hours.,Fairly confident,Satisfied,"Gave me an initial plan,Affected my thinking in some other way (please describe):","Made me wonder if Sepsis AI would re-evaluate the patient as I would, and then offer next steps or alternatives? ",,,,,,,,114.858,124.362,124.374,4,Give neither IV fluids nor diuretics.,Start a vasopressor.,Extremely confident,Very satisfied,Gave me an initial plan,,"Yes, I'll review two additional cases",Somewhat disagree,Somewhat disagree,Somewhat agree,Somewhat agree,Neither agree nor disagree,"Firstly, sorry if I didn't answer the questions correctly about how Sepsis AI influenced me. I said it provided an initial plan largely of I agreed with the plan. I felt that it should be clearer whether or not the AI would re-evaluate the offered plan. The plan did not always seem sufficiently comprehensive. I generally felt more confident in my plan than the AI's plan. ","If it is sufficiently comprehensive and can revise it's evaluation based on changes in clinical status, the AI could offer support for a busy service where changes in patient status may not be immediately reported to me as the provider. Otherwise, it could be used to provide support to less experienced providers. ",Please see above. ,2,1,1,1,3,1,1,1,1,1,1,1,Recommended Treatment,Sepsis AI identifies the treatment plan that will lead to the lowest risk of mortality in this admission.,6,This is the sixth and final case.,3,1,2,1,1,1,3,1,4,1,0,1,5,"Internal medicine, pulmonary",,"Academic, university affiliated",Less than 50%,Mailing List,,
406,400e28db369eed2252659817a90fa8647cef93e57ec44cd50b8efa71378b1f25,> 10 years,Expert - authoritative knowledge,,,,,,,,32.092,44.561,44.568,6,Give neither IV fluids nor diuretics.,Add another vasopressor.,Extremely confident,Very dissatisfied,Did not affect my thinking at all,,,,,,,,,10.358,70.841,70.853,11,Give neither IV fluids nor diuretics.,Start a vasopressor.,Extremely confident,Very dissatisfied,Did not affect my thinking at all,,42.159,53.011,53.018,5,Stop diuretics and don't give IV fluids.,Start a vasopressor.,Fairly confident,,,,,,,,,,,,,,,,,,67.493,86.46,86.468,4,Give a diuretic.,Continue both vasopressors.,Fairly confident,Dissatisfied,Did not affect my thinking at all,,,,,,,,,,,,,,,,,,,,,,,,,,,,,,,,,,,,"No, take me to the final questions",Strongly disagree,Strongly disagree,Disagree,Strongly disagree,Strongly disagree,,,,1,2,1,1,1,1,1,1,,,,,Recommended Treatment,Sepsis AI identifies the treatment plan that will lead to the lowest risk of mortality in this admission.,4,This is the fifth case.,2,1,3,1,1,1,2,1,0,,,,,Anesthesiology,,"Academic, university affiliated",All or almost all (95% or more),Mailing List,,
483,f868557b371ccce32b58f4b5c5bd8b045e00e27a3c23e46a4e950e9eae6c8009,> 10 years,Expert - authoritative knowledge,,,,,,,,40.552,49.008,49.015,4,Give neither IV fluids nor diuretics.,Wean the existing vasopressor.,Fairly confident,Neutral,Did not affect my thinking at all,,,,,,,,,,,,,,,,,,,,,,,,,,24.839,29.669,29.683,5,Stop diuretics and give up to 1 L of IV fluid.,Start a vasopressor ONLY IF I ordered fluid and there is NO positive response in less than four hours.,Somewhat confident,Neutral,Did not affect my thinking at all,,,,,,,,,,,,,,,,,,,21.531,25.479,25.484,4,Give neither IV fluids nor diuretics.,Start a vasopressor.,Somewhat confident,,,,,,,,,,,,,,,,,,38.729,42.855,42.862,4,Give neither IV fluids nor diuretics.,Start a vasopressor.,Fairly confident,Neutral,Did not affect my thinking at all,,"No, take me to the final questions",Neither agree nor disagree,Neither agree nor disagree,Somewhat agree,Agree,Somewhat agree,didn't findit to be too useful - lactate really would help it more,probably interpreting the data from nicom or echo to determine possibility of volume responsivemess,,1,1,,,1,2,,,1,1,1,1,Options to Consider,Sepsis AI suggests between one and three treatment options to consider. These options are identified based on the rates of mortality in the admission for similar patients that received each treatment.,4,This is the fifth case.,3,1,0,,,1,2,,,1,3,1,1,"Internal medicine, pulmonary",,"Academic, university affiliated",More than 50% but less than 95%,Mailing List,,
1420,9ad9032182eff285fa486a2d5d8005e58bd29772730ecb092d9f1e7f1e52a239,> 10 years,Proficient - deep understanding,,,,,,,,,,,,,,,,,,,,,,,,,127.286,274.003,274.011,5,Give neither IV fluids nor diuretics.,Start a vasopressor.,Fairly confident,Neutral,"Made me second-guess my plan,Affected my thinking in some other way (please describe):",made me doubt my plan,,,,,,,,,,,,,,,,,,160.88,221.242,221.25,6,Give a diuretic.,Continue both vasopressors.,Fairly confident,,,,,,,,,,,,,,,,,,88.922,129.148,129.157,5,Give up to 1 L of IV fluid.,Start a vasopressor ONLY IF I ordered fluid and there is NO positive response in less than four hours.,Fairly confident,Dissatisfied,"Made me second-guess my plan,Affected my thinking in some other way (please describe):",made me doubt my plan,,,,,,,,81.532,144.266,144.272,5,Give up to 1 L of IV fluid.,Start a vasopressor.,Fairly confident,Dissatisfied,"Made me second-guess my plan,Affected my thinking in some other way (please describe):",made me doubt my plan,"No, take me to the final questions",Disagree,Neither agree nor disagree,Disagree,Disagree,Disagree,"limited answer choices, clinical at bedside takes many more things into consideration",ideal role of AI would be if could fully input all data and adjust treatment options,,,,1,1,,,2,2,2,1,2,1,Options to Avoid,Sepsis AI suggests between one and three treatment options to consider avoiding. These options are identified based on the rates of mortality in the admission for similar patients that received each treatment.,4,This is the fifth case.,0,,,1,1,,,1,0,1,3,1,2,"Internal medicine, not pulmonary",,Community,All or almost all (95% or more),Mailing List,,
458,9e36e33835d0e9fc2e4f834ebf1b94e6676801866ea60f15fe544ee7c54fee82,> 10 years,Expert - authoritative knowledge,,,,,,,,104.985,151.526,151.54,4,Give up to 1 L of IV fluid.,Continue the existing vasopressor.,Fairly confident,Neutral,Made me second-guess my plan,,,,,,,,,,,,,,,,,,,49.843,62.277,62.295,4,Stop diuretics and don't give IV fluids.,Start a vasopressor.,Somewhat confident,,,,,,,,,,,,,,,,,,,,,,,,,,,,,,,,,,,36.904,48.217,48.22,4,Give up to 1 L of IV fluid.,Start a vasopressor ONLY IF I ordered fluid and there is NO positive response in less than four hours.,Fairly confident,Neutral,Made me second-guess my plan,,,,,,,,,71.971,78.163,78.166,5,Give up to 1 L of IV fluid.,Start a vasopressor.,Fairly confident,Neutral,Made me second-guess my plan,,"No, take me to the final questions",Disagree,Disagree,Somewhat agree,Somewhat disagree,Somewhat disagree,Not really.  The plan did not give any additional insight,Needs to be more specific for me to use,,1,1,,,1,1,,,1,1,1,1,Options to Consider,Sepsis AI suggests between one and three treatment options to consider. These options are identified based on the rates of mortality in the admission for similar patients that received each treatment.,4,This is the fifth case.,1,1,0,,,1,1,,,1,2,1,3,"Internal medicine, pulmonary",,Community,All or almost all (95% or more),Mailing List,,
3877,ec9afad1738e44cf7900e19a52c80148f6626531205436a3a73f04afed49e824,> 10 years,Expert - authoritative knowledge,,,,,,,,,,,,,,,,,,,,,,,,,2.808,106.314,106.329,7,Give neither IV fluids nor diuretics.,Start a vasopressor.,Somewhat confident,Satisfied,Helped me decide between alternatives,,,,,,,,,,,,,,,,,,,3.146,126.493,126.509,7,Give neither IV fluids nor diuretics.,Continue both vasopressors.,Somewhat confident,,,,,,,,,,,,,,,,,,6.56,244.807,244.825,15,Give up to 1 L of IV fluid.,Start a vasopressor ONLY IF I ordered fluid and there is NO positive response in less than four hours.,Fairly confident,Satisfied,"Prompted me to consider an alternative plan,Helped me decide between alternatives,Made me more confident in my plan",,,,,,,,,32.334,315.136,315.15,9,Give neither IV fluids nor diuretics.,Start a vasopressor.,Fairly confident,Very satisfied,"Helped me form an initial assessment of the patient,Prompted me to consider an alternative plan,Made me more confident in my plan",,"No, take me to the final questions",Somewhat agree,Agree,Neither agree nor disagree,Somewhat agree,Agree,,,,,,1,1,,,1,1,1,1,,1,Options to Avoid,Sepsis AI suggests between one and three treatment options to consider avoiding. These options are identified based on the rates of mortality in the admission for similar patients that received each treatment.,4,This is the fifth case.,2,,,1,3,,,1,2,1,1,1,0,"Internal medicine, not pulmonary",,Community,All or almost all (95% or more),Mailing List,,
901,731eae813be1216914484db532c9c03faf42712e73dd86014dce4e61ac857002,> 10 years,Proficient - deep understanding,79.675,87.921,87.928,4,Give up to 1 L of IV fluid.,Add another vasopressor ONLY IF I ordered fluid and there is NO positive response in less than four hours.,Fairly confident,,,,,,,,,,,,,,,,,,109.9,168.505,168.513,4,Give neither IV fluids nor diuretics.,Start a vasopressor.,Fairly confident,Dissatisfied,Made me second-guess my plan,,,,,,,,,141.14,149.05,149.059,4,Continue the diuretic.,Start a vasopressor.,Somewhat confident,Dissatisfied,"Prompted me to assess the patient further,Prompted me to consider an alternative plan",,,,,,,,,68.887,99.061,99.069,4,Give a diuretic.,Continue both vasopressors.,Somewhat confident,Neutral,Prompted me to consider an alternative plan,,,,,,,,,45.515,52.382,52.39,4,Give up to 1 L of IV fluid.,Start a vasopressor ONLY IF I ordered fluid and there is NO positive response in less than four hours.,Fairly confident,Satisfied,Made me more confident in my plan,,,,,,,,,63.681,70.762,70.771,4,Give neither IV fluids nor diuretics.,Start a vasopressor.,Fairly confident,Satisfied,Gave me an initial plan,,"Yes, I'll review two additional cases",Disagree,Neither agree nor disagree,Somewhat agree,Somewhat disagree,Neither agree nor disagree,,,,1,1,1,1,1,1,1,1,1,1,1,1,Recommended Treatment,Sepsis AI identifies the treatment plan that will lead to the lowest risk of mortality in this admission.,6,This is the sixth and final case.,3,1,3,1,0,1,2,1,1,1,5,1,4,"Internal medicine, pulmonary",,"Academic, university affiliated",Less than 50%,Mailing List,,
684,d2c93dd31b53230c0f8676504d5f601c473c24f32d7e53f3f0ed4efcc668921b,> 10 years,Expert - authoritative knowledge,,,,,,,,81.795,121.435,121.444,6,Give more than 1 L of IV fluid.,Wean the existing vasopressor ONLY IF I ordered fluid and there is a positive response in less than four hours.,Slightly confident,Dissatisfied,Did not affect my thinking at all,,,,,,,,,62.9,67.125,67.138,4,Give neither IV fluids nor diuretics.,Start a vasopressor.,Slightly confident,Neutral,"Helped me form an initial assessment of the patient,Prompted me to assess the patient further,Gave me an initial plan,Prompted me to consider an alternative plan",,,,,,,,,50.658,56.331,56.333,4,Stop diuretics and give more than 1 L of IV fluid.,Start a vasopressor.,Slightly confident,Dissatisfied,Did not affect my thinking at all,,54.305,97.834,97.837,4,Give neither IV fluids nor diuretics.,Wean the secondary vasopressor.,Slightly confident,,,,,,,,,,,,,,,,,,33.665,39.459,39.468,4,Give more than 1 L of IV fluid.,Start a vasopressor.,Slightly confident,Neutral,"Helped me form an initial assessment of the patient,Prompted me to assess the patient further,Gave me an initial plan,Prompted me to consider an alternative plan",,,,,,,,,53.998,71.881,71.889,5,Give up to 1 L of IV fluid.,Start a vasopressor.,Slightly confident,Neutral,"Helped me form an initial assessment of the patient,Prompted me to assess the patient further,Gave me an initial plan,Prompted me to consider an alternative plan",,"Yes, I'll review two additional cases",Somewhat agree,Neither agree nor disagree,Strongly agree,Strongly disagree,Neither agree nor disagree,,,,3,1,1,1,1,1,1,1,1,1,2,1,Recommended Treatment,Sepsis AI identifies the treatment plan that will lead to the lowest risk of mortality in this admission.,6,This is the sixth and final case.,1,1,3,1,4,1,5,1,1,1,2,1,0,"Internal medicine, pulmonary",,"Academic, university affiliated",Less than 50%,Mailing List,,
1351,aeddb5465114c4926966d2d00f83f71a802c2837a8e136881bfce0c40e7c9c18,> 10 years,Proficient - deep understanding,,,,,,,,,,,,,,,,,,,,,,,,,56.28,63.881,63.883,4,Give up to 1 L of IV fluid.,Start a vasopressor.,Fairly confident,Neutral,Prompted me to consider an alternative plan,,41.833,82.048,82.054,4,Stop diuretics and don't give IV fluids.,Start a vasopressor.,Fairly confident,,,,,,,,,,,,,,,,,,968.765,982.681,982.684,4,Give neither IV fluids nor diuretics.,Continue both vasopressors.,Somewhat confident,Neutral,Prompted me to consider an alternative plan,,,,,,,,,,,,,,,,,,,,,,,,,,62.609,68.326,68.331,5,Give neither IV fluids nor diuretics.,Start a vasopressor.,Extremely confident,Dissatisfied,Prompted me to consider an alternative plan,,"No, take me to the final questions",Disagree,Disagree,Neither agree nor disagree,Disagree,Disagree,Gives options that I would not consider in real life.,,,,,1,1,1,1,1,1,,,1,1,Options to Consider,Sepsis AI suggests between one and three treatment options to consider. These options are identified based on the rates of mortality in the admission for similar patients that received each treatment.,4,This is the fifth case.,0,,,1,2,1,0,1,3,,,1,1,"Internal medicine, pulmonary",,"Academic, university affiliated",More than 50% but less than 95%,Mailing List,,
1587,5aa6b335bcea6e6af88e832bee921496acbb948e4d459b52e2c0ede062e7605a,> 10 years,Expert - authoritative knowledge,,,,,,,,113.212,151.381,151.4,4,Give neither IV fluids nor diuretics.,Continue the existing vasopressor.,Fairly confident,Neutral,Prompted me to assess the patient further,,76.482,141.642,141.65,4,Give neither IV fluids nor diuretics.,Start a vasopressor.,Fairly confident,,,,,,,,,,,,,,,,,,136.642,152.746,152.76,4,Continue the diuretic.,Start a vasopressor.,Fairly confident,Satisfied,Made me more confident in my plan,,,,,,,,,65.602,83.571,83.586,4,Give a diuretic.,Continue both vasopressors.,Fairly confident,Satisfied,Made me more confident in my plan,,,,,,,,,55.211,87.339,87.348,5,Give up to 1 L of IV fluid.,Start a vasopressor.,Fairly confident,Neutral,Did not affect my thinking at all,,,,,,,,,93.684,99.572,99.582,4,Give neither IV fluids nor diuretics.,Start a vasopressor.,Fairly confident,Satisfied,Made me more confident in my plan,,"Yes, I'll review two additional cases",Somewhat agree,Somewhat agree,Agree,Somewhat disagree,Neither agree nor disagree,I would rather it offers me options of management that would IMPROVE survival. Then I can choose amongst the treatment plans. ,"Artificial Intelligence can help with risk stratifications such as it patient can go to floor, imc or ICU. ",I am intrigued by this study and hope to participate further to assist in perfecting this tool for our use. ,1,1,1,1,1,1,1,1,1,1,1,1,Options to Avoid,Sepsis AI suggests between one and three treatment options to consider avoiding. These options are identified based on the rates of mortality in the admission for similar patients that received each treatment.,6,This is the sixth and final case.,1,1,2,1,1,1,0,1,5,1,3,1,4,"Internal medicine, pulmonary",,Community,All or almost all (95% or more),Mailing List,,
521,839dadbd27a88008513527da23d576efcfcaee434141bf99cebede9c5b51fe78,> 10 years,Expert - authoritative knowledge,23.235,43.681,43.694,4,Give up to 1 L of IV fluid.,Wean the existing vasopressor.,Slightly confident,,,,,,,,,,,,,,,,,,,,,,,,,,,,,,,,,,,,,,,,,,,,,,,,,,,,61.388,71.828,71.834,4,Give a diuretic.,Wean the secondary vasopressor.,Slightly confident,Neutral,Prompted me to consider an alternative plan,,,,,,,,,77.366,87.656,87.659,4,Give more than 1 L of IV fluid.,Start a vasopressor ONLY IF I ordered fluid and there is NO positive response in less than four hours.,Somewhat confident,Neutral,Made me more confident in my plan,,,,,,,,,17.425,28.542,28.549,4,Give a diuretic.,Start a vasopressor.,Somewhat confident,Neutral,Helped me decide between alternatives,,"No, take me to the final questions",Disagree,Somewhat disagree,Disagree,Somewhat disagree,Disagree,,,,1,1,,,,,1,1,1,1,1,1,Options to Avoid,Sepsis AI suggests between one and three treatment options to consider avoiding. These options are identified based on the rates of mortality in the admission for similar patients that received each treatment.,4,This is the fifth case.,0,1,0,,,,,1,1,1,3,1,2,"Internal medicine, pulmonary",,"Academic, university affiliated",More than 50% but less than 95%,Mailing List,,
1049,4c029ced423d1dd7246f8c0ac698eb36cefffd3042017d46c8581020296ab8dd,> 10 years,Expert - authoritative knowledge,,,,,,,,108.07,139.637,139.648,5,Give up to 1 L of IV fluid.,Add another vasopressor.,Somewhat confident,Dissatisfied,"Prompted me to assess the patient further,Gave me an initial plan,Prompted me to consider an alternative plan,Made me second-guess my plan",,,,,,,,,62.823,69.855,69.87,4,Give neither IV fluids nor diuretics.,Start a vasopressor.,Fairly confident,Dissatisfied,"Helped me form an initial assessment of the patient,Prompted me to assess the patient further,Gave me an initial plan,Prompted me to consider an alternative plan,Made me second-guess my plan",,60.594,70.19,70.194,8,Stop diuretics and don't give IV fluids.,Start a vasopressor.,Somewhat confident,,,,,,,,,,,,,,,,,,134.822,158.031,158.048,4,Give a diuretic.,"Wean the secondary vasopressor now, and wean the other vasopressor ONLY IF I ordered fluid and there is a positive response in less than four hours.",Somewhat confident,Dissatisfied,"Prompted me to assess the patient further,Gave me an initial plan,Prompted me to consider an alternative plan,Made me second-guess my plan",,,,,,,,,46.692,73.12,73.138,4,Give up to 1 L of IV fluid.,Start a vasopressor ONLY IF I ordered fluid and there is NO positive response in less than four hours.,Extremely confident,Dissatisfied,"Gave me an initial plan,Made me second-guess my plan",,,,,,,,,104.913,185.387,185.401,4,Give a diuretic.,Start a vasopressor.,Somewhat confident,Neutral,"Gave me an initial plan,Prompted me to consider an alternative plan,Made me second-guess my plan",,"Yes, I'll review two additional cases",Somewhat disagree,Disagree,Somewhat disagree,Disagree,Disagree,"it proposed treatment options, but they often seemed on opposite sides of the spectrum (fluids vs diuresis) which i think is conclusion/task focused and skips the pathophysiology assessment of the patient.","broadening differential, identifying high risk diagnoses that might otherwise be overlooked because of biases. ","not sure how it determined mortality risk, so it was ignored.",1,2,1,1,1,1,1,1,1,1,1,1,Options to Consider,Sepsis AI suggests between one and three treatment options to consider. These options are identified based on the rates of mortality in the admission for similar patients that received each treatment.,6,This is the sixth and final case.,3,1,4,1,2,1,3,1,5,1,0,1,1,Other (please indicate),pulmonary and critical care fellow,"Academic, university affiliated",More than 50% but less than 95%,Mailing List,,
1354,e41e0ab7a1b4ae6d83b87252017e1c96bc70f45dc03db42f2b19d931de96f567,> 10 years,Expert - authoritative knowledge,,,,,,,,137.467,158.079,158.095,4,Give neither IV fluids nor diuretics.,Continue the existing vasopressor.,Somewhat confident,Dissatisfied,"Prompted me to consider an alternative plan,Made me second-guess my plan",,,,,,,,,119.317,126.499,126.515,4,Give neither IV fluids nor diuretics.,Start a vasopressor.,Somewhat confident,Neutral,"Helped me form an initial assessment of the patient,Prompted me to assess the patient further,Prompted me to consider an alternative plan,Made me second-guess my plan",,,,,,,,,135.611,167.147,167.157,4,Continue the diuretic.,Start a vasopressor.,Somewhat confident,Neutral,"Prompted me to consider an alternative plan,Made me second-guess my plan",,,,,,,,,109.792,120.442,120.455,4,Give a diuretic.,Wean the secondary vasopressor.,Fairly confident,Satisfied,"Helped me form an initial assessment of the patient,Prompted me to assess the patient further,Gave me an initial plan,Helped me decide between alternatives,Made me more confident in my plan",,86.485,95.628,95.641,4,Give more than 1 L of IV fluid.,Start a vasopressor.,Slightly confident,,,,,,,,,,,,,,,,,,135.989,151.324,151.339,4,Give neither IV fluids nor diuretics.,Start a vasopressor.,Fairly confident,Satisfied,"Helped me form an initial assessment of the patient,Prompted me to consider an alternative plan,Helped me decide between alternatives,Made me more confident in my plan",,"Yes, I'll review two additional cases",Disagree,Somewhat agree,Agree,Disagree,Somewhat agree,Simplified clinical decisions,"Even though Sepsis AI found 100 patients our of many thousand who were like my patients, the response to treatment needs to be followed as conditions change, often unpredictably. Single decisions without a follow up plan seems inadequate",,1,1,1,1,1,1,1,1,1,1,1,1,Recommended Treatment,Sepsis AI identifies the treatment plan that will lead to the lowest risk of mortality in this admission.,6,This is the sixth and final case.,3,1,2,1,5,1,0,1,4,1,3,1,1,"Internal medicine, pulmonary",,"Academic, university affiliated",All or almost all (95% or more),Mailing List,,
879,2d2a03146194d05f66fec46e89b83fc12da51b926c5f7ae9e42c146a05563f70,> 10 years,Expert - authoritative knowledge,,,,,,,,117.044,144.481,144.486,4,Give up to 1 L of IV fluid.,Add another vasopressor.,Extremely confident,Satisfied,Made me more confident in my plan,,,,,,,,,122.517,143.92,143.925,4,Give neither IV fluids nor diuretics.,Start a vasopressor.,Extremely confident,Satisfied,Did not affect my thinking at all,,,,,,,,,98.164,118.496,118.501,4,Stop diuretics and give up to 1 L of IV fluid.,Start a vasopressor.,Extremely confident,Satisfied,Made me more confident in my plan,,55.741,84.067,84.072,4,Give a diuretic.,Continue both vasopressors.,Extremely confident,,,,,,,,,,,,,,,,,,43.693,49.404,49.41,5,Give neither IV fluids nor diuretics.,Start a vasopressor.,Extremely confident,Satisfied,Did not affect my thinking at all,,,,,,,,,123.946,132.014,132.019,4,Give neither IV fluids nor diuretics.,Start a vasopressor.,Extremely confident,Satisfied,Did not affect my thinking at all,,"Yes, I'll review two additional cases",Disagree,Neither agree nor disagree,Somewhat disagree,Neither agree nor disagree,Somewhat agree,,,,1,1,1,1,1,1,1,1,1,1,1,1,Options to Consider,Sepsis AI suggests between one and three treatment options to consider. These options are identified based on the rates of mortality in the admission for similar patients that received each treatment.,6,This is the sixth and final case.,1,1,2,1,0,1,3,1,1,1,5,1,4,"Internal medicine, pulmonary",,Community,All or almost all (95% or more),Mailing List,,
841,698e9da4e03b4ed40c81d5cd792a42830e4bcee1f41f9f94e0e4be506e090453,> 10 years,Proficient - deep understanding,,,,,,,,81.148,95.592,95.602,4,Give neither IV fluids nor diuretics.,Continue the existing vasopressor.,Fairly confident,Neutral,Prompted me to consider an alternative plan,,,,,,,,,95.717,108.963,108.981,4,Give more than 1 L of IV fluid.,Start a vasopressor ONLY IF I ordered fluid and there is NO positive response in less than four hours.,Fairly confident,Neutral,Did not affect my thinking at all,,,,,,,,,101.408,110.518,110.528,4,Stop diuretics and don't give IV fluids.,Start a vasopressor.,Extremely confident,Dissatisfied,Did not affect my thinking at all,,,,,,,,,84.183,126.215,126.228,4,Give neither IV fluids nor diuretics.,Wean the secondary vasopressor.,Somewhat confident,Neutral,Prompted me to consider an alternative plan,,,,,,,,,45.202,54.419,54.432,4,Give more than 1 L of IV fluid.,Start a vasopressor ONLY IF I ordered fluid and there is NO positive response in less than four hours.,Fairly confident,Satisfied,Did not affect my thinking at all,,62.194,74.539,74.545,4,Give up to 1 L of IV fluid.,Start a vasopressor.,Fairly confident,,,,,,,,,,,"Yes, I'll review two additional cases",Strongly disagree,Somewhat agree,Somewhat disagree,Somewhat disagree,Neither agree nor disagree,The way the answers were phrased in the negative was confusing. ,Giving a recommendation would be better than listing alternatives that don't work,,1,1,1,1,1,1,1,1,1,1,1,1,Options to Avoid,Sepsis AI suggests between one and three treatment options to consider avoiding. These options are identified based on the rates of mortality in the admission for similar patients that received each treatment.,6,This is the sixth and final case.,2,1,4,1,0,1,5,1,1,1,3,1,2,"Internal medicine, pulmonary",,Community,More than 50% but less than 95%,Mailing List,,
476,1963736e7e2db92c255f45694b58a66140d5b3b7a7c266adddf03dd255a0a9cc,> 10 years,Expert - authoritative knowledge,,,,,,,,18.761,29.616,29.634,4,Give up to 1 L of IV fluid.,Continue the existing vasopressor.,Fairly confident,Dissatisfied,Prompted me to consider an alternative plan,,,,,,,,,16.562,33.097,33.112,4,Give up to 1 L of IV fluid.,Start a vasopressor.,Fairly confident,Dissatisfied,Prompted me to assess the patient further,,,,,,,,,41.679,61.1,61.104,4,Stop diuretics and give up to 1 L of IV fluid.,Start a vasopressor ONLY IF I ordered fluid and there is NO positive response in less than four hours.,Fairly confident,Dissatisfied,Prompted me to consider an alternative plan,,78.073,93.077,93.09,4,Give a diuretic.,Continue both vasopressors.,Fairly confident,,,,,,,,,,,,,,,,,,44.097,56.283,56.288,4,Give more than 1 L of IV fluid.,Start a vasopressor.,Fairly confident,Satisfied,Made me more confident in my plan,,,,,,,,,26.438,32.837,32.855,4,Give neither IV fluids nor diuretics.,Start a vasopressor.,Extremely confident,Satisfied,Gave me an initial plan,,"Yes, I'll review two additional cases",Neither agree nor disagree,Neither agree nor disagree,Agree,Disagree,Somewhat agree,"useful as it framed the issue, but not useful as some recommendations were not appropriate",minimal until it improves further,,1,1,1,1,1,1,1,1,1,1,1,1,Recommended Treatment,Sepsis AI identifies the treatment plan that will lead to the lowest risk of mortality in this admission.,6,This is the sixth and final case.,0,1,3,1,4,1,2,1,0,1,1,1,5,Surgery,,"Academic, not university affiliated",All or almost all (95% or more),Mailing List,,
2797,194bc0663d853a99c82404c603a875d940bf832c0a94c9d43693c54de5e7069f,> 10 years,Proficient - deep understanding,,,,,,,,73.83,115.531,115.538,7,Give more than 1 L of IV fluid.,Continue the existing vasopressor.,Fairly confident,Neutral,Did not affect my thinking at all,,,,,,,,,109.16,116.742,116.75,5,Give up to 1 L of IV fluid.,Start a vasopressor.,Fairly confident,Neutral,Did not affect my thinking at all,,,,,,,,,67.133,172.734,172.75,4,Continue the diuretic.,Start a vasopressor.,Fairly confident,Satisfied,Prompted me to assess the patient further,,,,,,,,,91.346,121.941,121.949,6,Give a diuretic.,Continue both vasopressors.,Fairly confident,Neutral,Did not affect my thinking at all,,,,,,,,,55.473,63.522,63.532,5,Give more than 1 L of IV fluid.,Start a vasopressor ONLY IF I ordered fluid and there is NO positive response in less than four hours.,Fairly confident,Neutral,Did not affect my thinking at all,,83.904,95.676,95.687,4,Give up to 1 L of IV fluid.,Start a vasopressor.,Fairly confident,,,,,,,,,,,"Yes, I'll review two additional cases",Somewhat agree,Somewhat agree,Somewhat agree,Disagree,Somewhat agree,,,,1,1,1,1,1,1,1,1,1,1,1,1,Options to Avoid,Sepsis AI suggests between one and three treatment options to consider avoiding. These options are identified based on the rates of mortality in the admission for similar patients that received each treatment.,6,This is the sixth and final case.,0,1,4,1,3,1,5,1,2,1,1,1,0,"Internal medicine, pulmonary",,Community,More than 50% but less than 95%,Mailing List,,
272,9b886148be9a8fa4076f2e55eb280b1ace55191b6963090c39c427f2382202a2,> 10 years,Proficient - deep understanding,,,,,,,,44.619,50.291,50.297,4,Give neither IV fluids nor diuretics.,Continue the existing vasopressor.,Somewhat confident,Satisfied,"Prompted me to consider an alternative plan,Helped me decide between alternatives",,,,,,,,,34.952,41.088,41.09,5,Give neither IV fluids nor diuretics.,Start a vasopressor.,Somewhat confident,Neutral,Prompted me to assess the patient further,,,,,,,,,43.788,53.197,53.204,4,Stop diuretics and give up to 1 L of IV fluid.,Start a vasopressor ONLY IF I ordered fluid and there is NO positive response in less than four hours.,Fairly confident,Satisfied,"Helped me form an initial assessment of the patient,Helped me decide between alternatives",,,,,,,,,,,,,,,,,,,,,,,,,,,,,,,,,,,,34.833,39.898,39.906,4,Give neither IV fluids nor diuretics.,Start a vasopressor.,Somewhat confident,,,,,,,,,,,"No, take me to the final questions",Somewhat agree,Somewhat agree,Agree,Agree,Agree,,,,1,1,1,1,1,1,,,,,1,1,Options to Consider,Sepsis AI suggests between one and three treatment options to consider. These options are identified based on the rates of mortality in the admission for similar patients that received each treatment.,4,This is the fifth case.,3,1,2,1,1,1,0,,,,,1,3,"Internal medicine, pulmonary",,Community,All or almost all (95% or more),Mailing List,,
915,054bdee5b0250639f48110e9d75f0415f4cd3186d61d0e0aec96db06dd039117,> 10 years,Expert - authoritative knowledge,,,,,,,,,,,,,,,,,,,,,,,,,,,,,,,,,,,,,,,,,,108.144,125.398,125.414,4,Stop diuretics and give up to 1 L of IV fluid.,Start a vasopressor ONLY IF I ordered fluid and there is NO positive response in less than four hours.,Fairly confident,Satisfied,Did not affect my thinking at all,,202.244,227.587,227.605,4,Give neither IV fluids nor diuretics.,Continue both vasopressors.,Fairly confident,,,,,,,,,,,,,,,,,,80.273,91.989,92.005,4,Give neither IV fluids nor diuretics.,Start a vasopressor.,Extremely confident,Very dissatisfied,Did not affect my thinking at all,,,,,,,,,122.098,131.586,131.592,4,Give neither IV fluids nor diuretics.,Start a vasopressor.,Extremely confident,Neutral,Did not affect my thinking at all,,"No, take me to the final questions",Strongly disagree,Disagree,Neither agree nor disagree,Disagree,Strongly disagree,,,"key element for intervention in these cases is evaluation of patient's volume status which was focused on O2 sat and CXR. While both are important, they are inadequate",,,,,1,1,1,1,1,1,1,1,Options to Consider,Sepsis AI suggests between one and three treatment options to consider. These options are identified based on the rates of mortality in the admission for similar patients that received each treatment.,4,This is the fifth case.,1,,,,,1,3,1,1,1,0,1,2,"Internal medicine, pulmonary",,Community,All or almost all (95% or more),Mailing List,,
1112,44f7bdca7b822e81972f99105744c15b869a82101041b132e01b0a9e53ea6720,> 10 years,Expert - authoritative knowledge,,,,,,,,167.928,203.825,203.834,5,Give more than 1 L of IV fluid.,Wean the existing vasopressor ONLY IF I ordered fluid and there is a positive response in less than four hours.,Fairly confident,Dissatisfied,"Prompted me to assess the patient further,Prompted me to consider an alternative plan,Made me second-guess my plan",,,,,,,,,96.104,120.667,120.678,4,Give neither IV fluids nor diuretics.,Do not give vasopressors.,Fairly confident,Satisfied,"Gave me an initial plan,Made me more confident in my plan",,,,,,,,,94.762,102.8,102.809,4,Stop diuretics and don't give IV fluids.,Start a vasopressor.,Fairly confident,Dissatisfied,Made me second-guess my plan,,,,,,,,,98.807,123.484,123.492,4,Give neither IV fluids nor diuretics.,Wean the secondary vasopressor.,Fairly confident,Neutral,Prompted me to consider an alternative plan,,55.952,73.141,73.15,4,Give neither IV fluids nor diuretics.,Start a vasopressor.,Fairly confident,,,,,,,,,,,,,,,,,,64.977,75.227,75.235,4,Give neither IV fluids nor diuretics.,Start a vasopressor.,Fairly confident,Satisfied,Made me more confident in my plan,,"Yes, I'll review two additional cases",Disagree,Neither agree nor disagree,Somewhat disagree,Disagree,Somewhat disagree,Confirmed my plan.,Informational.  To drive education.,"Interesting.  Each clinical scenario, while it has suggested AI data does not seem like it can appreciate the bedside clinical factors that are sometimes confounders.",1,1,1,1,1,1,1,1,1,1,1,,Recommended Treatment,Sepsis AI identifies the treatment plan that will lead to the lowest risk of mortality in this admission.,6,This is the sixth and final case.,2,1,1,1,0,1,5,1,3,1,2,1,4,"Internal medicine, pulmonary",,Community,All or almost all (95% or more),Mailing List,,
847,98daa56a74a8dba540d832f8cd8c910619a8e342afbc3e30dfe111ad36bd8453,> 10 years,Expert - authoritative knowledge,,,,,,,,76.099,83.364,83.372,4,Give neither IV fluids nor diuretics.,Wean the existing vasopressor.,Slightly confident,Dissatisfied,I'm not sure,,,,,,,,,58.568,72.917,72.93,4,Give neither IV fluids nor diuretics.,Do not give vasopressors.,Slightly confident,Dissatisfied,I'm not sure,,,,,,,,,72.228,78.784,78.787,4,Stop diuretics and don't give IV fluids.,Do not give vasopressors.,Slightly confident,Dissatisfied,I'm not sure,,,,,,,,,152.74,163.12,163.128,4,Give neither IV fluids nor diuretics.,Wean the secondary vasopressor.,Slightly confident,Dissatisfied,I'm not sure,,,,,,,,,31.749,47.075,47.085,4,Give up to 1 L of IV fluid.,Start a vasopressor.,Slightly confident,Dissatisfied,I'm not sure,,64.614,86.102,86.111,4,Give up to 1 L of IV fluid.,Start a vasopressor.,Somewhat confident,,,,,,,,,,,"Yes, I'll review two additional cases",Disagree,Disagree,Disagree,Disagree,Disagree,I had a lot of questions about precision of effect size when the predictions were based on 100 similar patients.  I would want to know a lot more about the utility of the tool. ,Consideration of alternative diagnoses; antibiotic choices; consideration of additional evaluation ,I felt kinda nauseated answering the questions to be honest.  I think this just points out how uncertain our treatment plans really are ,1,1,1,1,1,1,1,1,1,1,1,1,Options to Avoid,Sepsis AI suggests between one and three treatment options to consider avoiding. These options are identified based on the rates of mortality in the admission for similar patients that received each treatment.,6,This is the sixth and final case.,0,1,4,1,1,1,3,1,2,1,5,1,0,"Internal medicine, pulmonary",,Community,,Mailing List,,
1167,a79fc41eabbcd9b23c3a0a7cd9927b8c291f556899c41d81b7c1098bd5144954,> 10 years,Proficient - deep understanding,22.559,108.769,108.784,15,Give up to 1 L of IV fluid.,Add another vasopressor ONLY IF I ordered fluid and there is NO positive response in less than four hours.,Fairly confident,,,,,,,,,,,,,,,,,,2.483,76.835,76.854,25,Give neither IV fluids nor diuretics.,Start a vasopressor.,Somewhat confident,Dissatisfied,Did not affect my thinking at all,,,,,,,,,8.099,237.866,237.875,22,Stop diuretics and don't give IV fluids.,Start a vasopressor.,Somewhat confident,Neutral,Helped me form an initial assessment of the patient,,,,,,,,,11.597,100.542,100.547,25,Give neither IV fluids nor diuretics.,Continue both vasopressors.,Fairly confident,Neutral,Did not affect my thinking at all,,,,,,,,,7.471,31.051,31.062,11,Give neither IV fluids nor diuretics.,Start a vasopressor.,Fairly confident,Neutral,Did not affect my thinking at all,,,,,,,,,108.694,168.524,168.53,6,Give up to 1 L of IV fluid.,Start a vasopressor ONLY IF I ordered fluid and there is NO positive response in less than four hours.,Fairly confident,Dissatisfied,Made me second-guess my plan,,"Yes, I'll review two additional cases",Disagree,Disagree,Somewhat agree,Somewhat disagree,Disagree,Being presented with things that might be harmful in aggregate in similar patients is not useful. How can I be confident that my patient fits the mold of these other patients? The peculiarities of each case are often going to trump whatever aggregate data is being used to try to lump heterogeneous patients into simple categories of treatment response. ,I would prefer a more interactive experience where an AI's assessment of a patient's situation is given and I can discuss potential treatment plans and be given feedback and recent evidence/guidelines pertinent to decision-making.,Thanks for the opportunity to participate,1,1,1,1,1,1,1,1,1,1,1,2,Options to Avoid,Sepsis AI suggests between one and three treatment options to consider avoiding. These options are identified based on the rates of mortality in the admission for similar patients that received each treatment.,6,This is the sixth and final case.,1,1,1,1,3,1,2,1,5,1,4,1,0,"Internal medicine, pulmonary",,"Academic, university affiliated",Less than 50%,Mailing List,,
1277,d58a67bdde52b170abdd67686185cc33a4fef9a6642c85b8251280a9b2d6a1b9,> 10 years,Proficient - deep understanding,109.43,134.647,134.653,4,Give a diuretic.,Continue the existing vasopressor.,Fairly confident,,,,,,,,,,,,,,,,,,143.763,156.35,156.357,4,Give neither IV fluids nor diuretics.,Do not give vasopressors.,Somewhat confident,Neutral,I'm not sure,,,,,,,,,111.249,124.53,124.537,4,Continue the diuretic.,Start a vasopressor.,Fairly confident,Satisfied,Affected my thinking in some other way (please describe):,MAde me pause about vasopressor initiation but ultimately with widened pulse pressure and low DBP would hard pressed to follow the AI advice and not start low dose peripheral pressers while awaiting response to diuretics or not,,,,,,,,67.882,79.644,79.651,4,Give a diuretic.,Wean the secondary vasopressor.,Extremely confident,Very satisfied,Did not affect my thinking at all,,,,,,,,,63.56,76.921,76.927,4,Give more than 1 L of IV fluid.,Start a vasopressor ONLY IF I ordered fluid and there is NO positive response in less than four hours.,Fairly confident,Satisfied,Did not affect my thinking at all,,,,,,,,,63.674,77.918,77.929,4,Give neither IV fluids nor diuretics.,Start a vasopressor.,Extremely confident,Very satisfied,Did not affect my thinking at all,,"Yes, I'll review two additional cases",Neither agree nor disagree,Neither agree nor disagree,Somewhat agree,Agree,Somewhat agree,"It would help if sepsis AI gave some form of a confidence rating. For example, in the one example, the cirrhotic patient had AKI and one might start vasopressors for concern for HRS but it said no vasopressors. It it had a low confidence on that answer versus a high confidence, one might look at that advice differently ","To aid in making decisions when the data is not clear
To add guardrails to providers with less experience or sepsis knowledge",,1,1,1,1,1,1,1,1,1,1,1,1,Recommended Treatment,Sepsis AI identifies the treatment plan that will lead to the lowest risk of mortality in this admission.,6,This is the sixth and final case.,3,1,3,1,4,1,1,1,5,1,2,1,0,"Internal medicine, pulmonary",,"Academic, not university affiliated",More than 50% but less than 95%,Mailing List,,
14580,a3ebee84020b545d79071a1198a8bf4416cc4a7084ca093ddea04a9eb6b67f5a,5-10 years,Expert - authoritative knowledge,,,,,,,,13854.208,13872.323,13872.331,4,Give neither IV fluids nor diuretics.,Wean the existing vasopressor.,Fairly confident,Neutral,"Gave me an initial plan,Helped me decide between alternatives",,,,,,,,,103.843,122.711,122.716,5,Give neither IV fluids nor diuretics.,Start a vasopressor.,Fairly confident,Satisfied,"Gave me an initial plan,Prompted me to consider an alternative plan,Made me more confident in my plan",,,,,,,,,,,,,,,,,,,,,,,,,,54.121,63.207,63.212,4,Give up to 1 L of IV fluid.,Wean the secondary vasopressor.,Fairly confident,Neutral,"Gave me an initial plan,Helped me decide between alternatives",,181.765,200.235,200.241,6,Give up to 1 L of IV fluid.,Start a vasopressor ONLY IF I ordered fluid and there is NO positive response in less than four hours.,Somewhat confident,,,,,,,,,,,,,,,,,,,,,,,,,,,,"No, take me to the final questions",Strongly agree,Somewhat agree,Agree,Agree,Somewhat agree,I do think it is somewhat helpful. I think it could provide some rationale for the decision making if possible.,I think this is the right application- when there is equipoise on treatment direction.,Very good and forward looking study. I think you are correct to predict AI will affect clinical decision making and some point and probably already does in some ways.,1,1,1,1,,,1,1,1,2,,,Options to Consider,Sepsis AI suggests between one and three treatment options to consider. These options are identified based on the rates of mortality in the admission for similar patients that received each treatment.,4,This is the fifth case.,2,1,1,1,0,,,1,3,1,2,,,Emergency medicine,,"Academic, university affiliated",All or almost all (95% or more),Mailing List,,
747,b585755dc28f6dccc65632a00c1e9348d6e3b87685fd8a2eac8051d15f4f03c7,> 10 years,Expert - authoritative knowledge,,,,,,,,55.379,86.405,86.425,4,Give up to 1 L of IV fluid.,Add another vasopressor ONLY IF I ordered fluid and there is NO positive response in less than four hours.,Fairly confident,Neutral,Did not affect my thinking at all,,,,,,,,,76.051,82.148,82.151,4,Give more than 1 L of IV fluid.,Start a vasopressor ONLY IF I ordered fluid and there is NO positive response in less than four hours.,Fairly confident,Neutral,Did not affect my thinking at all,,,,,,,,,77.578,88.379,88.391,5,Stop diuretics and don't give IV fluids.,Start a vasopressor.,Fairly confident,Dissatisfied,Did not affect my thinking at all,,,,,,,,,97.312,114.545,114.557,4,Give neither IV fluids nor diuretics.,Continue both vasopressors.,Fairly confident,Dissatisfied,Did not affect my thinking at all,,41.294,73.444,73.45,5,Give more than 1 L of IV fluid.,Start a vasopressor ONLY IF I ordered fluid and there is NO positive response in less than four hours.,Fairly confident,,,,,,,,,,,,,,,,,,46.273,60.142,60.154,4,Give neither IV fluids nor diuretics.,Start a vasopressor.,Fairly confident,Neutral,Did not affect my thinking at all,,"Yes, I'll review two additional cases",Disagree,Disagree,Neither agree nor disagree,Disagree,Strongly disagree,,"I don't want the help of AI in my treatment decisions. If I wanted to work in an environment where I plugged information into a computer and waited for it to give me an answer about what to do, I would look for work in another field. ",,1,1,1,1,1,2,1,1,2,1,1,1,Options to Consider,Sepsis AI suggests between one and three treatment options to consider. These options are identified based on the rates of mortality in the admission for similar patients that received each treatment.,6,This is the sixth and final case.,2,1,4,1,5,1,1,1,0,1,2,1,3,"Internal medicine, pulmonary",,"Academic, university affiliated",Less than 50%,Mailing List,,
1980,891f0df303cf52f57b51ea7c4fdf6b4507a95496c6cbae4fc83297f39db352db,> 10 years,Expert - authoritative knowledge,,,,,,,,274.435,328.7,328.718,4,Give up to 1 L of IV fluid.,Continue the existing vasopressor.,Fairly confident,Dissatisfied,Affected my thinking in some other way (please describe):,I am concerned that the AI tool may not have been taking the dangerous hyponatremia into account in its recommendations.  Made me worry about my trust in the tool  ,,,,,,,,225.006,286.822,286.827,4,Give up to 1 L of IV fluid.,Start a vasopressor ONLY IF I ordered fluid and there is NO positive response in less than four hours.,Fairly confident,Neutral,Did not affect my thinking at all,,121.249,176.908,176.919,4,Stop diuretics and don't give IV fluids.,Start a vasopressor.,Fairly confident,,,,,,,,,,,,,,,,,,152.916,189.892,189.901,5,Give neither IV fluids nor diuretics.,Wean the secondary vasopressor.,Extremely confident,Neutral,Did not affect my thinking at all,,,,,,,,,80.775,99.06,99.065,4,Give more than 1 L of IV fluid.,Start a vasopressor ONLY IF I ordered fluid and there is NO positive response in less than four hours.,Fairly confident,Neutral,Did not affect my thinking at all,,,,,,,,,171.08,182.964,182.969,4,Give neither IV fluids nor diuretics.,Start a vasopressor.,Extremely confident,Neutral,Did not affect my thinking at all,,"Yes, I'll review two additional cases",Somewhat disagree,Somewhat disagree,Somewhat disagree,Somewhat disagree,Disagree,"Thinking in terms of ""what not to do"" as opposed to ""what to do"" was cumbersome and took adjustment.  Because of that I don't feel like it saved me time or increased my confidence in my decision-making.  ","To summarize a likely scenario (i.e., this is a patient with sepsis who has received less than the recommended fluid resuscitation and is showing signs of ongoing inadequate perfusion/oxygen delivery) and provide the practitioner with a concise summary of what the existing literature supports as the best next step.  ",I love this work.  We need to develop strategies by which AI can help to unburden our collective cognitive load in the clinical environment.  Especially in the ICU.,1,1,1,1,1,1,1,1,1,1,1,1,Options to Avoid,Sepsis AI suggests between one and three treatment options to consider avoiding. These options are identified based on the rates of mortality in the admission for similar patients that received each treatment.,6,This is the sixth and final case.,1,1,2,1,0,1,1,1,4,1,5,1,3,"Internal medicine, pulmonary",,"Academic, university affiliated",Less than 50%,Mailing List,,
912,7232644c6845aaab34069dcef336f35a86db3d2236c5e699981cfc63019ec718,> 10 years,Expert - authoritative knowledge,16.921,152.108,152.147,7,Give up to 1 L of IV fluid.,Continue the existing vasopressor.,Extremely confident,,,,,,,,,,,,,,,,,,74.177,122.452,122.507,5,Give neither IV fluids nor diuretics.,Start a vasopressor.,Extremely confident,Satisfied,Did not affect my thinking at all,,,,,,,,,,,,,,,,,,,,,,,,,,9.856,159.463,159.517,5,Give a diuretic.,Wean the secondary vasopressor.,Extremely confident,Satisfied,Made me more confident in my plan,,,,,,,,,44.814,59.706,59.71,4,Give more than 1 L of IV fluid.,Start a vasopressor ONLY IF I ordered fluid and there is NO positive response in less than four hours.,Extremely confident,Neutral,Did not affect my thinking at all,,,,,,,,,,,,,,,,,,,"No, take me to the final questions",Somewhat agree,Neither agree nor disagree,Strongly agree,Somewhat agree,Somewhat agree,can be used as supplement but still your clinical experience would count more in this critical moment ,as supplemental tool but worry about over reliance on it and physician not using their own clinical judgement esp trainees and new physicians ,none,1,1,1,1,,,1,1,1,1,,,Recommended Treatment,Sepsis AI identifies the treatment plan that will lead to the lowest risk of mortality in this admission.,4,This is the fifth case.,0,1,0,1,1,,,1,2,1,3,,,"Internal medicine, pulmonary",,Community,All or almost all (95% or more),Mailing List,,
1012,47984d11468cd3b812aec5cb86ff36ab5664079d236e9b9507cfc8dc0ab049a9,> 10 years,Proficient - deep understanding,45.243,53.468,53.472,4,Give up to 1 L of IV fluid.,Wean the existing vasopressor ONLY IF I ordered fluid and there is a positive response in less than four hours.,Fairly confident,,,,,,,,,,,,,,,,,,147.782,187.781,187.79,4,Give up to 1 L of IV fluid.,Start a vasopressor ONLY IF I ordered fluid and there is NO positive response in less than four hours.,Fairly confident,Very satisfied,"Gave me an initial plan,Prompted me to consider an alternative plan,Helped me decide between alternatives,Made me more confident in my plan",,,,,,,,,64.432,174.286,174.293,5,Continue the diuretic.,Start a vasopressor.,Fairly confident,Very satisfied,"Prompted me to assess the patient further,Helped me decide between alternatives,Made me more confident in my plan",,,,,,,,,114.337,140.817,140.831,4,Give up to 1 L of IV fluid.,"Wean the secondary vasopressor now, and wean the other vasopressor ONLY IF I ordered fluid and there is a positive response in less than four hours.",Fairly confident,Satisfied,"Prompted me to assess the patient further,Gave me an initial plan,Helped me decide between alternatives,Made me more confident in my plan",,,,,,,,,63.837,75.189,75.197,4,Give up to 1 L of IV fluid.,Do not give vasopressors.,Fairly confident,Satisfied,"Prompted me to consider an alternative plan,Helped me decide between alternatives,Made me more confident in my plan",,,,,,,,,69.415,108.751,108.757,4,Give a diuretic.,Start a vasopressor.,Somewhat confident,Satisfied,"Gave me an initial plan,Prompted me to consider an alternative plan,Helped me decide between alternatives,Made me more confident in my plan",,"Yes, I'll review two additional cases",Strongly disagree,Strongly disagree,Strongly disagree,Disagree,Strongly disagree,Helps consider alternative treatments,Provide a treatment algorithm ,,1,1,1,1,2,1,1,1,1,1,1,1,Options to Avoid,Sepsis AI suggests between one and three treatment options to consider avoiding. These options are identified based on the rates of mortality in the admission for similar patients that received each treatment.,6,This is the sixth and final case.,3,1,3,1,0,1,1,1,2,1,5,1,4,"Internal medicine, pulmonary",,Community,All or almost all (95% or more),Mailing List,,
101194,3f4344958098099d346026151fba675c6e937057c0fc08de08fb7be5ee9c2983,5-10 years,Competent - good working and background knowledge,,,,,,,,148.134,190.469,190.475,4,Give up to 1 L of IV fluid.,Wean the existing vasopressor ONLY IF I ordered fluid and there is a positive response in less than four hours.,Slightly confident,Dissatisfied,"Made me second-guess my plan,Affected my thinking in some other way (please describe):","Made me wish I had more information, because there are several aspects (the hyponatremia, the net fluid balance) that I fear could be misinterpreted significantly without more information about volume status or short-term fluid responsiveness with SLR or other testing.  ",,,,,,,,129.8,156.868,156.874,4,Give neither IV fluids nor diuretics.,Do not give vasopressors.,Somewhat confident,Satisfied,"Helped me form an initial assessment of the patient,Gave me an initial plan",,,,,,,,,94.753,179.119,179.126,6,Stop diuretics and give up to 1 L of IV fluid.,Start a vasopressor ONLY IF I ordered fluid and there is NO positive response in less than four hours.,Not at all confident,Very dissatisfied,Made me second-guess my plan,,,,,,,,,109.027,169.761,169.767,4,Give a diuretic.,Wean the secondary vasopressor.,Fairly confident,Satisfied,Helped me decide between alternatives,,,,,,,,,40.193,71.495,71.5,4,Give more than 1 L of IV fluid.,Start a vasopressor ONLY IF I ordered fluid and there is NO positive response in less than four hours.,Fairly confident,Satisfied,"Prompted me to assess the patient further,Made me more confident in my plan",,127.181,175.065,175.069,5,Give up to 1 L of IV fluid.,Start a vasopressor.,Somewhat confident,,,,,,,,,,,"Yes, I'll review two additional cases",Somewhat disagree,Somewhat disagree,Agree,Neither agree nor disagree,Somewhat agree,"As with many AI tools, getting a single recommendation based on a complex set of data made me wonder several things in each case
1) What features is the AI looking at.  If it is giving me a response different from my first response, is that because I am missing something in the case, or because it is not considering the same set of data that I am, or is it because in a large data set it can see correlations between data points that lead to a particular outcome that are statistically apparent but don't align with my physiology based linear thinking? In some cases this was a useful prompt to think about things differently, but when I really disagreed it made me wonder if I am completely misinterpreting the data.
2) When a ""best"" response is given, it makes me wonder about the incremental benefit of the ""best"" approach vs others.  That is, is the approach only marginally superior in such a way that even a small change in the data or patient condition would suggest a different approach? 
3) It would be very helpful to have some idea of what factors the AI is weighting in this scenario that lead to this outcome.  There is always measurement uncertainty or the possibility of rapid change in some of the underlying data in the scenario, and I also really have no understanding of whether the AI is looking at trends over time in the assessment.  I was trained to always ask ""what if a single piece of data I have is wrong - would it change my plan significantly"" to avoid anchoring and premature closure.  I have no understanding if the AI is robust to those types of concerns.  ","Ideally, AI would not just give me a recommendation, but situate the data extracted from a certain situation within the framework of evidence based or at least guideline based care.  With just a recommendation, I am left doubting my own decision and second guessing myself without a real understanding of where I might differ from the AI decision, which is just frustrating.  ",,1,1,1,1,3,1,1,1,1,1,2,1,Recommended Treatment,Sepsis AI identifies the treatment plan that will lead to the lowest risk of mortality in this admission.,6,This is the sixth and final case.,0,1,2,1,4,1,3,1,5,1,1,1,0,"Internal medicine, pulmonary",,"Academic, university affiliated",Less than 50%,Mailing List,,
651,7294e4b42e3311943f0188abdfd2a9a556474dc76551db3595b4bd42c02717f8,> 10 years,Proficient - deep understanding,,,,,,,,,,,,,,,,,,,,,,,,,60.96,69.635,69.642,4,Give up to 1 L of IV fluid.,Start a vasopressor.,Not at all confident,Neutral,Prompted me to assess the patient further,,,,,,,,,,,,,,,,,,,,,,,,,,118.654,153.418,153.427,4,Give neither IV fluids nor diuretics.,Wean the secondary vasopressor.,Somewhat confident,Dissatisfied,Prompted me to consider an alternative plan,,,,,,,,,54.361,66.444,66.457,5,Give up to 1 L of IV fluid.,Start a vasopressor.,Slightly confident,Dissatisfied,Prompted me to consider an alternative plan,,95.301,142.687,142.693,6,Give neither IV fluids nor diuretics.,Start a vasopressor.,Fairly confident,,,,,,,,,,,"No, take me to the final questions",Somewhat agree,Neither agree nor disagree,Neither agree nor disagree,Somewhat disagree,Somewhat agree,,,,,,1,1,,,1,1,1,1,3,1,Options to Consider,Sepsis AI suggests between one and three treatment options to consider. These options are identified based on the rates of mortality in the admission for similar patients that received each treatment.,4,This is the fifth case.,1,,,1,3,,,1,0,1,2,1,1,"Internal medicine, pulmonary",,"Academic, university affiliated",More than 50% but less than 95%,Mailing List,,
5916,572f36112b8c3242f081a783d265b581a4fb8d8aa746a6ed4ca26e3a2ed68f7d,> 10 years,Expert - authoritative knowledge,,,,,,,,44.251,131.927,131.936,6,Give neither IV fluids nor diuretics.,Continue the existing vasopressor.,Somewhat confident,Very dissatisfied,Did not affect my thinking at all,,,,,,,,,56.667,74.317,74.329,4,Give neither IV fluids nor diuretics.,Do not give vasopressors.,Somewhat confident,Dissatisfied,Did not affect my thinking at all,,,,,,,,,45.39,98.502,98.507,5,Stop diuretics and give up to 1 L of IV fluid.,Start a vasopressor.,Fairly confident,Neutral,Prompted me to consider an alternative plan,,,,,,,,,49.274,61.652,61.669,4,Give a diuretic.,Wean the secondary vasopressor.,Somewhat confident,Dissatisfied,Did not affect my thinking at all,,7.521,4884.998,4885.006,18,Give a diuretic.,Start a vasopressor.,Not at all confident,,,,,,,,,,,,,,,,,,85.5,100.628,100.637,6,Give up to 1 L of IV fluid.,Start a vasopressor.,Slightly confident,Dissatisfied,Did not affect my thinking at all,,"Yes, I'll review two additional cases",Strongly disagree,Strongly disagree,Neither agree nor disagree,Strongly disagree,Disagree,"It is useless, because unless there is alternative data that it receives that the clinician does not it does not have enough information to make informed decisions regarding pressors, diuretics, and hemodynamic status.
It seems like the recommendations therefore might be based on data from large groups of patients","I think the promise is extraordinary, but what was presented here was not useful.",,1,1,1,1,1,1,1,1,2,1,2,1,Options to Consider,Sepsis AI suggests between one and three treatment options to consider. These options are identified based on the rates of mortality in the admission for similar patients that received each treatment.,6,This is the sixth and final case.,2,1,3,1,5,1,0,1,4,1,2,1,1,Surgery,,"Academic, university affiliated",More than 50% but less than 95%,Mailing List,,
43834,21e6d2a0f1c9a2e4f83602c58ca663fb4491e19128da94e4a7971ce845da1489,> 10 years,Expert - authoritative knowledge,,,,,,,,109.223,135.76,135.767,4,Give up to 1 L of IV fluid.,Wean the existing vasopressor ONLY IF I ordered fluid and there is a positive response in less than four hours.,Somewhat confident,Dissatisfied,Prompted me to consider an alternative plan,,,,,,,,,62.154,85.671,85.677,4,Give a diuretic.,Start a vasopressor.,Somewhat confident,Dissatisfied,Prompted me to consider an alternative plan,,,,,,,,,,,,,,,,,,,,,,,,,,78.277,100.889,100.894,5,Give a diuretic.,Wean the secondary vasopressor.,Somewhat confident,Very dissatisfied,"Prompted me to consider an alternative plan,Helped me decide between alternatives",,,,,,,,,,,,,,,,,,,53.921,65.76,65.766,4,Give neither IV fluids nor diuretics.,Start a vasopressor.,Somewhat confident,,,,,,,,,,,"No, take me to the final questions",Neither agree nor disagree,Somewhat disagree,Neither agree nor disagree,Disagree,Somewhat disagree,Having it only provide negative options - i.e. the options are framed as having negative consequences makes it hard to incorporate the recommendations,quickly accessing best evidence; maybe predictive modeling,,1,1,1,1,,,1,2,,,1,1,Options to Avoid,Sepsis AI suggests between one and three treatment options to consider avoiding. These options are identified based on the rates of mortality in the admission for similar patients that received each treatment.,4,This is the fifth case.,3,1,0,1,1,,,1,2,,,1,3,"Internal medicine, not pulmonary",,"Academic, university affiliated",More than 50% but less than 95%,Mailing List,,
1047,84615dc5e2f8c8fb46985b9d681e31c9c11725cef61956800e25620d0230164a,> 10 years,Proficient - deep understanding,,,,,,,,,,,,,,,,,,,,,,,,,127.421,153.607,153.616,4,Give a diuretic.,Do not give vasopressors.,Somewhat confident,Neutral,Made me second-guess my plan,,,,,,,,,220.543,257.405,257.414,4,Continue the diuretic.,Start a vasopressor.,Fairly confident,Neutral,Made me second-guess my plan,,251.535,330.402,330.418,5,Give neither IV fluids nor diuretics.,Continue both vasopressors.,Fairly confident,,,,,,,,,,,,,,,,,,67.576,102.115,102.123,5,Give more than 1 L of IV fluid.,Do not give vasopressors.,Fairly confident,Satisfied,Made me more confident in my plan,,,,,,,,,,,,,,,,,,,"No, take me to the final questions",Neither agree nor disagree,Neither agree nor disagree,Somewhat agree,Neither agree nor disagree,Somewhat agree,,,,,,1,1,1,1,1,1,2,1,,,Recommended Treatment,Sepsis AI identifies the treatment plan that will lead to the lowest risk of mortality in this admission.,4,This is the fifth case.,1,,,1,2,1,0,1,1,1,3,,,Anesthesiology,,"Academic, not university affiliated",Less than 50%,Mailing List,,
738,3b8249d01744ee4fd8e8da598135ac93a5f2e9644c1eb0c60f6e0b862aa66df0,> 10 years,Proficient - deep understanding,,,,,,,,94.801,119.021,119.031,5,Give neither IV fluids nor diuretics.,Continue the existing vasopressor.,Fairly confident,Dissatisfied,Made me second-guess my plan,,,,,,,,,75.747,79.802,79.813,4,Give neither IV fluids nor diuretics.,Start a vasopressor.,Fairly confident,Dissatisfied,Made me second-guess my plan,,,,,,,,,66.375,75.685,75.695,4,Stop diuretics and don't give IV fluids.,Start a vasopressor.,Fairly confident,Dissatisfied,Made me second-guess my plan,,,,,,,,,78.453,110.721,110.731,5,Give a diuretic.,Wean the secondary vasopressor.,Fairly confident,Satisfied,Did not affect my thinking at all,,49.613,81.64,81.654,5,Give up to 1 L of IV fluid.,Start a vasopressor.,Fairly confident,,,,,,,,,,,,,,,,,,48.503,56.192,56.199,5,Give neither IV fluids nor diuretics.,Start a vasopressor.,Fairly confident,Satisfied,Made me more confident in my plan,,"Yes, I'll review two additional cases",Somewhat disagree,Somewhat disagree,Neither agree nor disagree,Somewhat disagree,Somewhat disagree,"Not enough information to answer many of the questions - also, for most of them I would do a bedside ultrasound to assess volume status",Not sure,Would like to include POCUS results,1,1,1,1,1,1,1,1,1,1,1,1,Recommended Treatment,Sepsis AI identifies the treatment plan that will lead to the lowest risk of mortality in this admission.,6,This is the sixth and final case.,0,1,3,1,5,1,2,1,1,1,0,1,4,Emergency medicine,,Community,All or almost all (95% or more),Mailing List,,
3680,4332e5ca303f7e49e620f02c406e4a0cb77598e84ccf1e3d9efc55a447c79c79,> 10 years,Proficient - deep understanding,,,,,,,,830.384,1341.193,1341.209,8,Give neither IV fluids nor diuretics.,Continue the existing vasopressor.,Slightly confident,Neutral,"Prompted me to consider an alternative plan,Made me second-guess my plan",,,,,,,,,2.79,170.791,170.795,18,Give neither IV fluids nor diuretics.,Start a vasopressor.,Slightly confident,Satisfied,Prompted me to consider an alternative plan,,,,,,,,,382.019,489.656,489.671,22,Continue the diuretic.,Start a vasopressor.,Somewhat confident,Neutral,Made me more confident in my plan,,,,,,,,,16.111,170.213,170.217,22,Give neither IV fluids nor diuretics.,Wean both existing vasopressors.,Not at all confident,Neutral,Prompted me to consider an alternative plan,,,,,,,,,3.135,57.553,57.559,10,Give up to 1 L of IV fluid.,Start a vasopressor.,Fairly confident,Neutral,Did not affect my thinking at all,,44.912,78.86,78.881,5,Give up to 1 L of IV fluid.,Start a vasopressor.,Slightly confident,,,,,,,,,,,"Yes, I'll review two additional cases",Somewhat disagree,Neither agree nor disagree,Somewhat agree,Neither agree nor disagree,Disagree,"I was surprised by some of the treatment regimen suggestions. If the answer included references to support the claims that a given regimen was associated with lower mortality, (particularly if it was not what I was originally intending to do), that would make me more likely to believe the AI and more likely to implement the suggestion.

","Before participating in this study, I would have thought that AI wouldn't necessarily be all that helpful. But now I think it could potentially be very helpful as it often suggested things that I would not have considered. ",I found some of the answer choices difficult because they didn't entirely contain what I would have wanted to do. I was sometimes constrained into choices I would not have made. I was also confused sometimes by the choice of weaning a vasopressor. Does that mean wean to a particular MAP goal (which is what we always do)? Or wean indiscriminately despite the MAP being lower than the usual goal of 65? ,1,5,1,1,1,1,1,1,1,1,1,1,Options to Consider,Sepsis AI suggests between one and three treatment options to consider. These options are identified based on the rates of mortality in the admission for similar patients that received each treatment.,6,This is the sixth and final case.,2,1,3,1,1,1,5,1,0,1,4,1,2,Anesthesiology,,"Academic, university affiliated",Less than 50%,Mailing List,,
1437,1050513f809dcc0b59a82f969f25f81177d94b96af00f9be31acf23d96072b98,> 10 years,Expert - authoritative knowledge,,,,,,,,98.414,124.621,124.627,4,Give up to 1 L of IV fluid.,Wean the existing vasopressor ONLY IF I ordered fluid and there is a positive response in less than four hours.,Fairly confident,Neutral,I'm not sure,,92.834,120.28,120.284,4,Give neither IV fluids nor diuretics.,Start a vasopressor.,Fairly confident,,,,,,,,,,,,,,,,,,159.282,245.107,245.111,6,Stop diuretics and don't give IV fluids.,Start a vasopressor.,Fairly confident,Dissatisfied,Prompted me to consider an alternative plan,,,,,,,,,90.705,127.247,127.251,4,Give a diuretic.,Wean the secondary vasopressor.,Fairly confident,Neutral,I'm not sure,,,,,,,,,84.635,108.96,108.964,4,Give neither IV fluids nor diuretics.,Start a vasopressor.,Fairly confident,Dissatisfied,Made me second-guess my plan,,,,,,,,,106.364,258.788,258.798,6,Give neither IV fluids nor diuretics.,Start a vasopressor.,Fairly confident,Neutral,Did not affect my thinking at all,,"Yes, I'll review two additional cases",Neither agree nor disagree,Neither agree nor disagree,Neither agree nor disagree,Neither agree nor disagree,Somewhat agree,,,,1,1,1,1,3,1,1,1,1,1,1,1,Options to Consider,Sepsis AI suggests between one and three treatment options to consider. These options are identified based on the rates of mortality in the admission for similar patients that received each treatment.,6,This is the sixth and final case.,3,1,5,1,3,1,1,1,4,1,2,1,0,"Internal medicine, pulmonary",,"Academic, university affiliated",More than 50% but less than 95%,Mailing List,,
1050,a76b58616b6019dea7dd69b20e0a175fcfc09137182c5f058a1a5e818efcf1e5,> 10 years,Expert - authoritative knowledge,137.286,144.558,144.572,4,Give neither IV fluids nor diuretics.,Add another vasopressor.,Fairly confident,,,,,,,,,,,,,,,,,,61.44,86.068,86.077,7,Give neither IV fluids nor diuretics.,Do not give vasopressors.,Somewhat confident,Satisfied,Made me more confident in my plan,,,,,,,,,27.662,54.009,54.018,5,Continue the diuretic.,Do not give vasopressors.,Fairly confident,Satisfied,Made me more confident in my plan,,,,,,,,,152.301,161.087,161.097,4,Give up to 1 L of IV fluid.,Wean the secondary vasopressor.,Fairly confident,Dissatisfied,Made me second-guess my plan,,,,,,,,,31.816,46.195,46.206,5,Give more than 1 L of IV fluid.,Start a vasopressor ONLY IF I ordered fluid and there is NO positive response in less than four hours.,Fairly confident,Satisfied,Did not affect my thinking at all,,,,,,,,,126.836,146.165,146.182,4,Give up to 1 L of IV fluid.,Start a vasopressor.,Fairly confident,Neutral,Did not affect my thinking at all,,"Yes, I'll review two additional cases",Neither agree nor disagree,Somewhat agree,Somewhat agree,Somewhat disagree,Somewhat agree,I may have done this incorrectly but I read what sepsis AI said but did not input info into it. ,Try to catch subtle changes that we may miss. ,Maybe put echo results for PE case to show whether RV overload present. ,1,1,1,2,1,1,1,1,1,1,1,1,Recommended Treatment,Sepsis AI identifies the treatment plan that will lead to the lowest risk of mortality in this admission.,6,This is the sixth and final case.,2,1,2,1,4,1,5,1,3,1,1,1,0,"Internal medicine, pulmonary",,"Academic, university affiliated",Less than 50%,Mailing List,,
1201,8641eee1343846f34fd374898e81143f2bb9be58e1933064f6fae841413cfbf0,> 10 years,Competent - good working and background knowledge,,,,,,,,162.631,171.712,171.733,4,Give neither IV fluids nor diuretics.,Add another vasopressor.,Somewhat confident,Neutral,Prompted me to assess the patient further,,,,,,,,,204.095,229.255,229.262,4,Give neither IV fluids nor diuretics.,Start a vasopressor.,Somewhat confident,Neutral,I'm not sure,,,,,,,,,290.688,345.656,345.66,9,Stop diuretics and don't give IV fluids.,Start a vasopressor.,Somewhat confident,Neutral,Made me second-guess my plan,,,,,,,,,,,,,,,,,,,41.408,51.148,51.152,4,Give up to 1 L of IV fluid.,Start a vasopressor.,Somewhat confident,,,,,,,,,,,,,,,,,,,,,,,,,,,,"No, take me to the final questions",Neither agree nor disagree,Somewhat agree,Neither agree nor disagree,Somewhat agree,Somewhat agree,"The way the tool was presented was with 2 intervention each time, making it difficult to assess the contribution from each of the individual components","I think it will have a role eventually but as presented here, it is too limited",,1,1,1,1,5,1,,,1,1,,,Options to Avoid,Sepsis AI suggests between one and three treatment options to consider avoiding. These options are identified based on the rates of mortality in the admission for similar patients that received each treatment.,4,This is the fifth case.,3,1,2,1,1,1,0,,,1,3,,,"Internal medicine, pulmonary",,Community,Less than 50%,Mailing List,,
550,0bc43ed74cb01e308cd12fcc94772d588640a63e06ba37f2480791dc39ae7844,5-10 years,Expert - authoritative knowledge,,,,,,,,,,,,,,,,,,58.901,81.425,81.432,4,Give neither IV fluids nor diuretics.,Start a vasopressor.,Somewhat confident,,,,,,,,,,,,,,,,,,84.823,96.316,96.324,4,Stop diuretics and give up to 1 L of IV fluid.,Start a vasopressor ONLY IF I ordered fluid and there is NO positive response in less than four hours.,Fairly confident,Neutral,Helped me decide between alternatives,,,,,,,,,85.035,95.449,95.456,4,Give a diuretic.,Continue both vasopressors.,Somewhat confident,Neutral,Prompted me to consider an alternative plan,,,,,,,,,,,,,,,,,,,,,,,,,,127.619,133.266,133.274,4,Give neither IV fluids nor diuretics.,Start a vasopressor.,Somewhat confident,Dissatisfied,Did not affect my thinking at all,,"No, take me to the final questions",Disagree,Somewhat disagree,Somewhat agree,Disagree,Somewhat disagree,,,,,,1,1,1,1,1,1,,,1,1,Options to Avoid,Sepsis AI suggests between one and three treatment options to consider avoiding. These options are identified based on the rates of mortality in the admission for similar patients that received each treatment.,4,This is the fifth case.,0,,,1,0,1,1,1,3,,,1,2,"Internal medicine, pulmonary",,"Academic, university affiliated",All or almost all (95% or more),Mailing List,,
858,8e9fced051f208ad57cc8dbe65fb5113fa25d393125211dfefaff88c45379c0b,> 10 years,Expert - authoritative knowledge,,,,,,,,308.086,347.545,347.555,4,Give neither IV fluids nor diuretics.,Wean the existing vasopressor.,Somewhat confident,Neutral,Gave me an initial plan,,,,,,,,,61.178,65.911,65.915,4,Give neither IV fluids nor diuretics.,Start a vasopressor.,Fairly confident,Satisfied,Gave me an initial plan,,,,,,,,,53.785,63.245,63.607,4,Stop diuretics and don't give IV fluids.,Start a vasopressor.,Fairly confident,Satisfied,Prompted me to consider an alternative plan,,,,,,,,,53.332,61.937,62.301,6,Give a diuretic.,Wean the secondary vasopressor.,Extremely confident,Satisfied,Made me more confident in my plan,,34.694,47.647,47.652,6,Give neither IV fluids nor diuretics.,Start a vasopressor.,Fairly confident,,,,,,,,,,,,,,,,,,60.414,66.115,66.119,4,Give up to 1 L of IV fluid.,Start a vasopressor.,Fairly confident,Satisfied,Gave me an initial plan,,"Yes, I'll review two additional cases",Disagree,Somewhat disagree,Agree,Neither agree nor disagree,Disagree,Didn’t fully agree with the output,I think it will be more helpful with smaller hospitals without experienced and highly trained intensivists.,,1,1,1,1,1,1,1,1,2,1,1,1,Options to Consider,Sepsis AI suggests between one and three treatment options to consider. These options are identified based on the rates of mortality in the admission for similar patients that received each treatment.,6,This is the sixth and final case.,1,1,0,1,2,1,4,1,3,1,1,1,5,Emergency medicine,,"Academic, university affiliated",More than 50% but less than 95%,Mailing List,,
970,66d73f02f57235669ca03c5ea37b7b6fe123299ca54f3cb3fd2054966864f485,> 10 years,Proficient - deep understanding,74.976,105.256,105.26,5,Give up to 1 L of IV fluid.,Add another vasopressor ONLY IF I ordered fluid and there is NO positive response in less than four hours.,Somewhat confident,,,,,,,,,,,,,,,,,,313.864,336.953,336.955,4,Give neither IV fluids nor diuretics.,Start a vasopressor.,Somewhat confident,Dissatisfied,Made me second-guess my plan,,,,,,,,,101.498,108.433,108.437,4,Continue the diuretic.,Start a vasopressor.,Fairly confident,Neutral,Made me more confident in my plan,,,,,,,,,128.253,146.333,146.336,6,Give a diuretic.,Wean the secondary vasopressor.,Fairly confident,Satisfied,Made me more confident in my plan,,,,,,,,,22.016,30.095,30.097,5,Give more than 1 L of IV fluid.,Start a vasopressor ONLY IF I ordered fluid and there is NO positive response in less than four hours.,Fairly confident,Neutral,Did not affect my thinking at all,,,,,,,,,73.315,79.651,79.653,4,Give neither IV fluids nor diuretics.,Start a vasopressor.,Fairly confident,Satisfied,"Helped me form an initial assessment of the patient,Made me more confident in my plan",,"Yes, I'll review two additional cases",Disagree,Neither agree nor disagree,Agree,Somewhat agree,Neither agree nor disagree,,,,2,1,1,1,1,1,1,1,1,1,1,1,Recommended Treatment,Sepsis AI identifies the treatment plan that will lead to the lowest risk of mortality in this admission.,6,This is the sixth and final case.,0,1,0,1,4,1,1,1,2,1,5,1,3,"Internal medicine, pulmonary",,"Academic, university affiliated",All or almost all (95% or more),Mailing List,,
682,465f62351421d00bd7d84887a2eef04400dc14f3c414e08e00a98345b91ef2aa,> 10 years,Competent - good working and background knowledge,,,,,,,,,,,,,,,,,,,,,,,,,5.583,186.331,186.338,9,Give neither IV fluids nor diuretics.,Start a vasopressor.,Slightly confident,Neutral,"Helped me form an initial assessment of the patient,Prompted me to assess the patient further",,3.276,107.786,107.796,8,Stop diuretics and don't give IV fluids.,Start a vasopressor.,Slightly confident,,,,,,,,,,,,,,,,,,,,,,,,,,,,,,,,,,,3.907,63.668,63.673,13,Give more than 1 L of IV fluid.,Start a vasopressor.,Somewhat confident,Satisfied,"Helped me form an initial assessment of the patient,Made me more confident in my plan",,,,,,,,,3.903,85.914,85.924,14,Give neither IV fluids nor diuretics.,Start a vasopressor.,Somewhat confident,Neutral,Made me second-guess my plan,,"No, take me to the final questions",Somewhat agree,Somewhat agree,Agree,Agree,Agree,incorporate more patient data to create better outcomes assessments,"supportive; give a percentage of success (instead of very low, low, avg, high); maybe invert the output to make clinicians avoid mistakes (very high, high, mod risk of worsening)",would like to be involved in the design and implementation and potential data gathering,,,1,1,1,1,,,1,2,1,1,Options to Consider,Sepsis AI suggests between one and three treatment options to consider. These options are identified based on the rates of mortality in the admission for similar patients that received each treatment.,4,This is the fifth case.,2,,,1,3,1,2,,,1,0,1,1,"Internal medicine, pulmonary",,"Academic, not university affiliated",More than 50% but less than 95%,Mailing List,,
183045,e535336f3fff9ab32d1628e5744a1527c97bfa5ebce96787c32c8d023c58185d,5-10 years,Proficient - deep understanding,,,,,,,,73.034,78.792,78.799,4,Give more than 1 L of IV fluid.,Wean the existing vasopressor ONLY IF I ordered fluid and there is a positive response in less than four hours.,Fairly confident,Neutral,Did not affect my thinking at all,,,,,,,,,70.387,76.509,76.519,4,Give neither IV fluids nor diuretics.,Start a vasopressor.,Fairly confident,Neutral,Made me second-guess my plan,,,,,,,,,41.983,48.438,48.446,4,Stop diuretics and don't give IV fluids.,Start a vasopressor.,Fairly confident,Neutral,Did not affect my thinking at all,,113.8,136.338,136.347,4,Give a diuretic.,Wean the secondary vasopressor.,Fairly confident,,,,,,,,,,,,,,,,,,53.203,92.827,92.835,5,Give up to 1 L of IV fluid.,Start a vasopressor ONLY IF I ordered fluid and there is NO positive response in less than four hours.,Fairly confident,Neutral,Made me second-guess my plan,,,,,,,,,114.554,132.426,132.434,4,Give neither IV fluids nor diuretics.,Start a vasopressor.,Fairly confident,Neutral,Made me second-guess my plan,,"Yes, I'll review two additional cases",Somewhat disagree,Disagree,Somewhat agree,Disagree,Disagree,,,,1,1,1,1,1,1,,1,1,2,1,1,Options to Avoid,Sepsis AI suggests between one and three treatment options to consider avoiding. These options are identified based on the rates of mortality in the admission for similar patients that received each treatment.,6,This is the sixth and final case.,1,1,5,1,3,1,4,1,1,1,2,1,0,"Internal medicine, not pulmonary",,"Academic, not university affiliated",More than 50% but less than 95%,Mailing List,,
701,65af143fd96ebe6ce4d3abe3c3569b07c4eb67012c51f913c1c6fdc715de7180,5-10 years,Expert - authoritative knowledge,35.479,69.995,70.003,8,Give up to 1 L of IV fluid.,Wean the existing vasopressor ONLY IF I ordered fluid and there is a positive response in less than four hours.,Extremely confident,,,,,,,,,,,,,,,,,,12.661,90.195,90.203,5,Give more than 1 L of IV fluid.,Start a vasopressor ONLY IF I ordered fluid and there is NO positive response in less than four hours.,Extremely confident,Very dissatisfied,Did not affect my thinking at all,,,,,,,,,66.168,86.636,86.644,6,Stop diuretics and give more than 1 L of IV fluid.,Start a vasopressor ONLY IF I ordered fluid and there is NO positive response in less than four hours.,Fairly confident,Dissatisfied,Did not affect my thinking at all,,,,,,,,,95.3,117.683,117.691,4,Give up to 1 L of IV fluid.,Wean the secondary vasopressor.,Slightly confident,Neutral,Did not affect my thinking at all,,,,,,,,,52.775,61.295,61.302,5,Give neither IV fluids nor diuretics.,Start a vasopressor.,Extremely confident,Very dissatisfied,Did not affect my thinking at all,,,,,,,,,55.5,64.721,64.729,4,Give up to 1 L of IV fluid.,Start a vasopressor ONLY IF I ordered fluid and there is NO positive response in less than four hours.,Extremely confident,Very dissatisfied,Did not affect my thinking at all,,"Yes, I'll review two additional cases",Strongly disagree,Strongly disagree,Strongly disagree,Strongly disagree,Strongly disagree,"did not help, all these patients have high mortality, the options are black and white. i give small bolus sometimes, strriods , etc",,,1,1,1,1,1,2,1,1,2,1,1,1,Options to Avoid,Sepsis AI suggests between one and three treatment options to consider avoiding. These options are identified based on the rates of mortality in the admission for similar patients that received each treatment.,6,This is the sixth and final case.,3,1,3,1,5,1,1,1,0,1,2,1,4,"Internal medicine, pulmonary",,Community,All or almost all (95% or more),Mailing List,,
1108,648ad0344bc616394b49977cf0980c5de87449c905337b13d75609afed0ad936,> 10 years,Proficient - deep understanding,,,,,,,,170.55,263.149,263.164,10,Give up to 1 L of IV fluid.,Wean the existing vasopressor.,Somewhat confident,Neutral,"Prompted me to consider an alternative plan,Made me second-guess my plan",,6.717,139.467,139.483,11,Give up to 1 L of IV fluid.,Start a vasopressor ONLY IF I ordered fluid and there is NO positive response in less than four hours.,Somewhat confident,,,,,,,,,,,,,,,,,,57.007,93.234,93.249,7,Continue the diuretic.,Start a vasopressor.,Somewhat confident,Dissatisfied,"Prompted me to assess the patient further,Prompted me to consider an alternative plan,Made me second-guess my plan",,,,,,,,,55.842,90.69,90.705,9,Give a diuretic.,Wean both existing vasopressors.,Fairly confident,Satisfied,"Helped me form an initial assessment of the patient,Prompted me to assess the patient further,Helped me decide between alternatives,Made me second-guess my plan",,,,,,,,,21.555,57.483,57.495,8,Give more than 1 L of IV fluid.,Start a vasopressor ONLY IF I ordered fluid and there is NO positive response in less than four hours.,Fairly confident,Dissatisfied,"Prompted me to assess the patient further,Prompted me to consider an alternative plan",,,,,,,,,72.999,103.421,103.439,8,Give neither IV fluids nor diuretics.,Start a vasopressor.,Somewhat confident,Neutral,"Prompted me to assess the patient further,Prompted me to consider an alternative plan,Made me second-guess my plan",,"Yes, I'll review two additional cases",Disagree,Disagree,Agree,Disagree,Somewhat agree,"It mostly forced me to reassess my initial assumptions - ie. why is it recommending something I would not, and did I miss something. ","Probably this use case, suggest alternative plans. ","It would be very helpful if it could give some (actually accurate) information about why it was making certain recommendations.   For example, what about this case suggests that diuretics are the best strategy.",1,1,1,2,1,1,1,1,1,1,1,1,Options to Consider,Sepsis AI suggests between one and three treatment options to consider. These options are identified based on the rates of mortality in the admission for similar patients that received each treatment.,6,This is the sixth and final case.,0,1,1,1,0,1,3,1,4,1,5,1,2,"Internal medicine, pulmonary",,"Academic, university affiliated",Less than 50%,Mailing List,,
538,a1540e6c079a3468f94ffc8be1fa0d81510b61b19f6ce6cd9c67c8271133f527,> 10 years,Expert - authoritative knowledge,,,,,,,,35.283,56.378,56.384,6,Give neither IV fluids nor diuretics.,Add another vasopressor.,Fairly confident,Satisfied,Made me more confident in my plan,,50.587,121.869,121.878,6,Give up to 1 L of IV fluid.,Start a vasopressor ONLY IF I ordered fluid and there is NO positive response in less than four hours.,Fairly confident,,,,,,,,,,,,,,,,,,,,,,,,,,,,,,,,,,,,,,,,,,,,,,,,,,,,43.681,55.872,55.88,6,Give neither IV fluids nor diuretics.,Start a vasopressor.,Extremely confident,Satisfied,"Prompted me to consider an alternative plan,Made me more confident in my plan",,,,,,,,,63.474,70.127,70.134,5,Give neither IV fluids nor diuretics.,Start a vasopressor.,Extremely confident,Satisfied,"Prompted me to consider an alternative plan,Helped me decide between alternatives,Made me more confident in my plan",,"No, take me to the final questions",Agree,Agree,Agree,Agree,Agree,Helpful to confirm and provide information on proper management,As an assist device,,1,2,1,1,,,,,1,1,1,1,Options to Avoid,Sepsis AI suggests between one and three treatment options to consider avoiding. These options are identified based on the rates of mortality in the admission for similar patients that received each treatment.,4,This is the fifth case.,1,1,3,1,1,,,,,1,0,1,2,Other (please indicate),Emergency and internal medicine ,"Academic, university affiliated",All or almost all (95% or more),Mailing List,,
1670,e665178ffbe68b363c648dd1c071fceba7927afcc9b48e1555a63fb8bade3679,> 10 years,Proficient - deep understanding,,,,,,,,172.519,193.028,193.036,4,Give neither IV fluids nor diuretics.,Add another vasopressor.,Fairly confident,Neutral,Did not affect my thinking at all,,,,,,,,,152.413,171.056,171.061,4,Give neither IV fluids nor diuretics.,Start a vasopressor.,Fairly confident,Very dissatisfied,Made me second-guess my plan,,,,,,,,,112.978,216.667,216.679,11,Stop diuretics and don't give IV fluids.,Start a vasopressor ONLY IF I ordered fluid and there is NO positive response in less than four hours.,Slightly confident,Very dissatisfied,"Prompted me to consider an alternative plan,Made me second-guess my plan",,,,,,,,,261.145,324.147,324.158,5,Give neither IV fluids nor diuretics.,Wean the secondary vasopressor.,Somewhat confident,Dissatisfied,Prompted me to consider an alternative plan,,,,,,,,,113.781,129.282,129.288,6,Give up to 1 L of IV fluid.,Start a vasopressor.,Fairly confident,Neutral,Did not affect my thinking at all,,82.872,117.372,117.375,4,Give neither IV fluids nor diuretics.,Start a vasopressor.,Fairly confident,,,,,,,,,,,"Yes, I'll review two additional cases",Disagree,Disagree,Agree,Disagree,Disagree,"Sepsis AI was not very useful. It did not take into account the history or the POCUS findings (when available) and that reduced my ability to trust it. Also, some of its recommendations were just off. ","I hope in the future, AI helps me identify phenotypes of sepsis (hyper or hypoinflammatory) and help me identify some treatments I am clearly missing (eg. Using zosyn in someone who has a history of resistance to it). ","I wish the study gave me POCUS findings for every case. Especially in the first two cases I would have done POCUS, gotten a history of fluid intake and made decisions on whether to give more fluids or not. Also having repeat CCR findings would have helped in some cases for me to be more confident in my plan. ",1,1,1,1,3,3,1,1,1,1,1,1,Recommended Treatment,Sepsis AI identifies the treatment plan that will lead to the lowest risk of mortality in this admission.,6,This is the sixth and final case.,2,1,4,1,3,1,0,1,1,1,5,1,2,Other (please indicate),Internal Medicine-Pediatrics,"Academic, university affiliated",All or almost all (95% or more),Mailing List,,
2367,7867afe3ca5043ea2fa86b23fdbdedf4ce6d84fe80b3d7138d7e66dbf31aa8aa,> 10 years,Proficient - deep understanding,,,,,,,,120.243,322.924,322.928,12,Give up to 1 L of IV fluid.,Add another vasopressor ONLY IF I ordered fluid and there is NO positive response in less than four hours.,Somewhat confident,Neutral,"Prompted me to assess the patient further,Made me second-guess my plan",,,,,,,,,19.397,183.31,183.328,11,Give neither IV fluids nor diuretics.,Start a vasopressor.,Fairly confident,Satisfied,Prompted me to assess the patient further,,,,,,,,,68.442,216.74,216.747,10,Stop diuretics and give more than 1 L of IV fluid.,Start a vasopressor ONLY IF I ordered fluid and there is NO positive response in less than four hours.,Fairly confident,Dissatisfied,"Prompted me to assess the patient further,Made me second-guess my plan",,7.607,309.083,309.091,13,Give neither IV fluids nor diuretics.,Wean the secondary vasopressor.,Somewhat confident,,,,,,,,,,,,,,,,,,63.382,158.631,158.643,11,Give up to 1 L of IV fluid.,Start a vasopressor.,Somewhat confident,Neutral,"Helped me form an initial assessment of the patient,Prompted me to assess the patient further",,,,,,,,,7.38,264.534,264.547,15,Give more than 1 L of IV fluid.,Start a vasopressor.,Somewhat confident,Dissatisfied,"Prompted me to assess the patient further,Made me second-guess my plan",,"Yes, I'll review two additional cases",Disagree,Disagree,Agree,Somewhat disagree,Somewhat disagree,I would rather see recommendations of what therapies for similar pts were associated with good outcomes instead of only what to AVOID,"Suggesting good recommendations while mentioning things to consider avoiding. Both would be helpful as a set. That would then be more of a best practice suggestion in my opinion.  

Further if there is a set of negative data such as 'giving fluid at that stage to similar pts led to intubation in 75%'-- would allow some education and more to contribute to the reasoning of the plan. 

I found the wording of some of the 'Negative therapies/combo therapies' a bit confusing to think about","I listed my initial ideas above, this is an interesting project, please keep me in for next stages!",1,1,1,1,1,1,1,1,1,1,2,1,Options to Avoid,Sepsis AI suggests between one and three treatment options to consider avoiding. These options are identified based on the rates of mortality in the admission for similar patients that received each treatment.,6,This is the sixth and final case.,3,1,1,1,4,1,0,1,3,1,2,1,5,"Internal medicine, not pulmonary",,"Academic, university affiliated",Less than 50%,Mailing List,,
469,6ff22621c2a6f093bf03453c59f4f753d93df8f91bedd3b3555cdb12a290bb0b,> 10 years,Proficient - deep understanding,,,,,,,,,,,,,,,,,,47.351,60.881,60.888,6,Give a diuretic.,Start a vasopressor.,Somewhat confident,,,,,,,,,,,,,,,,,,75.446,97.985,97.989,4,Stop diuretics and don't give IV fluids.,Start a vasopressor.,Fairly confident,Dissatisfied,Did not affect my thinking at all,,,,,,,,,69.753,86.164,86.182,4,Give neither IV fluids nor diuretics.,Wean the secondary vasopressor.,Somewhat confident,Neutral,Gave me an initial plan,,,,,,,,,26.121,42.587,42.598,4,Give up to 1 L of IV fluid.,Start a vasopressor ONLY IF I ordered fluid and there is NO positive response in less than four hours.,Somewhat confident,Satisfied,"Gave me an initial plan,Made me more confident in my plan",,,,,,,,,,,,,,,,,,,"No, take me to the final questions",Somewhat disagree,Neither agree nor disagree,Agree,Somewhat disagree,Neither agree nor disagree,Not useful as I don;t know the data it used to reach its recommendations,Supportive most useful with unexperienced clinicians,,,,1,3,1,1,1,1,1,1,,,Recommended Treatment,Sepsis AI identifies the treatment plan that will lead to the lowest risk of mortality in this admission.,4,This is the fifth case.,2,,,1,2,1,0,1,1,1,3,,,Anesthesiology,,"Academic, university affiliated",All or almost all (95% or more),Mailing List,,
740,46215c8e2cf0ec7f7329362737d7f3a83c7d0953ce2c368d99ce5eedc043210c,5-10 years,Proficient - deep understanding,,,,,,,,36.175,194.618,194.637,5,Give up to 1 L of IV fluid.,Wean the existing vasopressor ONLY IF I ordered fluid and there is a positive response in less than four hours.,Fairly confident,Dissatisfied,Did not affect my thinking at all,,,,,,,,,60.298,70.634,70.654,4,Give neither IV fluids nor diuretics.,Start a vasopressor.,Fairly confident,Dissatisfied,I'm not sure,,26.234,89.659,89.669,5,Continue the diuretic.,Start a vasopressor.,Fairly confident,,,,,,,,,,,,,,,,,,49.829,110.503,110.511,5,Give a diuretic.,Continue both vasopressors.,Fairly confident,Dissatisfied,Did not affect my thinking at all,,,,,,,,,13.232,55.993,56,5,Give up to 1 L of IV fluid.,Start a vasopressor.,Fairly confident,Dissatisfied,Did not affect my thinking at all,,,,,,,,,78.268,83.797,83.804,4,Give neither IV fluids nor diuretics.,Start a vasopressor.,Fairly confident,Neutral,Helped me decide between alternatives,,"Yes, I'll review two additional cases",Strongly disagree,Strongly disagree,Disagree,Strongly disagree,Strongly disagree,,,,1,1,1,1,1,1,1,1,1,1,1,1,Options to Consider,Sepsis AI suggests between one and three treatment options to consider. These options are identified based on the rates of mortality in the admission for similar patients that received each treatment.,6,This is the sixth and final case.,1,1,3,1,0,1,1,1,4,1,5,1,2,Other (please indicate),Pulmonary/Critical Care,"Academic, university affiliated",Less than 50%,Mailing List,,
889,e756e856e49887c64efb3f3ddf1c0c4810157b57f966d20477c5c913d0eb8792,5-10 years,Proficient - deep understanding,,,,,,,,10.955,180.599,180.618,41,Give neither IV fluids nor diuretics.,Continue the existing vasopressor.,Somewhat confident,Neutral,Prompted me to consider an alternative plan,,,,,,,,,90.307,96.393,96.407,5,Give neither IV fluids nor diuretics.,Start a vasopressor.,Somewhat confident,Neutral,I'm not sure,,58.889,108.996,109.006,13,Stop diuretics and don't give IV fluids.,Start a vasopressor.,Fairly confident,,,,,,,,,,,,,,,,,,100.406,146.603,146.611,10,Give a diuretic.,Wean the secondary vasopressor.,Somewhat confident,Satisfied,"Prompted me to assess the patient further,Prompted me to consider an alternative plan,Helped me decide between alternatives",,,,,,,,,74.065,99.859,99.863,4,Give up to 1 L of IV fluid.,Start a vasopressor ONLY IF I ordered fluid and there is NO positive response in less than four hours.,Somewhat confident,Dissatisfied,Did not affect my thinking at all,,,,,,,,,23.763,91.145,91.15,9,Give neither IV fluids nor diuretics.,Start a vasopressor.,Fairly confident,Neutral,Made me more confident in my plan,,"Yes, I'll review two additional cases",Somewhat agree,Neither agree nor disagree,Agree,Neither agree nor disagree,Somewhat agree,,,,2,1,1,1,1,1,2,2,1,1,1,1,Options to Consider,Sepsis AI suggests between one and three treatment options to consider. These options are identified based on the rates of mortality in the admission for similar patients that received each treatment.,6,This is the sixth and final case.,2,1,1,1,4,1,2,1,3,1,0,1,5,"Internal medicine, pulmonary",,"Academic, university affiliated",More than 50% but less than 95%,Mailing List,,
712,17bbd3d6ff1a33304ca8ac50e42480c6ecd4c8fff8c988e05a6a78983d5bc79f,> 10 years,Proficient - deep understanding,,,,,,,,156.856,204.5,204.508,4,Give up to 1 L of IV fluid.,Wean the existing vasopressor ONLY IF I ordered fluid and there is a positive response in less than four hours.,Somewhat confident,Dissatisfied,Made me second-guess my plan,,,,,,,,,,,,,,,,,,,,,,,,,,,,,,,,,,,,,,,,,,,137.723,152.183,152.191,4,Give a diuretic.,Continue both vasopressors.,Somewhat confident,Neutral,Did not affect my thinking at all,,,,,,,,,39.427,58.643,58.652,4,Give more than 1 L of IV fluid.,Start a vasopressor.,Fairly confident,Neutral,Did not affect my thinking at all,,105.095,114.271,114.279,4,Give neither IV fluids nor diuretics.,Start a vasopressor.,Fairly confident,,,,,,,,,,,"No, take me to the final questions",Strongly disagree,Disagree,Somewhat agree,Disagree,Somewhat disagree,,,,1,1,,,,,1,1,1,1,1,1,Options to Consider,Sepsis AI suggests between one and three treatment options to consider. These options are identified based on the rates of mortality in the admission for similar patients that received each treatment.,4,This is the fifth case.,1,1,0,,,,,1,3,1,2,1,1,"Internal medicine, pulmonary",,"Academic, university affiliated",All or almost all (95% or more),Mailing List,,
638,5cd60d2d4498641f9b3e0277d8b67e4048b5c3726730d327a4794f8384f1b877,> 10 years,Proficient - deep understanding,,,,,,,,53.958,73.728,73.734,4,Give neither IV fluids nor diuretics.,Continue the existing vasopressor.,Fairly confident,Satisfied,Made me more confident in my plan,,,,,,,,,58.745,69.755,69.763,4,Give neither IV fluids nor diuretics.,Start a vasopressor.,Fairly confident,Satisfied,Did not affect my thinking at all,,75.562,82.92,82.927,4,Stop diuretics and don't give IV fluids.,Start a vasopressor.,Fairly confident,,,,,,,,,,,,,,,,,,66.86,104.438,104.445,4,Give neither IV fluids nor diuretics.,Continue both vasopressors.,Fairly confident,Satisfied,Made me second-guess my plan,,,,,,,,,44.506,70.674,70.677,5,Give up to 1 L of IV fluid.,Start a vasopressor.,Fairly confident,Satisfied,Made me second-guess my plan,,,,,,,,,54.943,61.115,61.121,4,Give neither IV fluids nor diuretics.,Start a vasopressor.,Somewhat confident,Satisfied,Helped me decide between alternatives,,"Yes, I'll review two additional cases",Somewhat agree,Somewhat agree,Agree,Agree,Agree,I think it would be ideal to help medical residents and APPs.  I think the major challenge is that it is a black box and i would want to know the why behind the answers.,See above,See above,1,1,1,1,1,1,1,1,2,1,1,1,Options to Avoid,Sepsis AI suggests between one and three treatment options to consider avoiding. These options are identified based on the rates of mortality in the admission for similar patients that received each treatment.,6,This is the sixth and final case.,3,1,2,1,0,1,3,1,1,1,5,1,4,"Internal medicine, pulmonary",,"Academic, university affiliated",More than 50% but less than 95%,Mailing List,,
2912,92a61a48d20a310d30a87912d05f692f2fa95f1d665c41c9267b4e0e2deb07db,> 10 years,Proficient - deep understanding,,,,,,,,27.133,129.301,129.304,9,Give up to 1 L of IV fluid.,Continue the existing vasopressor.,Somewhat confident,Neutral,I'm not sure,,128.991,135.399,135.405,4,Give up to 1 L of IV fluid.,Start a vasopressor ONLY IF I ordered fluid and there is NO positive response in less than four hours.,Somewhat confident,,,,,,,,,,,,,,,,,,42.605,91.028,91.039,6,Continue the diuretic.,Start a vasopressor.,Somewhat confident,Satisfied,Prompted me to consider an alternative plan,,,,,,,,,537.546,559.027,559.043,4,Give a diuretic.,Wean the secondary vasopressor.,Fairly confident,Satisfied,Made me more confident in my plan,,,,,,,,,69.944,74.472,74.484,4,Give more than 1 L of IV fluid.,Do not give vasopressors.,Somewhat confident,Satisfied,Made me more confident in my plan,,,,,,,,,1785.169,1841.065,1841.074,5,Give neither IV fluids nor diuretics.,Start a vasopressor.,Fairly confident,Satisfied,Made me more confident in my plan,,"Yes, I'll review two additional cases",Agree,Somewhat agree,Strongly agree,Somewhat agree,Somewhat agree,,,,1,1,1,1,1,1,1,1,1,1,1,1,Options to Consider,Sepsis AI suggests between one and three treatment options to consider. These options are identified based on the rates of mortality in the admission for similar patients that received each treatment.,6,This is the sixth and final case.,1,1,5,1,1,1,3,1,0,1,4,1,2,"Internal medicine, pulmonary",,"Academic, university affiliated",Less than 50%,Mailing List,,
678,72aa0f47c5797861408eb31d366a7cba46e2622cd680ba7d2fb854adabfa8cbd,> 10 years,Expert - authoritative knowledge,,,,,,,,193.479,214.167,214.183,4,Give neither IV fluids nor diuretics.,Wean the existing vasopressor.,Fairly confident,Satisfied,"Prompted me to assess the patient further,Gave me an initial plan,Prompted me to consider an alternative plan",,63.706,77.78,77.784,4,Give neither IV fluids nor diuretics.,Start a vasopressor.,Fairly confident,,,,,,,,,,,,,,,,,,57.448,63.44,63.452,4,Stop diuretics and don't give IV fluids.,Start a vasopressor.,Fairly confident,Neutral,"Prompted me to assess the patient further,Gave me an initial plan,Prompted me to consider an alternative plan,Helped me decide between alternatives",,,,,,,,,48.041,77.233,77.239,4,Give a diuretic.,Continue both vasopressors.,Fairly confident,Satisfied,"Prompted me to assess the patient further,Prompted me to consider an alternative plan,Helped me decide between alternatives",,,,,,,,,39.967,46.679,46.696,4,Give more than 1 L of IV fluid.,Start a vasopressor ONLY IF I ordered fluid and there is NO positive response in less than four hours.,Fairly confident,Satisfied,"Prompted me to assess the patient further,Gave me an initial plan,Prompted me to consider an alternative plan,Helped me decide between alternatives",,,,,,,,,61.986,71.691,71.701,4,Give neither IV fluids nor diuretics.,Start a vasopressor.,Fairly confident,Satisfied,"Prompted me to assess the patient further,Gave me an initial plan,Helped me decide between alternatives",,"Yes, I'll review two additional cases",Somewhat disagree,Neither agree nor disagree,Somewhat agree,Somewhat agree,Somewhat agree,,,,1,1,1,1,1,1,1,1,1,1,1,1,Recommended Treatment,Sepsis AI identifies the treatment plan that will lead to the lowest risk of mortality in this admission.,6,This is the sixth and final case.,0,1,1,1,0,1,5,1,4,1,3,1,2,Emergency medicine,,"Academic, university affiliated",More than 50% but less than 95%,Mailing List,,
806,c56d6d48313f08d9ee45d02956038092669215253f6b4b0040ae75d3a544f559,> 10 years,Expert - authoritative knowledge,,,,,,,,,,,,,,,,,,,,,,,,,,,,,,,,,,,,,,,,,,105.611,120.161,120.167,4,Stop diuretics and give up to 1 L of IV fluid.,Start a vasopressor ONLY IF I ordered fluid and there is NO positive response in less than four hours.,Fairly confident,Dissatisfied,"Helped me form an initial assessment of the patient,Prompted me to assess the patient further,Gave me an initial plan,Prompted me to consider an alternative plan,Helped me decide between alternatives",,,,,,,,,149.018,175.807,175.823,4,Give a diuretic.,Wean the secondary vasopressor.,Fairly confident,Satisfied,"Gave me an initial plan,Made me more confident in my plan",,75.962,81.464,81.471,4,Give neither IV fluids nor diuretics.,Start a vasopressor.,Somewhat confident,,,,,,,,,,,,,,,,,,88.888,100.024,100.031,4,Give neither IV fluids nor diuretics.,Start a vasopressor.,Fairly confident,Very satisfied,"Helped me form an initial assessment of the patient,Prompted me to assess the patient further,Gave me an initial plan,Prompted me to consider an alternative plan,Helped me decide between alternatives,Made me more confident in my plan",,"No, take me to the final questions",Neither agree nor disagree,Agree,Agree,Agree,Agree,It made me re-review the cases and consider alternative treatment plans. The decision to give fluids or diuretics (or none) was the treatment choice that I felt was most affected by the use of the AI system. It also made me somewhat more confident in choosing a plan. ,To give an initial treatment recommendation (it might be nice if it briefly explained how it came to decide on an initial treatment recommendation). ,An interesting app that I think could be useful in critical care - probably a lot of other pathologies that an AI system can be developed to assist with management. ,,,,,1,1,1,1,1,1,1,1,Recommended Treatment,Sepsis AI identifies the treatment plan that will lead to the lowest risk of mortality in this admission.,4,This is the fifth case.,2,,,,,1,1,1,0,1,2,1,3,Anesthesiology,,"Academic, university affiliated",All or almost all (95% or more),Mailing List,,
576,29fe7d86d804d3cdced50fe4e507475ac50a1a302dca1ce601fd6ccf5817e75c,> 10 years,Proficient - deep understanding,,,,,,,,48.908,55.997,56.012,4,Give neither IV fluids nor diuretics.,Wean the existing vasopressor.,Slightly confident,Satisfied,Gave me an initial plan,,,,,,,,,170.406,179.172,179.183,4,Give up to 1 L of IV fluid.,Start a vasopressor.,Slightly confident,Satisfied,Prompted me to assess the patient further,,40.037,47.645,47.653,5,Stop diuretics and give up to 1 L of IV fluid.,Do not give vasopressors.,Slightly confident,,,,,,,,,,,,,,,,,,,,,,,,,,,,,,,,,,,141.214,155.558,155.568,4,Give up to 1 L of IV fluid.,Start a vasopressor ONLY IF I ordered fluid and there is NO positive response in less than four hours.,Slightly confident,Satisfied,Gave me an initial plan,,,,,,,,,,,,,,,,,,,"No, take me to the final questions",Agree,Agree,Agree,Agree,Agree,It would be useful  to see the thinking process behind how the AI came to the decisions so you can cross check it for validity,,,1,1,1,1,1,1,,,1,1,,,Options to Consider,Sepsis AI suggests between one and three treatment options to consider. These options are identified based on the rates of mortality in the admission for similar patients that received each treatment.,4,This is the fifth case.,2,1,3,1,1,1,2,,,1,0,,,"Internal medicine, pulmonary",,"Academic, not university affiliated",More than 50% but less than 95%,Mailing List,,
5672,690875f1c00fc4f60f642f86274bf6b44e7eef924aa3bab194bed2d4223a75ff,> 10 years,Proficient - deep understanding,,,,,,,,36.606,305.559,305.565,74,Give up to 1 L of IV fluid.,Add another vasopressor ONLY IF I ordered fluid and there is NO positive response in less than four hours.,Fairly confident,Satisfied,"Helped me form an initial assessment of the patient,Prompted me to assess the patient further,Prompted me to consider an alternative plan",,360.008,427.283,427.321,31,Give neither IV fluids nor diuretics.,Start a vasopressor.,Extremely confident,,,,,,,,,,,,,,,,,,2.836,242.795,242.809,73,Stop diuretics and give up to 1 L of IV fluid.,Start a vasopressor ONLY IF I ordered fluid and there is NO positive response in less than four hours.,Extremely confident,Satisfied,"Helped me form an initial assessment of the patient,Prompted me to assess the patient further,Gave me an initial plan",,,,,,,,,265.759,2101.234,2101.242,149,Give neither IV fluids nor diuretics.,Wean the secondary vasopressor.,Fairly confident,Neutral,"Gave me an initial plan,Prompted me to consider an alternative plan",,,,,,,,,94.844,788.622,788.659,43,Give up to 1 L of IV fluid.,Start a vasopressor ONLY IF I ordered fluid and there is NO positive response in less than four hours.,Fairly confident,Neutral,Helped me form an initial assessment of the patient,,,,,,,,,29.655,176.486,176.518,56,Give up to 1 L of IV fluid.,Start a vasopressor ONLY IF I ordered fluid and there is NO positive response in less than four hours.,Fairly confident,Neutral,"Prompted me to consider an alternative plan,Helped me decide between alternatives",,"Yes, I'll review two additional cases",Neither agree nor disagree,Somewhat agree,Agree,Somewhat agree,Strongly agree,I liked the alternative treatment plans including the predicted mortality associated with each option. The options turned out to be the similar so it's easy to become familiar with the options.,It would be helpful to be able to input data and get an opinion as to how to proceed with treatment.,I enjoyed participating.,2,1,2,1,2,1,1,1,1,2,1,1,Options to Avoid,Sepsis AI suggests between one and three treatment options to consider avoiding. These options are identified based on the rates of mortality in the admission for similar patients that received each treatment.,6,This is the sixth and final case.,3,1,1,1,3,1,0,1,5,1,2,1,4,"Internal medicine, pulmonary",,"Academic, university affiliated",All or almost all (95% or more),Mailing List,,
1123,4806953fb4731c31e174e0c03ca8b7432aa1b48883373d102d36d2f1a3c6894f,> 10 years,Proficient - deep understanding,,,,,,,,78.681,136.065,136.077,4,Give up to 1 L of IV fluid.,Wean the existing vasopressor ONLY IF I ordered fluid and there is a positive response in less than four hours.,Somewhat confident,Neutral,Prompted me to assess the patient further,,,,,,,,,77.182,102.699,102.715,4,Give neither IV fluids nor diuretics.,Do not give vasopressors.,Slightly confident,Neutral,Prompted me to assess the patient further,,,,,,,,,83.383,106.557,106.573,4,Continue the diuretic.,Start a vasopressor.,Slightly confident,Neutral,"Prompted me to assess the patient further,Prompted me to consider an alternative plan",,,,,,,,,91.15,124.865,124.882,4,Give a diuretic.,Continue both vasopressors.,Somewhat confident,Neutral,"Prompted me to assess the patient further,Made me second-guess my plan",,39.747,59.276,59.283,4,Give up to 1 L of IV fluid.,Start a vasopressor ONLY IF I ordered fluid and there is NO positive response in less than four hours.,Fairly confident,,,,,,,,,,,,,,,,,,154.85,191.647,191.663,4,Give neither IV fluids nor diuretics.,Start a vasopressor.,Fairly confident,Dissatisfied,Did not affect my thinking at all,,"Yes, I'll review two additional cases",Neither agree nor disagree,Somewhat disagree,Somewhat agree,Somewhat disagree,Somewhat disagree,"It was unclear what option Sepsis AI would recommend, while it seemed clear what it would NOT recommend. ","Unclear it's current role, but with evolved data mining and analytics presumably preferred or less preferred treatment modalities could be made available. E.g. certain options could be present to choose from or certain options greyed or presented at the bottom of available choices to push towards ""preferred"" treatment choices.",  I found myself using experience based prejudices and pre-existing knowledge of similar cases to make most clinical decisions for these cases.  Interesting study to push care forward!,1,1,1,1,1,1,1,1,1,1,1,1,Options to Avoid,Sepsis AI suggests between one and three treatment options to consider avoiding. These options are identified based on the rates of mortality in the admission for similar patients that received each treatment.,6,This is the sixth and final case.,0,1,4,1,5,1,3,1,1,1,0,1,2,"Internal medicine, pulmonary",,"Academic, university affiliated",All or almost all (95% or more),Mailing List,,
2844,47cd7a9ba3a204aeba1dd89efae1cfd1247352f048fcf2b60731e609fcd47fef,> 10 years,Proficient - deep understanding,94.945,152.417,152.435,4,Give more than 1 L of IV fluid.,Add another vasopressor.,Fairly confident,,,,,,,,,,,,,,,,,,1001.063,1027.063,1027.08,4,Give up to 1 L of IV fluid.,Start a vasopressor.,Somewhat confident,Dissatisfied,"Prompted me to assess the patient further,Prompted me to consider an alternative plan,Made me second-guess my plan",,,,,,,,,100.595,277.327,277.33,11,Stop diuretics and give up to 1 L of IV fluid.,Start a vasopressor ONLY IF I ordered fluid and there is NO positive response in less than four hours.,Fairly confident,Satisfied,Made me more confident in my plan,,,,,,,,,147.165,307.02,307.028,4,Give a diuretic.,Wean the secondary vasopressor.,Fairly confident,Satisfied,Did not affect my thinking at all,,,,,,,,,44.374,75.358,75.375,4,Give more than 1 L of IV fluid.,Start a vasopressor ONLY IF I ordered fluid and there is NO positive response in less than four hours.,Fairly confident,Satisfied,Made me more confident in my plan,,,,,,,,,513.211,521.059,521.074,4,Give neither IV fluids nor diuretics.,Start a vasopressor.,Fairly confident,Neutral,"Prompted me to assess the patient further,Made me second-guess my plan",,"Yes, I'll review two additional cases",Somewhat disagree,Somewhat agree,Neither agree nor disagree,Neither agree nor disagree,Somewhat agree,I'd like to see it reference its recommendations. I would like to know what studies or data points it used in making its decision to understand its logic and ascertain if I agree with the appropriateness of the references to this particular patient. ,It would initiate consideration of alternate plans or confirm the ordered plan. ,,1,1,1,1,5,4,1,1,1,1,1,1,Options to Consider,Sepsis AI suggests between one and three treatment options to consider. These options are identified based on the rates of mortality in the admission for similar patients that received each treatment.,6,This is the sixth and final case.,1,1,1,1,0,1,4,1,3,1,5,1,2,"Internal medicine, pulmonary",,"Academic, university affiliated",Less than 50%,Mailing List,,
1561,ca375c1c1c5b6aa5516f914035e419226237d0dd16ae31095fb69c76140e5a9a,> 10 years,Proficient - deep understanding,,,,,,,,278.131,296.026,296.037,4,Give neither IV fluids nor diuretics.,Wean the existing vasopressor.,Somewhat confident,Satisfied,Made me more confident in my plan,,,,,,,,,198.679,251.427,251.435,4,Give a diuretic.,Start a vasopressor.,Somewhat confident,Dissatisfied,Prompted me to consider an alternative plan,,,,,,,,,175.874,339.381,339.39,7,Stop diuretics and don't give IV fluids.,Start a vasopressor.,Slightly confident,Neutral,Prompted me to consider an alternative plan,,,,,,,,,132.024,152.602,152.613,4,Give a diuretic.,Wean both existing vasopressors.,Fairly confident,Neutral,Made me more confident in my plan,,,,,,,,,66.962,146.6,146.62,5,Give more than 1 L of IV fluid.,Start a vasopressor.,Somewhat confident,Neutral,Prompted me to consider an alternative plan,,115.675,141.593,141.603,4,Give neither IV fluids nor diuretics.,Do not give vasopressors.,Fairly confident,,,,,,,,,,,"Yes, I'll review two additional cases",Disagree,Neither agree nor disagree,Somewhat disagree,Neither agree nor disagree,Somewhat disagree,,,,1,1,1,1,3,1,1,1,1,1,1,1,Recommended Treatment,Sepsis AI identifies the treatment plan that will lead to the lowest risk of mortality in this admission.,6,This is the sixth and final case.,3,1,4,1,0,1,5,1,2,1,1,1,3,"Internal medicine, not pulmonary",,Community,Less than 50%,Mailing List,,
496,93f6b6eeae7530e3d9ba439ff5210dfab79e9a65c762218023f5398610ee23c9,> 10 years,Expert - authoritative knowledge,,,,,,,,67.806,100.539,100.557,5,Give neither IV fluids nor diuretics.,Continue the existing vasopressor.,Extremely confident,Neutral,Made me second-guess my plan,,,,,,,,,84.317,96.486,96.503,4,Give a diuretic.,Start a vasopressor.,Fairly confident,Neutral,Made me second-guess my plan,,,,,,,,,36.609,68.965,68.982,4,Stop diuretics and give up to 1 L of IV fluid.,Start a vasopressor ONLY IF I ordered fluid and there is NO positive response in less than four hours.,Fairly confident,Neutral,Made me second-guess my plan,,,,,,,,,,,,,,,,,,,,,,,,,,,,,,,,,,,,46.251,54.089,54.105,4,Give neither IV fluids nor diuretics.,Start a vasopressor.,Extremely confident,,,,,,,,,,,"No, take me to the final questions",Somewhat disagree,Somewhat disagree,Agree,Neither agree nor disagree,Disagree,Therapeutic options that were often paired did not allow for exclusivity of plan trajectories. ,AI to help in recognition of and identification of sepsis for screening purposes. ,,1,1,1,1,1,1,,,,,1,1,Options to Consider,Sepsis AI suggests between one and three treatment options to consider. These options are identified based on the rates of mortality in the admission for similar patients that received each treatment.,4,This is the fifth case.,1,1,0,1,2,1,3,,,,,1,1,"Internal medicine, pulmonary",,"Academic, university affiliated",More than 50% but less than 95%,Mailing List,,
1093,abc29f6dd87789d804c852d433f12f06db7583cecb6e5ab2da80a88a523f5eea,> 10 years,Expert - authoritative knowledge,,,,,,,,193.841,215.08,215.09,5,Give more than 1 L of IV fluid.,Add another vasopressor ONLY IF I ordered fluid and there is NO positive response in less than four hours.,Fairly confident,Satisfied,"Prompted me to consider an alternative plan,Made me more confident in my plan",,,,,,,,,38.622,47.245,47.255,4,Give up to 1 L of IV fluid.,Start a vasopressor.,Fairly confident,Satisfied,Made me more confident in my plan,,,,,,,,,93.271,112.744,112.749,4,Stop diuretics and give up to 1 L of IV fluid.,Start a vasopressor.,Fairly confident,Satisfied,Made me more confident in my plan,,,,,,,,,102.039,117.892,117.9,4,Give neither IV fluids nor diuretics.,Continue both vasopressors.,Fairly confident,Neutral,"Prompted me to assess the patient further,Prompted me to consider an alternative plan,Made me second-guess my plan",,,,,,,,,92.628,100.482,100.487,4,Give more than 1 L of IV fluid.,Start a vasopressor.,Extremely confident,Satisfied,Made me more confident in my plan,,53.668,62.83,62.838,4,Give up to 1 L of IV fluid.,Start a vasopressor.,Fairly confident,,,,,,,,,,,"Yes, I'll review two additional cases",Neither agree nor disagree,Somewhat agree,Neither agree nor disagree,Somewhat agree,Somewhat agree,"I am not certain of all of SepsisAI recommendations.
Maybe need something more granular.",I am not sure. I might need to incorporate hemodynamic monitoring in its assessments and recommendations,Thank you for inviting me,1,2,1,1,1,1,1,1,1,1,1,1,Options to Avoid,Sepsis AI suggests between one and three treatment options to consider avoiding. These options are identified based on the rates of mortality in the admission for similar patients that received each treatment.,6,This is the sixth and final case.,0,1,3,1,4,1,5,1,1,1,2,1,0,"Internal medicine, not pulmonary",,"Academic, university affiliated",All or almost all (95% or more),Mailing List,,
1494,1f7587117506d9f4de54215b0863f5cd0771cac86e92e9ef8575fa65dfa56e19,> 10 years,Expert - authoritative knowledge,,,,,,,,111.933,175.163,175.168,6,Give neither IV fluids nor diuretics.,Add another vasopressor.,Fairly confident,Dissatisfied,Did not affect my thinking at all,,,,,,,,,146.682,234.016,234.027,7,Give up to 1 L of IV fluid.,Start a vasopressor.,Fairly confident,Dissatisfied,Made me second-guess my plan,,95.431,158.786,158.803,5,Continue the diuretic.,Start a vasopressor.,Fairly confident,,,,,,,,,,,,,,,,,,131.483,210.51,210.517,4,Give neither IV fluids nor diuretics.,Continue both vasopressors.,Extremely confident,Dissatisfied,"Prompted me to assess the patient further,Made me second-guess my plan",,,,,,,,,58.095,72.896,72.914,4,Give more than 1 L of IV fluid.,Start a vasopressor ONLY IF I ordered fluid and there is NO positive response in less than four hours.,Extremely confident,Neutral,Did not affect my thinking at all,,,,,,,,,74.848,86.445,86.449,5,Give up to 1 L of IV fluid.,Start a vasopressor.,Fairly confident,Dissatisfied,Did not affect my thinking at all,,"Yes, I'll review two additional cases",Strongly disagree,Strongly disagree,Disagree,Strongly disagree,Disagree,"It made me spend more time thinking about the patient, since I felt like someone else was watching over me judging my decision. ","Should prompt things to think about and discuss with others, rather than declare things about what to do. Also it needs to give a rationale, otherwise it will end up being ignored (which happened to me by the end of the cases). Without knowing its rationale, it is worse than useless since it detracts from my productivity and peace of mind.","Study is interesting but I do believe that, predictive analytics will have its strongest applications when it opens a conversation between providers about creating rationales, rather than telling them what to do (at least until confidence builds). There is significant literature that says that many physicians ignore AI based recommendations, but I believe that is because the rationale is not available. A simpler use of AI for the time being should be in the workflow automation space rather than clinical decision support.",2,2,3,2,2,1,1,1,1,1,1,1,Recommended Treatment,Sepsis AI identifies the treatment plan that will lead to the lowest risk of mortality in this admission.,6,This is the sixth and final case.,2,1,4,1,1,1,2,1,0,1,3,1,5,Other (please indicate),Pulmonary Critical Care,"Academic, university affiliated",More than 50% but less than 95%,Mailing List,,
940,b7ae9b947db3cdc327790bcdd3761fa70802f676cd5b2e6d6475ec3676bafcdc,> 10 years,Proficient - deep understanding,,,,,,,,81.869,113.536,113.541,4,Give neither IV fluids nor diuretics.,Continue the existing vasopressor.,Fairly confident,Satisfied,Did not affect my thinking at all,,,,,,,,,86.834,97.723,97.728,4,Give neither IV fluids nor diuretics.,Start a vasopressor.,Somewhat confident,Satisfied,Helped me decide between alternatives,,81.898,110.15,110.158,4,Stop diuretics and don't give IV fluids.,Start a vasopressor.,Somewhat confident,,,,,,,,,,,,,,,,,,77.287,99.875,99.88,4,Give neither IV fluids nor diuretics.,Continue both vasopressors.,Slightly confident,Neutral,Made me second-guess my plan,,,,,,,,,3.431,102.031,102.037,6,Give neither IV fluids nor diuretics.,Start a vasopressor.,Slightly confident,Neutral,Helped me decide between alternatives,,,,,,,,,70.578,77.77,77.776,4,Give neither IV fluids nor diuretics.,Start a vasopressor.,Fairly confident,Neutral,Did not affect my thinking at all,,"Yes, I'll review two additional cases",Somewhat disagree,Somewhat agree,Strongly agree,Neither agree nor disagree,Agree,"helped making decisions between options on borderline cases

needs to be more specific",would be better with yes/no options (give fluid or don't),"somewhat vague options
would like to see ""positive"" options eg ""this improved survival etc""",1,1,1,1,1,1,1,1,1,1,1,1,Options to Avoid,Sepsis AI suggests between one and three treatment options to consider avoiding. These options are identified based on the rates of mortality in the admission for similar patients that received each treatment.,6,This is the sixth and final case.,0,1,3,1,1,1,0,1,4,1,5,1,2,"Internal medicine, pulmonary",,Community,More than 50% but less than 95%,Mailing List,,
2088,ac4f479a4e1340fc492618222f82e344ec362b1127a7595a76178b228daa38aa,> 10 years,Proficient - deep understanding,,,,,,,,82.241,108.586,108.594,4,Give neither IV fluids nor diuretics.,Continue the existing vasopressor.,Fairly confident,Neutral,"Prompted me to consider an alternative plan,Made me second-guess my plan",,,,,,,,,95.234,105.851,105.86,4,Give neither IV fluids nor diuretics.,Start a vasopressor.,Fairly confident,Neutral,"Prompted me to consider an alternative plan,Made me second-guess my plan",,90.404,94.372,94.382,4,Stop diuretics and give up to 1 L of IV fluid.,Start a vasopressor.,Fairly confident,,,,,,,,,,,,,,,,,,117.675,157.547,157.556,4,Give a diuretic.,Wean the secondary vasopressor.,Fairly confident,Neutral,"Prompted me to consider an alternative plan,Made me second-guess my plan",,,,,,,,,69.032,95.221,95.232,4,Give up to 1 L of IV fluid.,Start a vasopressor ONLY IF I ordered fluid and there is NO positive response in less than four hours.,Fairly confident,Neutral,"Prompted me to consider an alternative plan,Made me second-guess my plan",,,,,,,,,65.881,74.771,74.78,4,Give neither IV fluids nor diuretics.,Start a vasopressor.,Fairly confident,Neutral,"Prompted me to consider an alternative plan,Made me second-guess my plan",,"Yes, I'll review two additional cases",Disagree,Somewhat disagree,Neither agree nor disagree,Neither agree nor disagree,Somewhat agree,It isn’t clear to me that a SepsisAI plan would ever be superior to a bedside clinician plan.  At best it presents known optional treatment approaches -but nothing novel. It is as likely to cause harm as benefit.  Give diuretic according to SepsisAI and watch as creat increases and urine output stops - then call nephrology for HD and tell them that it was SepsisAI’s fault.,The best AI can do is suggest options ideally with references from literature supporting a recommended course.  But it won’t be long before a treating physician is testifying in his own defense as to why he listened (or didn’t listen) to AI.,"None of these cases has a clear preferred answer.  No patient had advanced hemodynamic monitoring and none even got a straight leg raise.  Fluid and diuretic decisions are not made “for the next 24 hours” - they are made hour by hour, and at times minute by minute, and use accumulated information of the entire case in concert with years of clinical experience.  ",1,1,1,1,1,1,1,1,1,1,1,1,Options to Consider,Sepsis AI suggests between one and three treatment options to consider. These options are identified based on the rates of mortality in the admission for similar patients that received each treatment.,6,This is the sixth and final case.,1,1,2,1,4,1,1,1,3,1,0,1,5,"Internal medicine, pulmonary",,"Academic, not university affiliated",Less than 50%,Mailing List,,
1695,7dcd6a82d5c4d8664e17b4ea3dc1139b78f327543ed5c461cbb72010f40bff00,> 10 years,Expert - authoritative knowledge,19.588,192.535,192.541,7,Give up to 1 L of IV fluid.,Add another vasopressor.,Fairly confident,,,,,,,,,,,,,,,,,,29.582,120.304,120.31,6,Give up to 1 L of IV fluid.,Start a vasopressor.,Fairly confident,Neutral,"Prompted me to consider an alternative plan,Made me second-guess my plan",,,,,,,,,23.036,107.474,107.479,7,Stop diuretics and don't give IV fluids.,Start a vasopressor.,Fairly confident,Neutral,"Prompted me to assess the patient further,Made me second-guess my plan",,,,,,,,,23.946,136.207,136.212,6,Give a diuretic.,Wean the secondary vasopressor.,Fairly confident,Satisfied,"Gave me an initial plan,Made me more confident in my plan",,,,,,,,,42.788,144.088,144.092,6,Give up to 1 L of IV fluid.,Start a vasopressor.,Fairly confident,Neutral,"Prompted me to assess the patient further,Made me second-guess my plan",,,,,,,,,37.857,120.357,120.364,6,Give up to 1 L of IV fluid.,Start a vasopressor.,Fairly confident,Neutral,"Prompted me to assess the patient further,Made me second-guess my plan",,"Yes, I'll review two additional cases",Somewhat disagree,Neither agree nor disagree,Agree,Neither agree nor disagree,Neither agree nor disagree,"Sepsis AI made me think about treatment plans, though my plans did not always match with the suggestions provided, and may decrease efficiency in ordering to decipher why it made the decisions it did.","AI could become an excellent tool for predicting and identifying patients with risk for new of worsening infection, so that early identification and treatment could occur.  How can we best identify infection with risks of progressing to organ dysfunction?","AI may be less effective in sepsis than other emergent diagnoses (MI, stroke, etc) based on the need for physical diagnosis sometimes without imputed data, which has variable timing for return, and other documentation upon which AI relies. The complexity of sepsis makes an AI tool challenging.  Waiting for AI to provide direction is outside guideline based early and aggressive therapies to support hemodynamics and antimicrobials, even if empirically.",2,1,1,1,1,1,1,1,1,1,1,1,Options to Consider,Sepsis AI suggests between one and three treatment options to consider. These options are identified based on the rates of mortality in the admission for similar patients that received each treatment.,6,This is the sixth and final case.,2,1,2,1,1,1,3,1,4,1,5,1,0,"Internal medicine, pulmonary",,"Academic, university affiliated",Less than 50%,Mailing List,,
792,4def89e56e479010c0af308295334fad42cf606ea3b514070f68d51d38d928fc,> 10 years,Proficient - deep understanding,96.778,131.524,131.553,4,Give up to 1 L of IV fluid.,Wean the existing vasopressor ONLY IF I ordered fluid and there is a positive response in less than four hours.,Somewhat confident,,,,,,,,,,,,,,,,,,109.819,124.172,124.201,4,Give neither IV fluids nor diuretics.,Start a vasopressor.,Somewhat confident,Neutral,Made me second-guess my plan,,,,,,,,,,,,,,,,,,,,,,,,,,,,,,,,,,,,,,,,,,,53.504,61.109,61.144,4,Give up to 1 L of IV fluid.,Start a vasopressor ONLY IF I ordered fluid and there is NO positive response in less than four hours.,Somewhat confident,Satisfied,Did not affect my thinking at all,,,,,,,,,80.229,89.37,89.396,4,Give neither IV fluids nor diuretics.,Start a vasopressor.,Somewhat confident,Satisfied,Did not affect my thinking at all,,,Neither agree nor disagree,Neither agree nor disagree,Neither agree nor disagree,Neither agree nor disagree,Somewhat agree,,"Dynamic assessments - that is, this patient needs fluid, keep giving fluids, STOP, and start vasopressor now.  Would be useful to see HOW different the outcomes are: for example if there is an 88% vs. 90% chance of mortality or instead a 25% vs. 75% chances of mortality.","Does sepsis AI offer plans about starting additional vasopressors, role of steroids, etc?",1,1,1,1,,,,,1,1,1,1,Recommended Treatment,Sepsis AI identifies the treatment plan that will lead to the lowest risk of mortality in this admission.,4,This is the fifth case.,2,1,2,1,0,,,,,1,3,1,1,"Internal medicine, pulmonary",,"Academic, university affiliated",Less than 50%,Mailing List,,
761,df0e62d4389c3204ae5d8973164d4f7b45a2e005a3828d48761696be233f3ac5,> 10 years,Expert - authoritative knowledge,,,,,,,,,,,,,,,,,,,,,,,,,,,,,,,,,,,,,,,,,,63.214,79.526,79.535,5,Stop diuretics and give up to 1 L of IV fluid.,Start a vasopressor ONLY IF I ordered fluid and there is NO positive response in less than four hours.,Extremely confident,Very satisfied,"Prompted me to assess the patient further,Gave me an initial plan,Helped me decide between alternatives",,78.831,92.737,92.747,4,Give neither IV fluids nor diuretics.,Continue both vasopressors.,Fairly confident,,,,,,,,,,,,,,,,,,85.246,103.302,103.314,7,Give more than 1 L of IV fluid.,Start a vasopressor ONLY IF I ordered fluid and there is NO positive response in less than four hours.,Fairly confident,Satisfied,Prompted me to consider an alternative plan,,,,,,,,,62.442,73.501,73.507,4,Give neither IV fluids nor diuretics.,Start a vasopressor.,Fairly confident,Very satisfied,"Prompted me to assess the patient further,Made me more confident in my plan",,"No, take me to the final questions",Strongly agree,Strongly agree,Strongly agree,Strongly agree,Strongly agree,Presenting alternatives instead of only one course of action,"Earlier identification of physiologic trends and patterns
Adjunctive therapies",,,,,,1,1,1,1,1,1,1,1,Options to Consider,Sepsis AI suggests between one and three treatment options to consider. These options are identified based on the rates of mortality in the admission for similar patients that received each treatment.,4,This is the fifth case.,3,,,,,1,0,1,3,1,1,1,2,"Internal medicine, pulmonary",,Community,All or almost all (95% or more),Mailing List,,
1188,c40b9ab3dace10bf10c4ef5d8c61bb6ce5bb452aa23b9055268c2a4a7200a2a5,> 10 years,Proficient - deep understanding,,,,,,,,91.678,109.445,109.449,5,Give up to 1 L of IV fluid.,Continue the existing vasopressor.,Not at all confident,Neutral,"Prompted me to assess the patient further,Prompted me to consider an alternative plan,Made me second-guess my plan",,336.287,347.037,347.043,4,Give neither IV fluids nor diuretics.,Start a vasopressor.,Somewhat confident,,,,,,,,,,,,,,,,,,58.234,78.883,78.886,5,Stop diuretics and don't give IV fluids.,Start a vasopressor.,Slightly confident,Neutral,"Prompted me to consider an alternative plan,Made me second-guess my plan",,,,,,,,,73.453,94.286,94.291,4,Give a diuretic.,Wean the secondary vasopressor.,Somewhat confident,Very satisfied,"Helped me form an initial assessment of the patient,Made me more confident in my plan",,,,,,,,,30.62,39.999,40.005,5,Give more than 1 L of IV fluid.,Start a vasopressor ONLY IF I ordered fluid and there is NO positive response in less than four hours.,Fairly confident,Satisfied,Made me more confident in my plan,,,,,,,,,98.89,106.888,106.892,4,Give neither IV fluids nor diuretics.,Start a vasopressor.,Somewhat confident,Very satisfied,Made me more confident in my plan,,"Yes, I'll review two additional cases",Somewhat disagree,Somewhat agree,Strongly agree,Somewhat agree,Agree,"It was helpful when it confirmed my plan. It did prompt me to rethink it when my plan was different from what it suggested, but I did not change my plan based on what Sepsis AI suggested","Supportive - prompt reconsideration, reduce bias",,1,1,1,1,1,1,1,1,1,2,1,1,Recommended Treatment,Sepsis AI identifies the treatment plan that will lead to the lowest risk of mortality in this admission.,6,This is the sixth and final case.,0,1,5,1,0,1,2,1,4,1,3,1,1,"Internal medicine, pulmonary",,"Academic, university affiliated",Less than 50%,Mailing List,,
1106,3be38493f768dfe46728a2fde7a76caa09a834b752e5cf7c806999f6b6ad7092,> 10 years,Expert - authoritative knowledge,,,,,,,,106.859,128.609,128.616,4,Give up to 1 L of IV fluid.,Wean the existing vasopressor ONLY IF I ordered fluid and there is a positive response in less than four hours.,Fairly confident,Neutral,Did not affect my thinking at all,,,,,,,,,137.308,179.159,179.173,4,Give up to 1 L of IV fluid.,Start a vasopressor ONLY IF I ordered fluid and there is NO positive response in less than four hours.,Fairly confident,Neutral,Did not affect my thinking at all,,,,,,,,,69.024,89.508,89.516,4,Stop diuretics and don't give IV fluids.,Start a vasopressor.,Fairly confident,Neutral,Did not affect my thinking at all,,,,,,,,,100.821,120.988,120.997,5,Give neither IV fluids nor diuretics.,Continue both vasopressors.,Fairly confident,Neutral,Did not affect my thinking at all,,74.64,93.579,93.589,4,Give up to 1 L of IV fluid.,Start a vasopressor ONLY IF I ordered fluid and there is NO positive response in less than four hours.,Fairly confident,,,,,,,,,,,,,,,,,,81.27,89.141,89.148,4,Give neither IV fluids nor diuretics.,Start a vasopressor.,Fairly confident,Neutral,Did not affect my thinking at all,,"Yes, I'll review two additional cases",Disagree,Disagree,Somewhat agree,Disagree,Disagree,Do not think it was useful. As Process Promise and Arise trials have taught us a common sense approach is the most important in the management of septic shock.,Do not think much of a role.,,1,1,1,1,1,1,1,1,1,1,1,1,Options to Consider,Sepsis AI suggests between one and three treatment options to consider. These options are identified based on the rates of mortality in the admission for similar patients that received each treatment.,6,This is the sixth and final case.,0,1,1,1,2,1,4,1,3,1,0,1,5,Other (please indicate),Critical Care,"Academic, university affiliated",All or almost all (95% or more),Mailing List,,
701,ee6214e8f4e384e1884db577e5ca0ebd5c6bc8f5fccbabcf1096a28c65d4488d,> 10 years,Proficient - deep understanding,,,,,,,,110.556,123.083,123.091,5,Give up to 1 L of IV fluid.,Add another vasopressor.,Fairly confident,Satisfied,Did not affect my thinking at all,,,,,,,,,,,,,,,,,,,113.237,132.648,132.657,5,Stop diuretics and give up to 1 L of IV fluid.,Start a vasopressor ONLY IF I ordered fluid and there is NO positive response in less than four hours.,Fairly confident,,,,,,,,,,,,,,,,,,99.01,124.113,124.124,6,Give neither IV fluids nor diuretics.,Continue both vasopressors.,Fairly confident,Satisfied,"Gave me an initial plan,Prompted me to consider an alternative plan,Made me more confident in my plan",,,,,,,,,,,,,,,,,,,,,,,,,,71.988,82.751,82.76,4,Give a diuretic.,Start a vasopressor.,Somewhat confident,Satisfied,"Prompted me to assess the patient further,Prompted me to consider an alternative plan,Made me more confident in my plan",,"No, take me to the final questions",Somewhat agree,Somewhat agree,Agree,Neither agree nor disagree,Agree,,,"My finger is that it will take away the critical thinking of the trainees, and it will become a game to guess what AI is thinking ",1,1,,,2,1,1,2,,,1,1,Options to Avoid,Sepsis AI suggests between one and three treatment options to consider avoiding. These options are identified based on the rates of mortality in the admission for similar patients that received each treatment.,4,This is the fifth case.,3,1,1,,,1,3,1,0,,,1,2,Surgery,,"Academic, university affiliated",More than 50% but less than 95%,Mailing List,,
2675,2c3d05e78a01cd5cbbd0200b17403c5dfeb2afe4675e1be8a25c0ab42efba4ee,> 10 years,Proficient - deep understanding,,,,,,,,129.559,168.744,168.771,4,Give neither IV fluids nor diuretics.,Continue the existing vasopressor.,Somewhat confident,Satisfied,"Helped me decide between alternatives,Made me more confident in my plan",,,,,,,,,203.595,237.25,237.266,4,Give up to 1 L of IV fluid.,Start a vasopressor.,Somewhat confident,Satisfied,"Helped me decide between alternatives,Made me more confident in my plan",,,,,,,,,162.797,268.235,268.257,4,Stop diuretics and don't give IV fluids.,Start a vasopressor.,Fairly confident,Neutral,"Prompted me to assess the patient further,Prompted me to consider an alternative plan,Helped me decide between alternatives",,,,,,,,,443.407,558.583,558.596,4,Give neither IV fluids nor diuretics.,Continue both vasopressors.,Somewhat confident,Neutral,"Helped me decide between alternatives,Made me more confident in my plan",,83.314,120.939,120.948,4,Give up to 1 L of IV fluid.,Start a vasopressor ONLY IF I ordered fluid and there is NO positive response in less than four hours.,Slightly confident,,,,,,,,,,,,,,,,,,87.033,98.314,98.344,4,Give neither IV fluids nor diuretics.,Start a vasopressor.,Somewhat confident,Satisfied,"Helped me decide between alternatives,Made me more confident in my plan",,"Yes, I'll review two additional cases",Somewhat disagree,Neither agree nor disagree,Disagree,Somewhat agree,Somewhat agree,"It was difficult for me to interpret the recommendations from sepsis AI.  First, it suggests avoiding the listed approaches - which is less limiting than suggesting a single approach to follow (a good thing) but also hard to wrap my head around NOT following multiple different approaches.  I found myself trying to work out why AI would tell me not to do those things (making me less efficient, not more).  The second difficulty was the compound suggestions (e.g. don't do this AND that).  Again, it was hard for me to wrap my head around whether AI was telling me to avoid both those things individually or to avoid that combination of choices.  I think the intent is the latter, but it was hard for me to get used to. Finally, there were additional pieces of data that I probably would have looked at and other things that I might consider for some of these cases and it was not clear to me whether Sepsis AI actually considered those things, making me not trust the output as much (e.g. use of steroids for sepsis or severe pneumonia or developing ARDS - all of which have data and guidelines behind them).  System could be improved by being transparent about what AI has looked at (or generally looks at).  It could even make a positive recommendation (in addition to those things to avoid) as long as it also shows guidelines to back it up.",I think prompting me to review my patients again and or making me more confident in the decisions I do make - at least for now.,It would have been helpful to know at the outset how the recommendations from Sepsis AI work - specifically whether it is the combination of things that is to be avoided vs specific parts of that combination.,1,1,1,1,1,1,1,1,1,1,1,1,Options to Avoid,Sepsis AI suggests between one and three treatment options to consider avoiding. These options are identified based on the rates of mortality in the admission for similar patients that received each treatment.,6,This is the sixth and final case.,1,1,3,1,2,1,0,1,5,1,1,1,4,"Internal medicine, not pulmonary",,"Academic, university affiliated",More than 50% but less than 95%,Mailing List,,
718,9d87d2dee2317a1c75e13a5394a5bbcc1113a4f98650d2ff96b48f4e3d3a1401,> 10 years,Proficient - deep understanding,,,,,,,,107.231,128.921,128.928,4,Give more than 1 L of IV fluid.,Continue the existing vasopressor.,Extremely confident,Very dissatisfied,Did not affect my thinking at all,,,,,,,,,27.502,38.437,38.443,4,Give neither IV fluids nor diuretics.,Start a vasopressor.,Extremely confident,Very dissatisfied,Did not affect my thinking at all,,47.528,71.374,71.393,4,Stop diuretics and give more than 1 L of IV fluid.,Start a vasopressor ONLY IF I ordered fluid and there is NO positive response in less than four hours.,Extremely confident,,,,,,,,,,,,,,,,,,90.694,104.734,104.746,4,Give neither IV fluids nor diuretics.,Wean the secondary vasopressor.,Extremely confident,Dissatisfied,Affected my thinking in some other way (please describe):,confused me,,,,,,,,46.723,59.016,59.024,4,Give more than 1 L of IV fluid.,Start a vasopressor ONLY IF I ordered fluid and there is NO positive response in less than four hours.,Extremely confident,Dissatisfied,Made me more confident in my plan,,,,,,,,,46.533,53.569,53.585,4,Give neither IV fluids nor diuretics.,Start a vasopressor.,Extremely confident,Very dissatisfied,Did not affect my thinking at all,,"Yes, I'll review two additional cases",Strongly disagree,Strongly disagree,Neither agree nor disagree,Strongly disagree,Strongly disagree,Presented diametrically opposed options. Odd recommendations that are dangerous. ,If it's going to make suggestions like this I would prefer it have no role at all,,1,1,1,1,1,1,1,1,1,1,1,1,Options to Consider,Sepsis AI suggests between one and three treatment options to consider. These options are identified based on the rates of mortality in the admission for similar patients that received each treatment.,6,This is the sixth and final case.,2,1,0,1,5,1,2,1,1,1,4,1,3,"Internal medicine, pulmonary",,"Academic, university affiliated",More than 50% but less than 95%,Mailing List,,
999,a9d209bba7bdeb4ab23ad1eb57224e53eeb52f65964e493280aea2b6354e28ed,> 10 years,Expert - authoritative knowledge,,,,,,,,60.69,158.59,158.596,6,Give neither IV fluids nor diuretics.,Continue the existing vasopressor.,Extremely confident,Satisfied,"Prompted me to assess the patient further,Prompted me to consider an alternative plan,Helped me decide between alternatives,Made me more confident in my plan",,,,,,,,,203.738,300.563,300.569,5,Give up to 1 L of IV fluid.,Start a vasopressor ONLY IF I ordered fluid and there is NO positive response in less than four hours.,Extremely confident,Satisfied,"Helped me form an initial assessment of the patient,Prompted me to assess the patient further,Helped me decide between alternatives,Made me more confident in my plan",,,,,,,,,42.023,55.155,55.165,4,Stop diuretics and give up to 1 L of IV fluid.,Start a vasopressor.,Extremely confident,Satisfied,"Prompted me to assess the patient further,Prompted me to consider an alternative plan,Made me more confident in my plan",,,,,,,,,49.63,93.779,93.789,6,Give neither IV fluids nor diuretics.,Wean the secondary vasopressor.,Extremely confident,Satisfied,"Helped me form an initial assessment of the patient,Prompted me to assess the patient further,Prompted me to consider an alternative plan,Made me more confident in my plan",,28.798,71.282,71.286,6,Give up to 1 L of IV fluid.,Start a vasopressor.,Extremely confident,,,,,,,,,,,,,,,,,,30.503,40.369,40.376,4,Give up to 1 L of IV fluid.,Start a vasopressor ONLY IF I ordered fluid and there is NO positive response in less than four hours.,Extremely confident,Satisfied,"Prompted me to assess the patient further,Prompted me to consider an alternative plan,Helped me decide between alternatives,Made me more confident in my plan",,"Yes, I'll review two additional cases",Agree,Agree,Agree,Agree,Agree,,,,2,2,2,1,1,1,2,1,1,2,1,1,Recommended Treatment,Sepsis AI identifies the treatment plan that will lead to the lowest risk of mortality in this admission.,6,This is the sixth and final case.,1,1,4,1,0,1,5,1,2,1,1,1,3,"Internal medicine, pulmonary",,"Academic, university affiliated",Less than 50%,Mailing List,,
249,31f1d371a80c73fe75963f53807d40451a2149341217a3de6448d0dc9b74854d,> 10 years,Expert - authoritative knowledge,,,,,,,,28.783,38.219,38.234,5,Give up to 1 L of IV fluid.,Continue the existing vasopressor.,Fairly confident,Satisfied,Made me more confident in my plan,,,,,,,,,,,,,,,,,,,66.517,88.825,88.84,4,Stop diuretics and give more than 1 L of IV fluid.,Start a vasopressor.,Somewhat confident,,,,,,,,,,,,,,,,,,,,,,,,,,,,,,,,,,,9.673,14.74,14.746,4,Give up to 1 L of IV fluid.,Start a vasopressor ONLY IF I ordered fluid and there is NO positive response in less than four hours.,Somewhat confident,Neutral,Made me more confident in my plan,,,,,,,,,3.468,30.362,30.389,5,Give more than 1 L of IV fluid.,Start a vasopressor ONLY IF I ordered fluid and there is NO positive response in less than four hours.,Fairly confident,Satisfied,Did not affect my thinking at all,,"No, take me to the final questions",Agree,Agree,Agree,Strongly agree,Somewhat agree,,,,1,1,,,1,1,,,1,1,1,1,Options to Avoid,Sepsis AI suggests between one and three treatment options to consider avoiding. These options are identified based on the rates of mortality in the admission for similar patients that received each treatment.,4,This is the fifth case.,2,1,1,,,1,2,,,1,3,1,0,Emergency medicine,,"Academic, university affiliated",All or almost all (95% or more),Mailing List,,
502,4c359daf3e85daca54b8e757fdad936aacb0a87bc96a110f7a2696e4489229ac,5-10 years,Proficient - deep understanding,,,,,,,,,,,,,,,,,,2.434,113.918,113.935,62,Give neither IV fluids nor diuretics.,Start a vasopressor.,Fairly confident,,,,,,,,,,,,,,,,,,15.474,86.519,86.531,40,Continue the diuretic.,Start a vasopressor.,Fairly confident,Dissatisfied,Made me second-guess my plan,,,,,,,,,4.509,117.264,117.279,47,Give neither IV fluids nor diuretics.,Continue both vasopressors.,Fairly confident,Satisfied,Helped me form an initial assessment of the patient,,,,,,,,,5.77,54.185,54.199,22,Give more than 1 L of IV fluid.,Start a vasopressor ONLY IF I ordered fluid and there is NO positive response in less than four hours.,Fairly confident,Neutral,Made me second-guess my plan,,,,,,,,,,,,,,,,,,,"No, take me to the final questions",Somewhat agree,Neither agree nor disagree,Neither agree nor disagree,Neither agree nor disagree,Somewhat agree,Recommendations seemed very generic ,"Help collate information quickly 
Provide initial best practice recommendations",,,,1,1,1,1,1,1,1,1,,,Options to Consider,Sepsis AI suggests between one and three treatment options to consider. These options are identified based on the rates of mortality in the admission for similar patients that received each treatment.,4,This is the fifth case.,3,,,1,3,1,1,1,2,1,0,,,Other (please indicate),Ob/gyn,Community,Less than 50%,Mailing List,,
2388,a989346aba322cf3cdbf11e68e018dec5a59995ca49dd94e8899f2723c5f1e83,> 10 years,Proficient - deep understanding,92.829,305.587,305.603,7,Give more than 1 L of IV fluid.,Wean the existing vasopressor ONLY IF I ordered fluid and there is a positive response in less than four hours.,Somewhat confident,,,,,,,,,,,,,,,,,,57.053,278.372,278.384,10,Give neither IV fluids nor diuretics.,Start a vasopressor.,Somewhat confident,Neutral,Did not affect my thinking at all,,,,,,,,,47.955,173.938,173.948,6,Stop diuretics and don't give IV fluids.,Start a vasopressor.,Somewhat confident,Dissatisfied,Made me second-guess my plan,,,,,,,,,146.415,171.723,171.737,5,Give neither IV fluids nor diuretics.,Wean the secondary vasopressor.,Somewhat confident,Neutral,Made me second-guess my plan,,,,,,,,,99.297,165.159,165.168,4,Give neither IV fluids nor diuretics.,Start a vasopressor.,Somewhat confident,Neutral,"Prompted me to consider an alternative plan,Made me second-guess my plan",,,,,,,,,46.784,66.999,67.009,5,Give neither IV fluids nor diuretics.,Start a vasopressor.,Fairly confident,Neutral,Did not affect my thinking at all,,"Yes, I'll review two additional cases",Somewhat disagree,Somewhat disagree,Agree,Somewhat disagree,Neither agree nor disagree,"While I like the idea of a sepsis AI product, I think having the sepsis AI provide what information it used to come up with this recommendation might be helpful. For example it recommends to not start a vasopressor in someone with a MAP under 60. So if the AI product said “in prior clinic notes the patients outpatient MAPs had been 58 at baseline and using extrapolated data from the 65 trial, we would suggest no vasopressors at this time. Or maybe the opposite (urine output is low, and map is low and outpatient BP readings are high should we target a relatively higher (65) target for map?","If AI can be used to assimilate data on diastolic dysfunction, volume resuscitation recieved, baseline vitals and current trends in vitals I think might help providers. In real life the data is changing by minute, and  how often will the AI product update new suggestions? 
If a cxr is done once a day, and lags the clinical picture but in the afternoon patient has increased rr and increased O2 requirements the advice might change from rounds earlier in the day, is this captured and how often by the AI product?","I think we are all excited to have AI products that allow us to do our jobs better. I am confident that AI will be assisting us especially in the diagnostic realm. In terms of deciding fluid or volume status I remain skeptical. Volume status is the holy grail of critical care medicine, and I’m weary of AI knowing how much volume to give to a patient or when to start a diuretic, when two “expert” clinicians can disagree on the same clinical vignette. ",2,1,1,1,1,1,1,1,1,1,1,1,Recommended Treatment,Sepsis AI identifies the treatment plan that will lead to the lowest risk of mortality in this admission.,6,This is the sixth and final case.,0,1,0,1,2,1,5,1,1,1,4,1,3,Emergency medicine,,"Academic, not university affiliated",More than 50% but less than 95%,Mailing List,,
1632,8a688fefde791c7643004c8ee5d661199a4d4d38221d9912e3ddf177a8926e74,> 10 years,Expert - authoritative knowledge,,,,,,,,67.793,92.967,92.972,5,Give neither IV fluids nor diuretics.,Wean the existing vasopressor.,Somewhat confident,Neutral,Did not affect my thinking at all,,,,,,,,,,,,,,,,,,,,,,,,,,,,,,,,,,,,,,,,,,,50.654,64.439,64.441,4,Give neither IV fluids nor diuretics.,Wean both existing vasopressors.,Somewhat confident,Neutral,Did not affect my thinking at all,,,,,,,,,62.775,68.75,68.766,4,Give neither IV fluids nor diuretics.,Start a vasopressor.,Somewhat confident,Neutral,Did not affect my thinking at all,,67.882,100.701,100.706,6,Give more than 1 L of IV fluid.,Start a vasopressor.,Somewhat confident,,,,,,,,,,,"No, take me to the final questions",Neither agree nor disagree,Neither agree nor disagree,Neither agree nor disagree,Neither agree nor disagree,Neither agree nor disagree,"it did not present me a learning plan at all, didn't affect my thinking",unknown,,1,2,,,,,1,1,1,1,3,1,Options to Avoid,Sepsis AI suggests between one and three treatment options to consider avoiding. These options are identified based on the rates of mortality in the admission for similar patients that received each treatment.,4,This is the fifth case.,1,1,0,,,,,1,3,1,2,1,1,Anesthesiology,,"Academic, university affiliated",More than 50% but less than 95%,Mailing List,,
1103,1d5d9fce3200a9c46c3899d3832e111ad2835b2d3ccbaee5e9acc8cc9cb28660,> 10 years,Proficient - deep understanding,,,,,,,,69.092,101.869,101.88,5,Give up to 1 L of IV fluid.,Add another vasopressor ONLY IF I ordered fluid and there is NO positive response in less than four hours.,Fairly confident,Satisfied,Did not affect my thinking at all,,,,,,,,,105.448,195.225,195.243,4,Give neither IV fluids nor diuretics.,Start a vasopressor.,Fairly confident,Satisfied,Prompted me to consider an alternative plan,,109.076,125.428,125.438,4,Stop diuretics and give more than 1 L of IV fluid.,Start a vasopressor ONLY IF I ordered fluid and there is NO positive response in less than four hours.,Fairly confident,,,,,,,,,,,,,,,,,,128.723,203.835,203.839,5,Give a diuretic.,Wean the secondary vasopressor.,Somewhat confident,Satisfied,Affected my thinking in some other way (please describe):,"without the suggestion, I would have likely not given fluids or diuretic, and just weaned the secondary vasopressor, maintaining MAP >65; it made me consider if a diuretic should actually be given",,,,,,,,83.419,135.596,135.602,4,Give up to 1 L of IV fluid.,Start a vasopressor ONLY IF I ordered fluid and there is NO positive response in less than four hours.,Fairly confident,Satisfied,Made me second-guess my plan,,,,,,,,,65.792,71.36,71.37,4,Give neither IV fluids nor diuretics.,Start a vasopressor.,Fairly confident,Satisfied,Did not affect my thinking at all,,"Yes, I'll review two additional cases",Somewhat agree,Somewhat agree,Agree,Somewhat agree,Somewhat agree,,,,1,2,1,1,1,1,2,1,1,1,1,1,Options to Consider,Sepsis AI suggests between one and three treatment options to consider. These options are identified based on the rates of mortality in the admission for similar patients that received each treatment.,6,This is the sixth and final case.,2,1,5,1,1,1,2,1,0,1,3,1,4,"Internal medicine, pulmonary",,"Academic, university affiliated",Less than 50%,Mailing List,,
709,b79be0157727f46135bd361bbe61fa210385e4bd750be70c8697f57e9b3401f6,5-10 years,Expert - authoritative knowledge,,,,,,,,123.248,141.7,141.702,4,Give neither IV fluids nor diuretics.,Continue the existing vasopressor.,Not at all confident,Very dissatisfied,"Made me second-guess my plan,Affected my thinking in some other way (please describe):",Did not have confidence in sepsis AI's recommendation and made me question why it would be available to me,,,,,,,,78.876,100.362,100.375,5,Give neither IV fluids nor diuretics.,Start a vasopressor.,Not at all confident,Very dissatisfied,Did not affect my thinking at all,,,,,,,,,67.251,100.454,100.457,4,Stop diuretics and don't give IV fluids.,Start a vasopressor.,Extremely confident,Very dissatisfied,Did not affect my thinking at all,,,,,,,,,,,,,,,,,,,,,,,,,,,,,,,,,,,,20.773,104.469,104.482,6,Give up to 1 L of IV fluid.,Start a vasopressor.,Somewhat confident,,,,,,,,,,,"No, take me to the final questions",Strongly disagree,Strongly disagree,Neither agree nor disagree,Strongly disagree,Strongly disagree,I disagreed with all of sepsis AI's recommendations,May be helpful for an intern or junior level learner who feels out of depth or overwhelmed. Not helpful for an intensivist or experienced senior physician,"The clinical assessment at the bedside, touch of skin and other factors are not being accounted for in the cases or the sepsis AI recommendations (at least it feels that way). Hard to imagine how it would help change my management. ",1,1,1,1,1,1,,,,,1,1,Recommended Treatment,Sepsis AI identifies the treatment plan that will lead to the lowest risk of mortality in this admission.,4,This is the fifth case.,3,1,0,1,1,1,2,,,,,1,3,Emergency medicine,,"Academic, university affiliated",All or almost all (95% or more),Mailing List,,
1287,b7283224ca84bb0fe141cdd09bc3045791feb53b0009a7967fc5d96f8d76eedf,> 10 years,Proficient - deep understanding,,,,,,,,46.785,127.426,127.434,7,Give neither IV fluids nor diuretics.,Add another vasopressor.,Fairly confident,Dissatisfied,Made me second-guess my plan,,,,,,,,,36.207,50.544,50.546,6,Give up to 1 L of IV fluid.,Start a vasopressor ONLY IF I ordered fluid and there is NO positive response in less than four hours.,Fairly confident,Neutral,Made me second-guess my plan,,,,,,,,,,,,,,,,,,,15.76,116.365,116.377,11,Give a diuretic.,Wean the secondary vasopressor.,Fairly confident,,,,,,,,,,,,,,,,,,39.576,72.143,72.173,7,Give more than 1 L of IV fluid.,Start a vasopressor ONLY IF I ordered fluid and there is NO positive response in less than four hours.,Extremely confident,Satisfied,"Helped me form an initial assessment of the patient,Gave me an initial plan",,,,,,,,,,,,,,,,,,,"No, take me to the final questions",Somewhat disagree,Disagree,Strongly agree,Somewhat disagree,Somewhat disagree,Didn't feel confident in the recommendations. ,"Has a role, just needs to be ""fine tuned"". ",,2,2,2,1,,,2,1,1,1,,,Recommended Treatment,Sepsis AI identifies the treatment plan that will lead to the lowest risk of mortality in this admission.,4,This is the fifth case.,0,1,2,1,3,,,1,0,1,1,,,Anesthesiology,,"Academic, not university affiliated",More than 50% but less than 95%,Mailing List,,
781,1d4758a2035997fc97d17fab2dbc736ec51a4155b2678a5efd5e60fa730515ae,> 10 years,Competent - good working and background knowledge,,,,,,,,59.424,76.169,76.18,5,Give a diuretic.,Add another vasopressor.,Somewhat confident,Satisfied,"Prompted me to assess the patient further,Prompted me to consider an alternative plan,Helped me decide between alternatives",,,,,,,,,49.08,102.662,102.672,4,Give a diuretic.,Do not give vasopressors.,Somewhat confident,Satisfied,Gave me an initial plan,,,,,,,,,58.077,74.357,74.364,4,Stop diuretics and give more than 1 L of IV fluid.,Start a vasopressor ONLY IF I ordered fluid and there is NO positive response in less than four hours.,Fairly confident,Satisfied,Prompted me to assess the patient further,,,,,,,,,142.599,153.977,153.986,5,Give up to 1 L of IV fluid.,Wean the secondary vasopressor.,Somewhat confident,Satisfied,Prompted me to consider an alternative plan,,,,,,,,,65.438,78.147,78.16,4,Give up to 1 L of IV fluid.,Start a vasopressor ONLY IF I ordered fluid and there is NO positive response in less than four hours.,Fairly confident,Satisfied,Prompted me to consider an alternative plan,,94.927,107.91,107.922,4,Give a diuretic.,Start a vasopressor.,Somewhat confident,,,,,,,,,,,"Yes, I'll review two additional cases",Agree,Somewhat agree,Agree,Agree,Agree,More incorporation of literature ,More of a guided dynamic recommendation ,,1,1,1,1,1,1,1,2,1,1,1,1,Options to Avoid,Sepsis AI suggests between one and three treatment options to consider avoiding. These options are identified based on the rates of mortality in the admission for similar patients that received each treatment.,6,This is the sixth and final case.,3,1,2,1,4,1,0,1,5,1,1,1,3,"Internal medicine, pulmonary",,"Academic, university affiliated",All or almost all (95% or more),Mailing List,,
871,15d341db7f0b0a749a09229f49c65a288ad08c81c354735790a35ff0807429d2,> 10 years,Expert - authoritative knowledge,,,,,,,,91.501,153.356,153.369,4,Give neither IV fluids nor diuretics.,Continue the existing vasopressor.,Extremely confident,Satisfied,Prompted me to consider an alternative plan,,,,,,,,,85.204,96.574,96.584,4,Give neither IV fluids nor diuretics.,Start a vasopressor.,Fairly confident,Very satisfied,Made me more confident in my plan,,53.966,132.042,132.052,7,Stop diuretics and give up to 1 L of IV fluid.,Start a vasopressor ONLY IF I ordered fluid and there is NO positive response in less than four hours.,Somewhat confident,,,,,,,,,,,,,,,,,,114.559,132.254,132.264,6,Give neither IV fluids nor diuretics.,Continue both vasopressors.,Fairly confident,Satisfied,Prompted me to consider an alternative plan,,,,,,,,,33.313,53.639,53.649,7,Give up to 1 L of IV fluid.,Start a vasopressor ONLY IF I ordered fluid and there is NO positive response in less than four hours.,Extremely confident,Satisfied,Prompted me to consider an alternative plan,,,,,,,,,55.348,66.685,66.694,6,Give neither IV fluids nor diuretics.,Start a vasopressor.,Fairly confident,Satisfied,Helped me decide between alternatives,,"Yes, I'll review two additional cases",Neither agree nor disagree,Neither agree nor disagree,Agree,Neither agree nor disagree,Somewhat agree,,,"Since I don’t know where the recommendations come from, I’m a little leery of using sepsis AI, but I do appreciate the quick availability of treatment options and risk assessment",1,1,1,1,3,1,1,1,3,1,1,2,Options to Avoid,Sepsis AI suggests between one and three treatment options to consider avoiding. These options are identified based on the rates of mortality in the admission for similar patients that received each treatment.,6,This is the sixth and final case.,2,1,0,1,1,1,2,1,5,1,3,1,4,Surgery,,"Academic, university affiliated",More than 50% but less than 95%,Mailing List,,
1551,b0990935169343b28051d3cc725a2a2c71cd4a9a72b7a494bcbd313fb51b4315,> 10 years,Expert - authoritative knowledge,,,,,,,,423.243,461.497,461.506,4,Give neither IV fluids nor diuretics.,Add another vasopressor.,Somewhat confident,Satisfied,"Prompted me to consider an alternative plan,Made me second-guess my plan",,,,,,,,,249.531,284.863,284.872,4,Give neither IV fluids nor diuretics.,Do not give vasopressors.,Slightly confident,Neutral,I'm not sure,,78.749,88.322,88.326,4,Stop diuretics and don't give IV fluids.,Start a vasopressor.,Extremely confident,,,,,,,,,,,,,,,,,,85.177,104.073,104.077,4,Give a diuretic.,Continue both vasopressors.,Somewhat confident,Dissatisfied,Did not affect my thinking at all,,,,,,,,,34.44,48.301,48.308,4,Give up to 1 L of IV fluid.,Start a vasopressor ONLY IF I ordered fluid and there is NO positive response in less than four hours.,Fairly confident,Dissatisfied,"Prompted me to consider an alternative plan,Made me second-guess my plan",,,,,,,,,45.813,69.358,69.365,6,Give neither IV fluids nor diuretics.,Start a vasopressor.,Somewhat confident,Neutral,Made me second-guess my plan,,"Yes, I'll review two additional cases",Somewhat disagree,Neither agree nor disagree,Somewhat agree,Disagree,Neither agree nor disagree,"The results are too generic.  

",It might be helpful if a specific amount of fluid administration could be predicted,The survey exercise is difficult because you can't physically examine the patient and gather additional information.  ,1,1,1,1,1,1,1,1,1,1,1,2,Options to Avoid,Sepsis AI suggests between one and three treatment options to consider avoiding. These options are identified based on the rates of mortality in the admission for similar patients that received each treatment.,6,This is the sixth and final case.,2,1,0,1,3,1,2,1,4,1,1,1,5,"Internal medicine, pulmonary",,"Academic, university affiliated",Less than 50%,Mailing List,,
854,a2279ffece2197d3c3cdae8157de1d563b070318e89c840ab56677a7940315e6,> 10 years,Proficient - deep understanding,,,,,,,,82.535,157.652,157.657,4,Give neither IV fluids nor diuretics.,Continue the existing vasopressor.,Fairly confident,Neutral,"Prompted me to consider an alternative plan,Made me second-guess my plan",,,,,,,,,,,,,,,,,,,,,,,,,,,,,,,,,,,,,,,,,,,118.72,170.341,170.359,4,Give neither IV fluids nor diuretics.,Continue both vasopressors.,Fairly confident,Neutral,"Prompted me to consider an alternative plan,Made me second-guess my plan",,91.553,102.481,102.487,4,Give more than 1 L of IV fluid.,Start a vasopressor.,Fairly confident,,,,,,,,,,,,,,,,,,118.819,127.955,127.961,5,Give up to 1 L of IV fluid.,Start a vasopressor.,Somewhat confident,Neutral,"Prompted me to consider an alternative plan,Made me second-guess my plan",,"No, take me to the final questions",Neither agree nor disagree,Neither agree nor disagree,Strongly agree,Somewhat agree,Agree,"References or some other method of showing evidence that supports or helps me understand how Sepsis AI came to its recommendations. 

I would likely not use Sepsis AI unless I was able to see how it came to its recommendations ",,,1,1,,,,,1,1,1,1,1,1,Options to Consider,Sepsis AI suggests between one and three treatment options to consider. These options are identified based on the rates of mortality in the admission for similar patients that received each treatment.,4,This is the fifth case.,0,1,3,,,,,1,1,1,0,1,2,Surgery,,"Academic, university affiliated",More than 50% but less than 95%,Mailing List,,
593,83f09956d2572f0c747807c7b90ffc9b5b63332f43ce093e55922394c16b1ef2,> 10 years,Expert - authoritative knowledge,,,,,,,,29.877,39.02,39.035,5,Give neither IV fluids nor diuretics.,Add another vasopressor.,Fairly confident,Satisfied,Prompted me to consider an alternative plan,,26.283,33.836,33.839,4,Give up to 1 L of IV fluid.,Start a vasopressor ONLY IF I ordered fluid and there is NO positive response in less than four hours.,Fairly confident,,,,,,,,,,,,,,,,,,51.971,65.867,65.883,4,Stop diuretics and don't give IV fluids.,Start a vasopressor.,Fairly confident,Satisfied,Prompted me to consider an alternative plan,,,,,,,,,75.869,89.949,89.955,4,Give neither IV fluids nor diuretics.,Continue both vasopressors.,Fairly confident,Satisfied,Prompted me to consider an alternative plan,,,,,,,,,14.586,25.026,25.035,4,Give up to 1 L of IV fluid.,Start a vasopressor ONLY IF I ordered fluid and there is NO positive response in less than four hours.,Fairly confident,Satisfied,Prompted me to consider an alternative plan,,,,,,,,,77.786,115.514,115.524,5,Give neither IV fluids nor diuretics.,Start a vasopressor ONLY IF I ordered fluid and there is NO positive response in less than four hours.,Fairly confident,Satisfied,Prompted me to consider an alternative plan,,"Yes, I'll review two additional cases",Agree,Agree,Somewhat agree,Somewhat agree,Agree,consider alternative plan but I would want the reasoning for it. ,to consider alternative plans. I disagree with the AI approach . ,I want the reason for the intervention. ,1,2,1,1,1,1,1,1,1,1,1,1,Recommended Treatment,Sepsis AI identifies the treatment plan that will lead to the lowest risk of mortality in this admission.,6,This is the sixth and final case.,1,1,5,1,1,1,3,1,2,1,4,1,0,"Internal medicine, pulmonary",,"Academic, not university affiliated",All or almost all (95% or more),Mailing List,,
1747,9eb029e4ee1aca062b24502ca6229c3197065a918f79d1410893b670505c849c,> 10 years,Proficient - deep understanding,,,,,,,,436.109,457.555,457.564,5,Give neither IV fluids nor diuretics.,Continue the existing vasopressor.,Extremely confident,Satisfied,Made me more confident in my plan,,,,,,,,,256.832,264.765,264.78,4,Give up to 1 L of IV fluid.,Start a vasopressor.,Extremely confident,Very satisfied,Made me more confident in my plan,,102.315,119.884,119.892,4,Continue the diuretic.,Start a vasopressor.,Fairly confident,,,,,,,,,,,,,,,,,,215.646,227.299,227.307,5,Give neither IV fluids nor diuretics.,Continue both vasopressors.,Extremely confident,Satisfied,"Helped me decide between alternatives,Made me more confident in my plan",,,,,,,,,124.627,149.381,149.39,4,Give up to 1 L of IV fluid.,Start a vasopressor ONLY IF I ordered fluid and there is NO positive response in less than four hours.,Fairly confident,Satisfied,Did not affect my thinking at all,,,,,,,,,141.41,149.607,149.617,5,Give up to 1 L of IV fluid.,Start a vasopressor.,Fairly confident,Satisfied,Helped me decide between alternatives,,"Yes, I'll review two additional cases",Strongly agree,Strongly agree,Agree,Agree,Agree,Easy to use.  More interactive would be helpful,Provide options mortality risk and adapts to choices and decisions throughout the case,,1,1,1,1,1,1,1,1,1,1,1,1,Options to Consider,Sepsis AI suggests between one and three treatment options to consider. These options are identified based on the rates of mortality in the admission for similar patients that received each treatment.,6,This is the sixth and final case.,3,1,2,1,5,1,3,1,4,1,0,1,1,"Internal medicine, pulmonary",,"Academic, not university affiliated",All or almost all (95% or more),Mailing List,,
1401,36762da9c80fcd9bd7584db8a16475cfac1c300c09617dc11ce3df0ef412b4ca,5-10 years,Expert - authoritative knowledge,,,,,,,,92.066,129.901,129.905,5,Give up to 1 L of IV fluid.,Continue the existing vasopressor.,Fairly confident,Satisfied,Prompted me to consider an alternative plan,,111.274,155.123,155.13,5,Give a diuretic.,Start a vasopressor.,Fairly confident,,,,,,,,,,,,,,,,,,107.215,115.033,115.038,4,Stop diuretics and don't give IV fluids.,Start a vasopressor.,Fairly confident,Neutral,Prompted me to consider an alternative plan,,,,,,,,,189.437,210.886,210.891,4,Give neither IV fluids nor diuretics.,Continue both vasopressors.,Fairly confident,Satisfied,"Prompted me to consider an alternative plan,Made me second-guess my plan",,,,,,,,,89.45,122.367,122.373,4,Give up to 1 L of IV fluid.,Start a vasopressor ONLY IF I ordered fluid and there is NO positive response in less than four hours.,Fairly confident,Dissatisfied,"Made me second-guess my plan,Affected my thinking in some other way (please describe):",the idea of giving diuretics here with uncertain renal function and hypotension would not have occured to me,,,,,,,,69.32,75.603,75.607,4,Give neither IV fluids nor diuretics.,Start a vasopressor.,Fairly confident,Satisfied,Prompted me to consider an alternative plan,,"Yes, I'll review two additional cases",Disagree,Neither agree nor disagree,Agree,Somewhat agree,Neither agree nor disagree,"Its a useful pause to consider how to proceed

It makes me think more about how big data could be applied to patients where we dont necessarily have trial data to direclty address the patient in front of us ",I think the suggested paths are useful. S,"Some of the cases were hard to answer confidently without more information (such as ins and outs, urine osm with the hypona case)",1,1,1,1,1,1,1,1,1,1,1,1,Options to Consider,Sepsis AI suggests between one and three treatment options to consider. These options are identified based on the rates of mortality in the admission for similar patients that received each treatment.,6,This is the sixth and final case.,2,1,3,1,2,1,4,1,1,1,0,1,5,"Internal medicine, pulmonary",,"Academic, university affiliated",Less than 50%,Mailing List,,
776,a1812366ef42ae447254038b66a466a33ff213f8ec3264b35b4d20839717aca0,> 10 years,Competent - good working and background knowledge,,,,,,,,60.049,124.91,124.965,6,Give up to 1 L of IV fluid.,Continue the existing vasopressor.,Not at all confident,Dissatisfied,Made me second-guess my plan,,,,,,,,,36.629,52.308,52.315,4,Give neither IV fluids nor diuretics.,Start a vasopressor.,Slightly confident,Dissatisfied,Made me second-guess my plan,,,,,,,,,74.819,95.612,95.667,4,Continue the diuretic.,Start a vasopressor.,Slightly confident,Dissatisfied,Made me second-guess my plan,,,,,,,,,72.865,90.05,90.107,4,Give neither IV fluids nor diuretics.,Wean both existing vasopressors.,Somewhat confident,Dissatisfied,Made me second-guess my plan,,,,,,,,,45.924,56.022,56.078,4,Give up to 1 L of IV fluid.,Do not give vasopressors.,Slightly confident,Neutral,Made me more confident in my plan,,199.119,212.921,212.982,4,Give up to 1 L of IV fluid.,Start a vasopressor.,Slightly confident,,,,,,,,,,,"Yes, I'll review two additional cases",Disagree,Disagree,Disagree,Disagree,Disagree,,,,2,1,1,1,1,1,1,1,1,1,1,1,Recommended Treatment,Sepsis AI identifies the treatment plan that will lead to the lowest risk of mortality in this admission.,6,This is the sixth and final case.,0,1,5,1,2,1,3,1,1,1,4,1,0,"Internal medicine, pulmonary",,Community,All or almost all (95% or more),Mailing List,,
5180,d82fffb3f642013ae69c2b0e5f861968ed572ae163c29912f3a548f843846167,> 10 years,Proficient - deep understanding,2471.501,2506.313,2506.324,5,Give more than 1 L of IV fluid.,Wean the existing vasopressor.,Fairly confident,,,,,,,,,,,,,,,,,,,,,,,,,,,,,,,,,,,119.653,143.453,143.466,4,Stop diuretics and don't give IV fluids.,Start a vasopressor.,Fairly confident,Neutral,Did not affect my thinking at all,,,,,,,,,101.171,118.98,118.998,4,Give neither IV fluids nor diuretics.,Wean the secondary vasopressor.,Fairly confident,Satisfied,Made me more confident in my plan,,,,,,,,,,,,,,,,,,,,,,,,,,154.14,177.476,177.483,4,Give up to 1 L of IV fluid.,Start a vasopressor.,Fairly confident,Satisfied,Made me more confident in my plan,,"No, take me to the final questions",Somewhat disagree,Somewhat agree,Neither agree nor disagree,Somewhat agree,Somewhat agree,,,,1,2,,,1,1,1,1,,,1,1,Options to Avoid,Sepsis AI suggests between one and three treatment options to consider avoiding. These options are identified based on the rates of mortality in the admission for similar patients that received each treatment.,4,This is the fifth case.,1,1,1,,,1,0,1,2,,,1,3,"Internal medicine, pulmonary",,Community,All or almost all (95% or more),Mailing List,,
779,abf5a4e598e5d45d890cc7f9bc4b3abe70303bd48e9e799a688526241360bee4,> 10 years,Expert - authoritative knowledge,73.19,110.878,110.884,4,Give more than 1 L of IV fluid.,Wean the existing vasopressor ONLY IF I ordered fluid and there is a positive response in less than four hours.,Fairly confident,,,,,,,,,,,,,,,,,,71.457,80.495,80.501,4,Give neither IV fluids nor diuretics.,Start a vasopressor.,Fairly confident,Dissatisfied,Did not affect my thinking at all,,,,,,,,,68.181,99.957,99.963,6,Continue the diuretic.,Start a vasopressor.,Fairly confident,Dissatisfied,Did not affect my thinking at all,,,,,,,,,50.942,78.216,78.22,5,Give a diuretic.,Wean the secondary vasopressor.,Fairly confident,Neutral,Did not affect my thinking at all,,,,,,,,,69.705,78.994,79.002,4,Give up to 1 L of IV fluid.,Start a vasopressor ONLY IF I ordered fluid and there is NO positive response in less than four hours.,Fairly confident,Neutral,Did not affect my thinking at all,,,,,,,,,40.784,47.97,47.974,5,Give neither IV fluids nor diuretics.,Start a vasopressor.,Extremely confident,Satisfied,Did not affect my thinking at all,,"Yes, I'll review two additional cases",Strongly disagree,Disagree,Agree,Somewhat disagree,Disagree,"I disagreed with the interpretation and advice with multiple cases and agreed on multiple cases. Given that, I don't think I would rely on the guidance or recommend others to. I would be more confident in the guidance provided if it provided references to studies it is interpreting and / or more detail of how it is creating it's guidance. ","AI seems most likely to help with early identification of sepsis and algorithmic decisions around empiric antibiotics and less useful in personalized physiology decisions such as whether to give fluids or vasopressors - particularly when there may be many pieces of context (such as code status, baseline BP for the patient, etc).",,1,1,1,1,3,1,1,1,1,1,1,1,Options to Consider,Sepsis AI suggests between one and three treatment options to consider. These options are identified based on the rates of mortality in the admission for similar patients that received each treatment.,6,This is the sixth and final case.,1,1,1,1,2,1,4,1,3,1,0,1,5,"Internal medicine, pulmonary",,"Academic, university affiliated",Less than 50%,Mailing List,,
361763,ab6e583fff3cf6cec6529b9ffbb009c00232a091d699c3dded78a2a3eb00d2e5,> 10 years,Proficient - deep understanding,,,,,,,,163.74,170.563,170.571,4,Give neither IV fluids nor diuretics.,Continue the existing vasopressor.,Fairly confident,Dissatisfied,I'm not sure,,84.133,95.965,95.988,4,Give a diuretic.,Start a vasopressor.,Fairly confident,,,,,,,,,,,,,,,,,,122.467,150.177,150.181,5,Stop diuretics and don't give IV fluids.,Start a vasopressor.,Fairly confident,Dissatisfied,"Prompted me to consider an alternative plan,Made me second-guess my plan",,,,,,,,,135.015,141.87,141.876,4,Give neither IV fluids nor diuretics.,Wean the secondary vasopressor.,Fairly confident,Neutral,Prompted me to consider an alternative plan,,,,,,,,,52.792,70.36,70.384,4,Give more than 1 L of IV fluid.,Start a vasopressor ONLY IF I ordered fluid and there is NO positive response in less than four hours.,Fairly confident,Satisfied,Made me more confident in my plan,,,,,,,,,65.567,72.478,72.485,4,Give neither IV fluids nor diuretics.,Start a vasopressor.,Fairly confident,Very satisfied,Made me more confident in my plan,,"Yes, I'll review two additional cases",Somewhat disagree,Somewhat agree,Somewhat agree,Neither agree nor disagree,Somewhat agree,,,,1,1,1,1,1,1,1,1,1,1,1,1,Recommended Treatment,Sepsis AI identifies the treatment plan that will lead to the lowest risk of mortality in this admission.,6,This is the sixth and final case.,2,1,4,1,2,1,1,1,5,1,0,1,3,"Internal medicine, pulmonary",,"Academic, university affiliated",More than 50% but less than 95%,Mailing List,,
1042,a3c1c0330eea38490053a37fee4457307d551a3d28112e5ec24a6a9300aaa38f,> 10 years,Expert - authoritative knowledge,,,,,,,,134.59,171.744,171.75,4,Give neither IV fluids nor diuretics.,Continue the existing vasopressor.,Fairly confident,Satisfied,Made me more confident in my plan,,,,,,,,,134.829,153.269,153.275,4,Give up to 1 L of IV fluid.,Start a vasopressor.,Fairly confident,Satisfied,Made me more confident in my plan,,,,,,,,,68.319,79.372,79.377,4,Stop diuretics and give up to 1 L of IV fluid.,Start a vasopressor.,Fairly confident,Neutral,Made me more confident in my plan,,87.597,126.419,126.427,4,Give neither IV fluids nor diuretics.,Wean the secondary vasopressor.,Extremely confident,,,,,,,,,,,,,,,,,,53.904,69.917,69.922,4,Give up to 1 L of IV fluid.,Start a vasopressor.,Fairly confident,Neutral,Made me more confident in my plan,,,,,,,,,68.075,76.81,76.815,4,Give neither IV fluids nor diuretics.,Start a vasopressor.,Fairly confident,Satisfied,Made me more confident in my plan,,"Yes, I'll review two additional cases",Somewhat disagree,Somewhat agree,Agree,Agree,Somewhat agree,,"Too basic, no assessment of volume responsiveness.  Four hour window limits decision-making.",,1,1,1,1,1,1,1,1,1,1,1,1,Options to Avoid,Sepsis AI suggests between one and three treatment options to consider avoiding. These options are identified based on the rates of mortality in the admission for similar patients that received each treatment.,6,This is the sixth and final case.,0,1,2,1,1,1,5,1,0,1,3,1,4,Anesthesiology,,"Academic, university affiliated",All or almost all (95% or more),Mailing List,,
1201265,9a0cfb8bcee29637387dca597d8a073393c65f03442507722752662abfa5ab18,> 10 years,Proficient - deep understanding,,,,,,,,102.311,198.262,198.274,7,Give up to 1 L of IV fluid.,Continue the existing vasopressor.,Somewhat confident,Neutral,Made me second-guess my plan,,,,,,,,,128.49,140.512,140.527,6,Give up to 1 L of IV fluid.,Start a vasopressor ONLY IF I ordered fluid and there is NO positive response in less than four hours.,Somewhat confident,Neutral,Made me second-guess my plan,,,,,,,,,1742.515,1792.182,1792.199,6,Stop diuretics and don't give IV fluids.,Do not give vasopressors.,Somewhat confident,Neutral,Made me second-guess my plan,,,,,,,,,112.388,159.419,159.426,5,Give neither IV fluids nor diuretics.,Continue both vasopressors.,Fairly confident,Neutral,Made me second-guess my plan,,,,,,,,,192.094,236.151,236.154,4,Give more than 1 L of IV fluid.,Start a vasopressor ONLY IF I ordered fluid and there is NO positive response in less than four hours.,Somewhat confident,Neutral,Helped me decide between alternatives,,61.514,83.718,83.723,4,Give up to 1 L of IV fluid.,Start a vasopressor.,Somewhat confident,,,,,,,,,,,"Yes, I'll review two additional cases",Somewhat disagree,Somewhat disagree,Somewhat agree,Neither agree nor disagree,Neither agree nor disagree,,,,3,2,1,1,1,1,1,2,1,1,1,1,Options to Avoid,Sepsis AI suggests between one and three treatment options to consider avoiding. These options are identified based on the rates of mortality in the admission for similar patients that received each treatment.,7,This is the sixth and final case.,0,1,3,1,6,1,4,1,2,1,1,1,0,"Internal medicine, pulmonary",,"Academic, university affiliated",Less than 50%,Mailing List,,
1300,a605ea917d51e755bd3514e4c2055a503e5999994a6669d97a9785beda9dde82,> 10 years,Expert - authoritative knowledge,,,,,,,,3.248,76.8,76.806,7,Give more than 1 L of IV fluid.,Wean the existing vasopressor ONLY IF I ordered fluid and there is a positive response in less than four hours.,Extremely confident,Satisfied,Did not affect my thinking at all,,,,,,,,,354.78,383.735,383.743,7,Give up to 1 L of IV fluid.,Start a vasopressor.,Fairly confident,Neutral,Did not affect my thinking at all,,2.685,107.489,107.492,7,Stop diuretics and don't give IV fluids.,Do not give vasopressors.,Fairly confident,,,,,,,,,,,,,,,,,,106.143,129.178,129.185,6,Give neither IV fluids nor diuretics.,Wean the secondary vasopressor.,Fairly confident,Neutral,Did not affect my thinking at all,,,,,,,,,71.781,162.298,162.303,6,Give up to 1 L of IV fluid.,Start a vasopressor ONLY IF I ordered fluid and there is NO positive response in less than four hours.,Fairly confident,Neutral,Did not affect my thinking at all,,,,,,,,,2.61,122.944,122.95,7,Give neither IV fluids nor diuretics.,Start a vasopressor.,Fairly confident,Satisfied,Did not affect my thinking at all,,"Yes, I'll review two additional cases",Strongly disagree,Disagree,Neither agree nor disagree,Somewhat disagree,Somewhat disagree,,,,1,1,1,1,1,1,1,1,1,1,1,1,Options to Consider,Sepsis AI suggests between one and three treatment options to consider. These options are identified based on the rates of mortality in the admission for similar patients that received each treatment.,6,This is the sixth and final case.,2,1,5,1,1,1,2,1,3,1,0,1,4,"Internal medicine, not pulmonary",,"Academic, not university affiliated",All or almost all (95% or more),Mailing List,,
1668,536ca3e4db975fabaf19e888c9b84c1f8f74b7edc1cd6a519e3936f3990d219b,> 10 years,Expert - authoritative knowledge,,,,,,,,,,,,,,,,,,,,,,,,,,,,,,,,,,,,,,,,,,160.453,193.495,193.504,7,Stop diuretics and give more than 1 L of IV fluid.,Start a vasopressor ONLY IF I ordered fluid and there is NO positive response in less than four hours.,Fairly confident,Satisfied,Did not affect my thinking at all,,,,,,,,,242.493,280.531,280.535,4,Give a diuretic.,Continue both vasopressors.,Fairly confident,Neutral,Did not affect my thinking at all,,,,,,,,,100.412,124.913,124.921,4,Give more than 1 L of IV fluid.,Start a vasopressor ONLY IF I ordered fluid and there is NO positive response in less than four hours.,Fairly confident,Neutral,Did not affect my thinking at all,,124.937,146.715,146.728,4,Give more than 1 L of IV fluid.,Start a vasopressor ONLY IF I ordered fluid and there is NO positive response in less than four hours.,Fairly confident,,,,,,,,,,,"No, take me to the final questions",Neither agree nor disagree,Neither agree nor disagree,Somewhat agree,Neither agree nor disagree,Somewhat agree,"It gives you an idea to enforce your thoughts, but I do not see it yet to have a great influence on my bedside decision, direct patient care, and management. Minimal effect on influencing decision-making. Patient care in the intensive care unit is more than numbers; you constantly have to reevaluate and change your plans according to the patient's response and trend. I see AI as a futuristic contributor to physician decision-making and patient care. ", AI is a futuristic contributor to physician decision-making and patient care. ,"It gives you an idea to enforce your thoughts, but I do not see it yet to have a great influence on my bedside decision, direct patient care, and management. Minimal effect on influencing decision-making. Patient care in the intensive care unit is more than numbers; you constantly have to reevaluate and change your plans according to the patient's response and trend. I see AI as a futuristic contributor to physician decision-making and patient care. ",,,,,3,1,1,1,1,1,1,1,Options to Avoid,Sepsis AI suggests between one and three treatment options to consider avoiding. These options are identified based on the rates of mortality in the admission for similar patients that received each treatment.,4,This is the fifth case.,3,,,,,1,0,1,2,1,1,1,3,Other (please indicate),critical care medicine/ infectious diseases,"Academic, not university affiliated",More than 50% but less than 95%,Mailing List,,
942,20d9ed85d099b42844adcbe7209ad8b94536416cfac6d6e8a62facb1469948da,> 10 years,Proficient - deep understanding,,,,,,,,66.773,95.291,95.303,5,Give neither IV fluids nor diuretics.,Wean the existing vasopressor.,Fairly confident,Satisfied,Made me more confident in my plan,,,,,,,,,103.406,108.934,108.943,4,Give up to 1 L of IV fluid.,Start a vasopressor ONLY IF I ordered fluid and there is NO positive response in less than four hours.,Somewhat confident,Dissatisfied,Made me second-guess my plan,,,,,,,,,51.849,61.916,61.926,4,Continue the diuretic.,Start a vasopressor.,Fairly confident,Neutral,Did not affect my thinking at all,,78.579,117.123,117.133,5,Give a diuretic.,Wean the secondary vasopressor.,Somewhat confident,,,,,,,,,,,,,,,,,,46.656,54.336,54.345,4,Give up to 1 L of IV fluid.,Start a vasopressor ONLY IF I ordered fluid and there is NO positive response in less than four hours.,Fairly confident,Neutral,Made me more confident in my plan,,,,,,,,,81.714,102.037,102.047,4,Give up to 1 L of IV fluid.,Start a vasopressor.,Somewhat confident,Neutral,I'm not sure,,"Yes, I'll review two additional cases",Disagree,Somewhat disagree,Strongly agree,Somewhat disagree,Somewhat agree,"Would like it to give citations for mgmt recs

Hard to clearly tell what clinical parameters its recommendations are focusing on most strongly. 

Discussion of a plan for the “day” is less relevant than for “right now” in ICU care.","I do think there is a role. It just would need to address some of the issues above and show itself over time to be reliable rather than feeling like the flip of a coin. Including citations/references would provide greater confidence. 

Reminds me a bit of the burn navigator technology for fluid resuscitating burn patients. ",,1,1,1,1,1,1,1,2,1,1,1,1,Recommended Treatment,Sepsis AI identifies the treatment plan that will lead to the lowest risk of mortality in this admission.,6,This is the sixth and final case.,3,1,0,1,5,1,1,1,3,1,4,1,2,Surgery,,"Academic, university affiliated",All or almost all (95% or more),Mailing List,,
2210,e69d8f89798b5f97cdd077eb85e160242fc0d829f594fdc853805ea97ab8cdd3,> 10 years,Expert - authoritative knowledge,,,,,,,,,,,,,,,,,,206.725,251.996,252.007,7,Give neither IV fluids nor diuretics.,Start a vasopressor.,Extremely confident,,,,,,,,,,,,,,,,,,189.478,254.199,254.204,7,Stop diuretics and give up to 1 L of IV fluid.,Start a vasopressor ONLY IF I ordered fluid and there is NO positive response in less than four hours.,Extremely confident,Dissatisfied,Affected my thinking in some other way (please describe):,IVF could further reduce SpO2,,,,,,,,224.349,251.871,251.89,5,Give up to 1 L of IV fluid.,Wean one or both vasopressors ONLY IF I ordered fluid and there is a positive response in less than four hours.,Extremely confident,Very dissatisfied,Affected my thinking in some other way (please describe):,I prefer to wean vasopressin AFTER primary pressor is weaned off.,,,,,,,,,,,,,,,,,,,,,,,,,110.194,168.379,168.384,6,Give up to 1 L of IV fluid.,Do not give vasopressors.,Not at all confident,Very dissatisfied,Affected my thinking in some other way (please describe):,No comment on palliative care.,"No, take me to the final questions",Strongly disagree,Strongly disagree,Strongly agree,Disagree,Strongly disagree,"Interesting format: ""AVOID"" instead of ""CONSIDER"".  I prefer getting ""CONSIDER.""","My sepsis treatment algorithm is based on the bedside assessment of SVI (normal 30-50 mL/beat/m2) from the BD (prior Edwards) hemodynamic monitor (Hemosphere ALTA):

SVI below 30 with CI < 2.2 --> IVF trial

SVI above 50 with CI > 2.2 --> no IVF; consider diuretic if CI remains 2.2","I use excessive high respiratory variation on the bedside monitor of the arterial BP or the O2 pleth tracing to predict hypovolemia with need for IVF.

",,,1,1,1,1,1,1,,,1,1,Options to Avoid,Sepsis AI suggests between one and three treatment options to consider avoiding. These options are identified based on the rates of mortality in the admission for similar patients that received each treatment.,4,This is the fifth case.,1,,,1,1,1,0,1,2,,,1,3,"Internal medicine, pulmonary",,"Academic, not university affiliated",All or almost all (95% or more),Mailing List,,
8065,1c840c2a600f9567ba92a51c1bcdd0fc80089107e71f4329d68c8b10928d71e9,> 10 years,Proficient - deep understanding,,,,,,,,265.362,276.682,276.698,6,Give neither IV fluids nor diuretics.,Wean the existing vasopressor.,Somewhat confident,Neutral,"Gave me an initial plan,Helped me decide between alternatives,Affected my thinking in some other way (please describe):",gave me a plan like in last scenarios- like a colleague steering you,,,,,,,,6.772,17.613,17.622,7,Give neither IV fluids nor diuretics.,Do not give vasopressors.,Somewhat confident,Neutral,"Gave me an initial plan,Helped me decide between alternatives",,,,,,,,,71.876,92.057,92.067,4,Continue the diuretic.,Do not give vasopressors.,Somewhat confident,Neutral,"Made me more confident in my plan,Affected my thinking in some other way (please describe):",like a colleague,,,,,,,,3216.914,3230.101,3230.118,4,Give a diuretic.,Wean the secondary vasopressor.,Somewhat confident,Satisfied,"Made me more confident in my plan,Affected my thinking in some other way (please describe):",like a colleague weighing in,,,,,,,,55.148,78.765,78.774,7,Give more than 1 L of IV fluid.,Do not give vasopressors.,Somewhat confident,Neutral,"Gave me an initial plan,Helped me decide between alternatives,Affected my thinking in some other way (please describe):",forgot to click this on last one- it influenced my decision otw would have potentially given IVF And pressor ,34.091,54.974,54.986,4,Give a diuretic.,Start a vasopressor.,Somewhat confident,,,,,,,,,,,"Yes, I'll review two additional cases",Disagree,Neither agree nor disagree,Somewhat agree,Neither agree nor disagree,Somewhat agree,was question 1 broken or written differently than the rest?,switching volume status decisions,,1,1,2,1,1,1,1,1,2,1,,1,Options to Consider,Sepsis AI suggests between one and three treatment options to consider. These options are identified based on the rates of mortality in the admission for similar patients that received each treatment.,6,This is the sixth and final case.,0,1,3,1,1,1,5,1,4,1,2,1,0,Surgery,,"Academic, university affiliated",Less than 50%,Mailing List,,
1159,0726e04be3266f5601d17cbebd863d2c15ef378f9f843d5e16a8cf2f86a366c8,> 10 years,Proficient - deep understanding,,,,,,,,190.882,202.261,202.279,4,Give neither IV fluids nor diuretics.,Add another vasopressor.,Fairly confident,Dissatisfied,Did not affect my thinking at all,,,,,,,,,73.578,84.274,84.278,4,Give up to 1 L of IV fluid.,Start a vasopressor.,Fairly confident,Satisfied,Did not affect my thinking at all,,,,,,,,,98.882,109.284,109.299,4,Continue the diuretic.,Start a vasopressor.,Fairly confident,Neutral,Did not affect my thinking at all,,115.662,151.205,151.211,4,Give neither IV fluids nor diuretics.,Continue both vasopressors.,Fairly confident,,,,,,,,,,,,,,,,,,88.047,101.346,101.352,4,Give up to 1 L of IV fluid.,Start a vasopressor.,Fairly confident,Dissatisfied,Did not affect my thinking at all,,,,,,,,,71.627,79.698,79.713,4,Give neither IV fluids nor diuretics.,Start a vasopressor.,Fairly confident,Satisfied,Did not affect my thinking at all,,"Yes, I'll review two additional cases",Disagree,Disagree,Strongly agree,Disagree,Disagree,"It completely does not take into account bedside ultrasound.
I guess it's interesting to look at what the AI answer is, because the thought process of agreeing or disagreeing with the proposed assessment/plan allows me to solidify my thought processes (almost akin to the ER assessment/plan).  ",Minimal,"For future questions, I would incorporate the bedside ultrasound findings. There are very few of us that would address these clinical scenarios without a probe.",1,1,1,1,1,1,1,1,1,1,1,1,Options to Consider,Sepsis AI suggests between one and three treatment options to consider. These options are identified based on the rates of mortality in the admission for similar patients that received each treatment.,6,This is the sixth and final case.,2,1,1,1,4,1,0,1,2,1,3,1,5,"Internal medicine, pulmonary",,Community,All or almost all (95% or more),Mailing List,,
1500,aeb7f5880063bc119ff204889b2504cf0067d950fa9d1c4767af09132085d988,> 10 years,Expert - authoritative knowledge,102.002,273.596,273.605,9,Give neither IV fluids nor diuretics.,Continue the existing vasopressor.,Extremely confident,,,,,,,,,,,,,,,,,,78.304,200.166,200.17,5,Give neither IV fluids nor diuretics.,Do not give vasopressors.,Extremely confident,Very satisfied,Made me second-guess my plan,,,,,,,,,164.086,185.855,185.863,4,Stop diuretics and give up to 1 L of IV fluid.,Start a vasopressor ONLY IF I ordered fluid and there is NO positive response in less than four hours.,Extremely confident,Very satisfied,"Prompted me to consider an alternative plan,Helped me decide between alternatives,Made me more confident in my plan,Made me second-guess my plan",,,,,,,,,,,,,,,,,,,,,,,,,,,,,,,,,,,,,,,,,,,101.901,202.268,202.274,8,Give neither IV fluids nor diuretics.,Start a vasopressor.,Extremely confident,Very satisfied,Made me more confident in my plan,,"No, take me to the final questions",Strongly agree,Strongly agree,Strongly agree,Strongly agree,Strongly agree,. Itemize the findings and support the response with literature,Suggestions ,Helping ,2,2,1,1,1,1,,,,,3,1,Recommended Treatment,Sepsis AI identifies the treatment plan that will lead to the lowest risk of mortality in this admission.,4,This is the fifth case.,3,1,3,1,2,1,0,,,,,1,1,Anesthesiology,,Other,Less than 50%,Mailing List,,
313,c522184d97b48915f6c7546a395fd43064161d219464ee1665ed02b55d1d4fd9,> 10 years,Expert - authoritative knowledge,,,,,,,,13.305,46.98,46.995,6,Give a diuretic.,Continue the existing vasopressor.,Fairly confident,Dissatisfied,I'm not sure,,,,,,,,,28.654,36.838,36.848,4,Give neither IV fluids nor diuretics.,Start a vasopressor.,Fairly confident,Satisfied,Prompted me to consider an alternative plan,,,,,,,,,33.549,44.991,44.996,6,Continue the diuretic.,Start a vasopressor.,Fairly confident,Dissatisfied,Did not affect my thinking at all,,,,,,,,,17.247,29.053,29.056,4,Give a diuretic.,Wean the secondary vasopressor.,Extremely confident,Satisfied,Did not affect my thinking at all,,38.554,48.832,48.837,5,Give more than 1 L of IV fluid.,Start a vasopressor ONLY IF I ordered fluid and there is NO positive response in less than four hours.,Extremely confident,,,,,,,,,,,,,,,,,,10.114,20.78,20.797,4,Give neither IV fluids nor diuretics.,Start a vasopressor.,Fairly confident,Satisfied,Did not affect my thinking at all,,"Yes, I'll review two additional cases",Somewhat agree,Somewhat agree,Agree,Somewhat agree,Somewhat agree,,,,3,1,1,1,1,1,1,1,2,1,1,1,Recommended Treatment,Sepsis AI identifies the treatment plan that will lead to the lowest risk of mortality in this admission.,6,This is the sixth and final case.,1,1,5,1,0,1,4,1,3,1,1,1,2,"Internal medicine, not pulmonary",,"Academic, university affiliated",More than 50% but less than 95%,Mailing List,,
1375,3857bf8081ddf2e7bf8c391a1f5e6fcf60b0f2ba4b102bc03e76fe750ec91a44,> 10 years,Expert - authoritative knowledge,128.299,148.9,148.916,4,Give up to 1 L of IV fluid.,Wean the existing vasopressor ONLY IF I ordered fluid and there is a positive response in less than four hours.,Somewhat confident,,,,,,,,,,,,,,,,,,77.943,94.54,94.56,4,Give neither IV fluids nor diuretics.,Start a vasopressor.,Somewhat confident,Neutral,Made me second-guess my plan,,,,,,,,,88.77,99.82,99.846,4,Stop diuretics and give up to 1 L of IV fluid.,Start a vasopressor ONLY IF I ordered fluid and there is NO positive response in less than four hours.,Fairly confident,Satisfied,"Prompted me to assess the patient further,Prompted me to consider an alternative plan,Made me more confident in my plan",,,,,,,,,130.103,317.542,317.564,6,Give up to 1 L of IV fluid.,"Wean the secondary vasopressor now, and wean the other vasopressor ONLY IF I ordered fluid and there is a positive response in less than four hours.",Fairly confident,Satisfied,"Gave me an initial plan,Made me more confident in my plan",,,,,,,,,182.073,193.566,193.598,4,Give up to 1 L of IV fluid.,Start a vasopressor ONLY IF I ordered fluid and there is NO positive response in less than four hours.,Fairly confident,Neutral,"Helped me form an initial assessment of the patient,Gave me an initial plan",,,,,,,,,105.595,112.942,112.966,4,Give neither IV fluids nor diuretics.,Start a vasopressor.,Fairly confident,Satisfied,"Helped me form an initial assessment of the patient,Gave me an initial plan,Made me more confident in my plan",,"Yes, I'll review two additional cases",Agree,Neither agree nor disagree,Somewhat agree,Somewhat agree,Somewhat agree,,,,1,1,1,1,1,1,1,1,1,1,1,1,Options to Avoid,Sepsis AI suggests between one and three treatment options to consider avoiding. These options are identified based on the rates of mortality in the admission for similar patients that received each treatment.,6,This is the sixth and final case.,3,1,3,1,5,1,2,1,0,1,1,1,4,"Internal medicine, pulmonary",,"Academic, university affiliated",All or almost all (95% or more),Mailing List,,
1131,659d3e16aa691ec418f32118fadb26c54024901e68b353954920aacb2e368e77,> 10 years,Expert - authoritative knowledge,,,,,,,,52.322,68.442,68.447,4,Give up to 1 L of IV fluid.,Add another vasopressor ONLY IF I ordered fluid and there is NO positive response in less than four hours.,Somewhat confident,Dissatisfied,Did not affect my thinking at all,,,,,,,,,146.052,151.203,151.219,4,Give neither IV fluids nor diuretics.,Start a vasopressor.,Slightly confident,Very dissatisfied,Did not affect my thinking at all,,,,,,,,,69.283,134.308,134.314,7,Stop diuretics and don't give IV fluids.,Start a vasopressor.,Not at all confident,Dissatisfied,Did not affect my thinking at all,,,,,,,,,76.086,115.91,115.925,6,Give a diuretic.,Continue both vasopressors.,Not at all confident,Neutral,Did not affect my thinking at all,,,,,,,,,41.312,60.655,60.671,5,Give up to 1 L of IV fluid.,Start a vasopressor ONLY IF I ordered fluid and there is NO positive response in less than four hours.,Somewhat confident,Dissatisfied,Did not affect my thinking at all,,49.653,66.62,66.631,5,Give neither IV fluids nor diuretics.,Start a vasopressor.,Somewhat confident,,,,,,,,,,,"Yes, I'll review two additional cases",Strongly disagree,Strongly disagree,Strongly disagree,Strongly disagree,Strongly disagree,"Sepsis AI provided conflicting recommendations.  This tool is not useful as it performed in these cases, and could cause harm through distraction.",No role until the tool provides useful information.,"None of these cases include the patient's body weight, which limits the ability to assess the doses of fluids which were or could be administered.  Echocardiography, point of care ultrasound, central venous pressure measurements, delta CO2, and other assessments of volume responsiveness are not included and are routine elements of care in cases like these.",1,1,1,1,1,1,1,2,1,1,1,1,Options to Consider,Sepsis AI suggests between one and three treatment options to consider. These options are identified based on the rates of mortality in the admission for similar patients that received each treatment.,6,This is the sixth and final case.,2,1,3,1,4,1,1,1,5,1,0,1,2,"Internal medicine, pulmonary",,"Academic, university affiliated",All or almost all (95% or more),Mailing List,,
2457,6ac2a259d42246fa5d316476e2065fb009d567000c5631d1e45b5ade69c64c1c,5-10 years,Proficient - deep understanding,,,,,,,,320.387,334.586,334.593,5,Give up to 1 L of IV fluid.,Add another vasopressor ONLY IF I ordered fluid and there is NO positive response in less than four hours.,Fairly confident,Very dissatisfied,Did not affect my thinking at all,,,,,,,,,694.394,715.035,715.042,5,Give neither IV fluids nor diuretics.,Start multiple vasopressors.,Slightly confident,Neutral,Did not affect my thinking at all,,,,,,,,,104.805,110.288,110.294,4,Stop diuretics and don't give IV fluids.,Start a vasopressor.,Somewhat confident,Neutral,Did not affect my thinking at all,,350.39,507.305,507.313,7,Give a diuretic.,Continue both vasopressors.,Somewhat confident,,,,,,,,,,,,,,,,,,194.445,233.881,233.886,9,Give more than 1 L of IV fluid.,Start a vasopressor ONLY IF I ordered fluid and there is NO positive response in less than four hours.,Fairly confident,Neutral,Did not affect my thinking at all,,,,,,,,,201.206,206.458,206.464,4,Give neither IV fluids nor diuretics.,Start a vasopressor.,Slightly confident,Neutral,Made me more confident in my plan,,"Yes, I'll review two additional cases",Strongly disagree,Strongly disagree,Strongly agree,Disagree,Somewhat disagree,"It is frustrating to get opposing recommendations with similar confidence. ""low mortality with IV fluids, low mortality with diuretics."" it confirms what I often think about ICU scenarios in this acute moment: it matters less what you do than what happens next and how you put it all together. ","I think it would be far more useful in identifying unrecognized sepsis and improving the time to treatment than it would be in managing the treatment itself. Alternatively, it would be helpful for managing treatment if it had a strong confidence for a benefit for a specific therapy- it could help catch errors and omissions, reduce delays, etc. ","I thought the cases were interesting and it is always hard to turn clinical decision making into multiple choice, but it was done as well as could be. It would have helped to give me a clear sense of what I gained from the volume exam for the cases instead of giving or not giving me tidbits of information- one patient had pedal edema, it wasn't mentioned that it was absent on others. ",1,2,1,2,1,1,2,1,1,3,1,1,Options to Consider,Sepsis AI suggests between one and three treatment options to consider. These options are identified based on the rates of mortality in the admission for similar patients that received each treatment.,6,This is the sixth and final case.,0,1,2,1,3,1,5,1,0,1,1,1,4,"Internal medicine, pulmonary",,"Academic, university affiliated",Less than 50%,Mailing List,,
1012,b0fe9aa478cc1d21f975699ee9212ff77074b605953c03330bdda8c3bc8adbc6,> 10 years,Proficient - deep understanding,,,,,,,,184.625,232.857,232.864,6,Give up to 1 L of IV fluid.,Wean the existing vasopressor ONLY IF I ordered fluid and there is a positive response in less than four hours.,Not at all confident,Neutral,"Prompted me to assess the patient further,Prompted me to consider an alternative plan",,52.994,76.697,76.704,4,Give up to 1 L of IV fluid.,Start a vasopressor ONLY IF I ordered fluid and there is NO positive response in less than four hours.,Somewhat confident,,,,,,,,,,,,,,,,,,94.326,110.244,110.249,4,Stop diuretics and don't give IV fluids.,Start a vasopressor ONLY IF I ordered fluid and there is NO positive response in less than four hours.,Fairly confident,Neutral,Did not affect my thinking at all,,,,,,,,,140.314,170.908,170.913,4,Give neither IV fluids nor diuretics.,"Wean the secondary vasopressor now, and wean the other vasopressor ONLY IF I ordered fluid and there is a positive response in less than four hours.",Fairly confident,Neutral,Did not affect my thinking at all,,,,,,,,,62.189,78.824,78.829,6,Give more than 1 L of IV fluid.,Start a vasopressor ONLY IF I ordered fluid and there is NO positive response in less than four hours.,Fairly confident,Dissatisfied,Did not affect my thinking at all,,,,,,,,,71.476,110.961,110.967,4,Give up to 1 L of IV fluid.,Start a vasopressor.,Fairly confident,Dissatisfied,Prompted me to consider an alternative plan,,"Yes, I'll review two additional cases",Neither agree nor disagree,Somewhat disagree,Agree,Somewhat disagree,Neither agree nor disagree,I didn't find the suggestions very helpful,the responses were simplistic as they provided no mechanistic information,the provided information for each case was limited and sepsis AI added nothing,2,2,1,1,1,1,1,1,1,2,1,1,Options to Avoid,Sepsis AI suggests between one and three treatment options to consider avoiding. These options are identified based on the rates of mortality in the admission for similar patients that received each treatment.,6,This is the sixth and final case.,3,1,4,1,3,1,1,1,2,1,5,1,0,Other (please indicate),"Internal Medicine, Critical Care",Other,,Mailing List,,
740,200f4bc484947229d5f89b8da3a346b47dfbc74fb5a93a62e319a2d1b63afa9e,> 10 years,Expert - authoritative knowledge,,,,,,,,50.334,67.929,67.933,5,Give neither IV fluids nor diuretics.,Add another vasopressor.,Fairly confident,Dissatisfied,Prompted me to assess the patient further,,,,,,,,,53.699,66.513,66.516,4,Give neither IV fluids nor diuretics.,Start a vasopressor.,Fairly confident,Dissatisfied,Prompted me to assess the patient further,,,,,,,,,78.733,90.465,90.468,4,Continue the diuretic.,Start a vasopressor.,Extremely confident,Neutral,Helped me decide between alternatives,,,,,,,,,75.111,81.922,81.927,4,Give a diuretic.,Wean the secondary vasopressor.,Extremely confident,Satisfied,Made me more confident in my plan,,,,,,,,,41.857,56.866,56.868,5,Give more than 1 L of IV fluid.,Start a vasopressor ONLY IF I ordered fluid and there is NO positive response in less than four hours.,Fairly confident,Satisfied,Helped me decide between alternatives,,83.122,100.654,100.657,4,Give up to 1 L of IV fluid.,Start a vasopressor.,Fairly confident,,,,,,,,,,,"Yes, I'll review two additional cases",Neither agree nor disagree,Neither agree nor disagree,Agree,Neither agree nor disagree,Neither agree nor disagree,"needs to incorporate input from other disease processes (such as cirrhosis-associated AKI, which would specifically benefit from pressor from the perspective of AKI)",training of residents and/or use in initial management of patients with sepsis,,1,2,1,1,1,1,1,1,1,2,1,1,Recommended Treatment,Sepsis AI identifies the treatment plan that will lead to the lowest risk of mortality in this admission.,6,This is the sixth and final case.,0,1,4,1,5,1,1,1,3,1,2,1,0,"Internal medicine, pulmonary",,"Academic, not university affiliated",All or almost all (95% or more),Mailing List,,
1390830,0529af1ec5a8b9490b6ebf6d316fc0902188d9e10523b4d8f8ac80d174db34c8,> 10 years,Expert - authoritative knowledge,,,,,,,,102.75,135.518,135.526,4,Give neither IV fluids nor diuretics.,Add another vasopressor.,Slightly confident,Neutral,Did not affect my thinking at all,,,,,,,,,35.6,151.816,151.82,6,Give neither IV fluids nor diuretics.,Start a vasopressor.,Slightly confident,Very satisfied,Did not affect my thinking at all,,,,,,,,,131.678,179.318,179.324,5,Stop diuretics and don't give IV fluids.,Do not give vasopressors.,Not at all confident,Neutral,Did not affect my thinking at all,,,,,,,,,,,,,,,,,,,,,,,,,,,,,,,,,,,,119.609,135.409,135.412,4,Give neither IV fluids nor diuretics.,Start a vasopressor.,Fairly confident,,,,,,,,,,,"No, take me to the final questions",Neither agree nor disagree,Neither agree nor disagree,Neither agree nor disagree,Neither agree nor disagree,Neither agree nor disagree,fluid status assessment was missing . steroids could  be an option and there more to say abou the cases beside pressors. ,"help decide abx or not
identify source of infection when not sure",,1,1,1,1,1,2,,,,,1,1,Options to Avoid,Sepsis AI suggests between one and three treatment options to consider avoiding. These options are identified based on the rates of mortality in the admission for similar patients that received each treatment.,4,This is the fifth case.,2,1,3,1,0,1,1,,,,,1,2,"Internal medicine, pulmonary",,"Academic, university affiliated",Less than 50%,Mailing List,,
1496,db439be2fd96e7c0d6cd589e111089310dfbb4f41cca73236ecf0f9d11cddbff,> 10 years,Expert - authoritative knowledge,,,,,,,,65.01,172.492,172.511,8,Give neither IV fluids nor diuretics.,Continue the existing vasopressor.,Somewhat confident,Dissatisfied,Did not affect my thinking at all,,,,,,,,,97.423,115.332,115.339,8,Give neither IV fluids nor diuretics.,Start a vasopressor.,Not at all confident,Very dissatisfied,Did not affect my thinking at all,,,,,,,,,382.271,462.686,462.701,8,Stop diuretics and don't give IV fluids.,Do not give vasopressors.,Fairly confident,Dissatisfied,Did not affect my thinking at all,,36.629,164.587,164.605,8,Give neither IV fluids nor diuretics.,Wean the secondary vasopressor.,Fairly confident,,,,,,,,,,,,,,,,,,6.885,77.216,77.228,8,Give up to 1 L of IV fluid.,Start a vasopressor.,Slightly confident,Neutral,Did not affect my thinking at all,,,,,,,,,57.779,95,95.007,8,Give neither IV fluids nor diuretics.,Start a vasopressor.,Slightly confident,Neutral,Did not affect my thinking at all,,"Yes, I'll review two additional cases",Somewhat disagree,Disagree,Neither agree nor disagree,Disagree,Strongly disagree,"it was really hard to assess the accuracy of sepsis AI because so much information was missing from the cases.  For example, it is difficult to assess fluids as I dont know the weight of the patient.  Without a CBC to see if bleeding in some cases, would also be nice.
In essence, the scenarios are too simple and have too much missingness to assess its accuracy ","Again, I think as above, the question is how the AI will ingest the information, what is automatically extracted from EHR versus have to be put into the UI by the provider.  If the former, what data are extracted.
For example, in the patient with Hypertension, as a provider, I would look for baseline BP, to help tailor the treatment plan, will this do this
In essence, trust in AI requires transparency in what data are being used by the model, without that, this is difficult to asses",,1,2,1,1,1,1,1,2,1,1,1,1,Recommended Treatment,Sepsis AI identifies the treatment plan that will lead to the lowest risk of mortality in this admission.,6,This is the sixth and final case.,1,1,3,1,2,1,5,1,1,1,0,1,4,"Internal medicine, pulmonary",,"Academic, university affiliated",Less than 50%,Mailing List,,
2748,d1a1970f4ad3d415f90e765b1cfc7d22c0ad8f7651bffb6aa21453a66fa5bdba,> 10 years,Proficient - deep understanding,,,,,,,,,,,,,,,,,,,,,,,,,69.255,93.655,93.674,8,Give neither IV fluids nor diuretics.,Start a vasopressor.,Fairly confident,Dissatisfied,Made me second-guess my plan,,,,,,,,,,,,,,,,,,,39.627,94.083,94.097,8,Give up to 1 L of IV fluid.,Wean one or both vasopressors ONLY IF I ordered fluid and there is a positive response in less than four hours.,Somewhat confident,,,,,,,,,,,,,,,,,,33.626,57.777,57.792,9,Give more than 1 L of IV fluid.,Start a vasopressor ONLY IF I ordered fluid and there is NO positive response in less than four hours.,Fairly confident,Neutral,Did not affect my thinking at all,,,,,,,,,1035.358,1357.017,1357.03,9,Give a diuretic.,Start a vasopressor.,Fairly confident,Satisfied,Prompted me to consider an alternative plan,,"No, take me to the final questions",Neither agree nor disagree,Somewhat disagree,Somewhat agree,Somewhat disagree,Somewhat disagree,Made me second guess myself.  I suppose that is a good thing to help ensure you are being extra thoughtful with decisions.,Additive ,There is often no clear right or wrong with some of these scenarios. Things have to be constantly re-evaluated.  It is important for sepsis AI data to be transparent about that.,,,2,1,,,1,1,1,1,1,2,Options to Consider,Sepsis AI suggests between one and three treatment options to consider. These options are identified based on the rates of mortality in the admission for similar patients that received each treatment.,4,This is the fifth case.,1,,,1,3,,,1,1,1,2,1,0,"Internal medicine, pulmonary",,"Academic, university affiliated",Less than 50%,Mailing List,,
2707,422ea1547a0c09744427e9d16d11a27cf61af6c76faebd845f15d22429d3738b,> 10 years,Expert - authoritative knowledge,,,,,,,,1035.011,1051.096,1051.127,5,Give more than 1 L of IV fluid.,Add another vasopressor ONLY IF I ordered fluid and there is NO positive response in less than four hours.,Fairly confident,Very dissatisfied,Did not affect my thinking at all,,,,,,,,,,,,,,,,,,,829.69,837.13,837.149,4,Stop diuretics and give up to 1 L of IV fluid.,Start a vasopressor ONLY IF I ordered fluid and there is NO positive response in less than four hours.,Fairly confident,,,,,,,,,,,,,,,,,,97.073,397.941,397.957,7,Give neither IV fluids nor diuretics.,Wean the secondary vasopressor.,Somewhat confident,Dissatisfied,Prompted me to consider an alternative plan,,,,,,,,,,,,,,,,,,,,,,,,,,173.269,240.062,240.078,8,Give more than 1 L of IV fluid.,Start a vasopressor ONLY IF I ordered fluid and there is NO positive response in less than four hours.,Fairly confident,Dissatisfied,Prompted me to consider an alternative plan,,"No, take me to the final questions",Strongly disagree,Strongly disagree,Neither agree nor disagree,Disagree,Disagree,,,,1,2,,,1,1,1,1,,,1,1,Options to Avoid,Sepsis AI suggests between one and three treatment options to consider avoiding. These options are identified based on the rates of mortality in the admission for similar patients that received each treatment.,4,This is the fifth case.,2,1,1,,,1,2,1,0,,,1,3,"Internal medicine, pulmonary",,"Academic, university affiliated",Less than 50%,Mailing List,,
670,2af571b6400602a437b066d0575780cd688e347e844807a6f76c4290a0733815,5-10 years,Proficient - deep understanding,64.697,99.953,100.009,5,Give up to 1 L of IV fluid.,Continue the existing vasopressor.,Somewhat confident,,,,,,,,,,,,,,,,,,45.141,57.331,57.385,4,Give up to 1 L of IV fluid.,Start a vasopressor.,Somewhat confident,Neutral,"Prompted me to consider an alternative plan,Helped me decide between alternatives",,,,,,,,,32.542,53.445,53.5,4,Continue the diuretic.,Start a vasopressor.,Somewhat confident,Neutral,"Prompted me to consider an alternative plan,Helped me decide between alternatives",,,,,,,,,75.542,93.027,93.082,4,Give a diuretic.,Wean the secondary vasopressor.,Somewhat confident,Neutral,Helped me decide between alternatives,,,,,,,,,18.269,75.487,75.544,4,Give up to 1 L of IV fluid.,Start a vasopressor.,Somewhat confident,Neutral,"Prompted me to consider an alternative plan,Helped me decide between alternatives",,,,,,,,,129.397,166.778,166.832,5,Give neither IV fluids nor diuretics.,Start a vasopressor.,Somewhat confident,Neutral,Prompted me to consider an alternative plan,,"Yes, I'll review two additional cases",Neither agree nor disagree,Somewhat agree,Somewhat agree,Neither agree nor disagree,Somewhat agree,,,,1,2,1,1,1,1,1,1,1,1,2,1,Options to Avoid,Sepsis AI suggests between one and three treatment options to consider avoiding. These options are identified based on the rates of mortality in the admission for similar patients that received each treatment.,6,This is the sixth and final case.,0,1,0,1,2,1,3,1,5,1,1,1,4,"Internal medicine, pulmonary",,"Academic, university affiliated",More than 50% but less than 95%,Mailing List,,
1588,eda8421f19f8af410ccc0d2d5d16b9efd7c3372da9efe492660fb918676b7598,> 10 years,Proficient - deep understanding,135.407,169.029,169.038,5,Give neither IV fluids nor diuretics.,Add another vasopressor ONLY IF I ordered fluid and there is NO positive response in less than four hours.,Not at all confident,,,,,,,,,,,,,,,,,,49.85,63.422,63.43,4,Give neither IV fluids nor diuretics.,Do not give vasopressors.,Fairly confident,Very satisfied,Made me more confident in my plan,,,,,,,,,135.355,154.435,154.444,4,Stop diuretics and give up to 1 L of IV fluid.,Start a vasopressor ONLY IF I ordered fluid and there is NO positive response in less than four hours.,Slightly confident,Dissatisfied,Made me second-guess my plan,,,,,,,,,111.197,221.739,221.752,4,Give neither IV fluids nor diuretics.,Continue both vasopressors.,Somewhat confident,Dissatisfied,Did not affect my thinking at all,,,,,,,,,58.82,67.38,67.391,4,Give up to 1 L of IV fluid.,Start a vasopressor ONLY IF I ordered fluid and there is NO positive response in less than four hours.,Fairly confident,Very satisfied,"Helped me form an initial assessment of the patient,Gave me an initial plan,Made me more confident in my plan",,,,,,,,,47.251,76.635,76.643,5,Give neither IV fluids nor diuretics.,Start a vasopressor.,Fairly confident,Very satisfied,"Gave me an initial plan,Made me more confident in my plan",,"Yes, I'll review two additional cases",Neither agree nor disagree,Somewhat agree,Strongly agree,Somewhat agree,Somewhat disagree,"'-It was useful to confirm my initial plans
-I need to understand how the recommendations are generated before applying them to a real patient. There’s a lot of nuances that were not included in the scenarios. For example no patient weights were given, and this is essential to determine if the volume of resuscitation fluid is adequate or not. Another example in one of the scenarios that seemed like ARDS: did sepsis AI recommend diuretics based on the FACT trial for example, to reduce vent days? What if my priority is not that, like in a patient who has evolving AKI or large fluid balance or escalating pressors / borderline MAPs? Less vent days (-2.5 per FACTT) might not be worth pursuing in these scenarios for example and these clinical conditions were not present in that trial population. Will this tool identify and discern all this or just analyze a set of limited variables (oxygenation, hemodynamics, kidney function)?","'-Early identification
-Continuous analysis of patient trends and automatic recommendations for antibiotics once C&S are available 
-Treatment suggestions as in the scenarios, but with clear rationale behind them
",Nice effort. Would be interested to follow the progression of this project. Good luck!,1,2,1,1,1,1,1,1,1,1,1,2,Recommended Treatment,Sepsis AI identifies the treatment plan that will lead to the lowest risk of mortality in this admission.,6,This is the sixth and final case.,3,1,3,1,5,1,1,1,0,1,4,1,2,Other (please indicate),Critical care and nephrology,"Academic, university affiliated",Less than 50%,Mailing List,,
811,19aeea4fcd22c1f82928736c6e7d2ecc679d19d9f797cc177a6abdf36d49bc98,> 10 years,Expert - authoritative knowledge,,,,,,,,39.79,52.601,52.607,4,Give up to 1 L of IV fluid.,Continue the existing vasopressor.,Fairly confident,Neutral,"Prompted me to assess the patient further,Made me second-guess my plan",,,,,,,,,69.478,84.862,84.866,5,Give up to 1 L of IV fluid.,Start a vasopressor.,Fairly confident,Neutral,"Prompted me to assess the patient further,Made me second-guess my plan",,,,,,,,,46.563,56.26,56.266,4,Continue the diuretic.,Start a vasopressor.,Fairly confident,Neutral,"Prompted me to assess the patient further,Helped me decide between alternatives",,,,,,,,,123.76,249.978,249.984,9,Give a diuretic.,Continue both vasopressors.,Fairly confident,Dissatisfied,"Prompted me to assess the patient further,Prompted me to consider an alternative plan,Made me second-guess my plan",,31.092,85.647,85.653,8,Give up to 1 L of IV fluid.,Do not give vasopressors.,Fairly confident,,,,,,,,,,,,,,,,,,46.561,55.684,55.689,4,Give up to 1 L of IV fluid.,Start a vasopressor.,Fairly confident,Neutral,"Prompted me to assess the patient further,Made me second-guess my plan",,"Yes, I'll review two additional cases",Disagree,Disagree,Disagree,Disagree,Disagree,,,,1,1,1,1,1,1,1,1,3,1,1,1,Options to Consider,Sepsis AI suggests between one and three treatment options to consider. These options are identified based on the rates of mortality in the admission for similar patients that received each treatment.,6,This is the sixth and final case.,0,1,4,1,3,1,5,1,1,1,0,1,2,Anesthesiology,,"Academic, not university affiliated",More than 50% but less than 95%,Mailing List,,
515,57e0ca168653c03b811a4aeac3d8f2194cb65c1c95b2670d270e5177ebb7eaf1,> 10 years,Proficient - deep understanding,,,,,,,,60.029,69.858,69.868,4,Give up to 1 L of IV fluid.,Continue the existing vasopressor.,Fairly confident,Neutral,Did not affect my thinking at all,,,,,,,,,95.217,102.327,102.338,4,Give neither IV fluids nor diuretics.,Start a vasopressor.,Extremely confident,Neutral,Did not affect my thinking at all,,36.722,48.299,48.313,5,Stop diuretics and don't give IV fluids.,Start a vasopressor.,Extremely confident,,,,,,,,,,,,,,,,,,45.003,53.557,53.572,4,Give neither IV fluids nor diuretics.,Wean the secondary vasopressor.,Extremely confident,Neutral,Did not affect my thinking at all,,,,,,,,,33.64,43.687,43.697,5,Give more than 1 L of IV fluid.,Start a vasopressor ONLY IF I ordered fluid and there is NO positive response in less than four hours.,Extremely confident,Neutral,Did not affect my thinking at all,,,,,,,,,37.462,42.605,42.623,4,Give neither IV fluids nor diuretics.,Start a vasopressor.,Extremely confident,Neutral,Did not affect my thinking at all,,"Yes, I'll review two additional cases",Disagree,Disagree,Disagree,Strongly disagree,Strongly disagree,The lack of usefulness was because it told me not to do combinations of things I was not considering doing.  It was also not useful to be told what not to do rather than to be told what to do.  ,"Separate fluids and vasopressor recommendations, provide recommendations (not what not to do) with links to the evidence",,1,1,1,1,2,1,1,1,1,1,1,1,Options to Avoid,Sepsis AI suggests between one and three treatment options to consider avoiding. These options are identified based on the rates of mortality in the admission for similar patients that received each treatment.,6,This is the sixth and final case.,2,1,3,1,1,1,2,1,5,1,0,1,4,"Internal medicine, pulmonary",,"Academic, university affiliated",Less than 50%,Mailing List,,
1807797,4361210c794dacce076dd7096952c7707b9f4e8e8e76c8e4e2b366e2adce1b13,> 10 years,Proficient - deep understanding,,,,,,,,13939.547,13966.069,13966.087,5,Give neither IV fluids nor diuretics.,Continue the existing vasopressor.,Fairly confident,Satisfied,Made me more confident in my plan,,,,,,,,,63.356,324.095,324.101,6,Give neither IV fluids nor diuretics.,Start a vasopressor.,Fairly confident,Neutral,I'm not sure,,,,,,,,,936.495,947.319,947.324,4,Continue the diuretic.,Start a vasopressor.,Somewhat confident,Satisfied,Made me more confident in my plan,,156.53,191.938,191.951,4,Give neither IV fluids nor diuretics.,Wean the secondary vasopressor.,Fairly confident,,,,,,,,,,,,,,,,,,,,,,,,,,,,,,,,,,,,,,,,,,,,,"No, take me to the final questions",Neither agree nor disagree,Neither agree nor disagree,Somewhat agree,Somewhat agree,Somewhat agree,,,,1,1,1,1,1,1,1,1,,,,,Options to Avoid,Sepsis AI suggests between one and three treatment options to consider avoiding. These options are identified based on the rates of mortality in the admission for similar patients that received each treatment.,4,This is the fifth case.,1,1,2,1,0,1,3,1,1,,,,,"Internal medicine, not pulmonary",,"Academic, university affiliated",All or almost all (95% or more),Mailing List,,
992,efcb6047e2fe8e8d00c3a505c8219ea160b5d1ac9747bf0c91443123334dcb17,5-10 years,Competent - good working and background knowledge,,,,,,,,118.183,158.426,158.445,4,Give neither IV fluids nor diuretics.,Continue the existing vasopressor.,Fairly confident,Neutral,Prompted me to assess the patient further,,,,,,,,,110.139,121.873,121.879,5,Give a diuretic.,Start a vasopressor.,Fairly confident,Dissatisfied,Did not affect my thinking at all,,,,,,,,,103.034,149.842,149.855,4,Stop diuretics and don't give IV fluids.,Start a vasopressor.,Fairly confident,Dissatisfied,Made me second-guess my plan,,89.853,117.066,117.072,4,Give a diuretic.,Wean the secondary vasopressor.,Fairly confident,,,,,,,,,,,,,,,,,,38.519,47.468,47.482,4,Give neither IV fluids nor diuretics.,Start a vasopressor.,Fairly confident,Neutral,Did not affect my thinking at all,,,,,,,,,84.739,96.99,97,4,Give a diuretic.,Start a vasopressor.,Fairly confident,Satisfied,Made me more confident in my plan,,"Yes, I'll review two additional cases",Disagree,Disagree,Agree,Disagree,Somewhat agree,,,,1,1,1,1,1,1,1,1,1,1,1,1,Options to Consider,Sepsis AI suggests between one and three treatment options to consider. These options are identified based on the rates of mortality in the admission for similar patients that received each treatment.,6,This is the sixth and final case.,1,1,0,1,3,1,2,1,1,1,5,1,4,"Internal medicine, pulmonary",,"Academic, university affiliated",More than 50% but less than 95%,Mailing List,,
851,b54ed55428568b7bdb52cebdd3bb7a23af1c87827465d592b0380d04181e124c,> 10 years,Proficient - deep understanding,,,,,,,,75.704,130.674,130.692,6,Give up to 1 L of IV fluid.,Wean the existing vasopressor ONLY IF I ordered fluid and there is a positive response in less than four hours.,Extremely confident,Dissatisfied,Prompted me to consider an alternative plan,,,,,,,,,67.486,79.83,79.847,4,Give neither IV fluids nor diuretics.,Start a vasopressor.,Fairly confident,Neutral,Helped me form an initial assessment of the patient,,,,,,,,,53.645,63.245,63.262,4,Continue the diuretic.,Do not give vasopressors.,Fairly confident,Satisfied,"Helped me form an initial assessment of the patient,Prompted me to assess the patient further",,,,,,,,,141.9,195.494,195.51,4,Give a diuretic.,Wean the secondary vasopressor.,Extremely confident,Very dissatisfied,Made me more confident in my plan,,,,,,,,,84.106,107.131,107.143,4,Give more than 1 L of IV fluid.,Start a vasopressor ONLY IF I ordered fluid and there is NO positive response in less than four hours.,Extremely confident,Very satisfied,"Helped me decide between alternatives,Made me more confident in my plan",,73.428,81.028,81.037,5,Give up to 1 L of IV fluid.,Start a vasopressor.,Fairly confident,,,,,,,,,,,"Yes, I'll review two additional cases",Agree,Agree,Agree,Agree,Agree,,,,1,1,1,1,1,1,1,1,1,1,1,1,Recommended Treatment,Sepsis AI identifies the treatment plan that will lead to the lowest risk of mortality in this admission.,6,This is the sixth and final case.,3,1,2,1,4,1,5,1,1,1,0,1,3,Surgery,,"Academic, university affiliated",More than 50% but less than 95%,Mailing List,,
653,487ee103c67f7a5f75eeef66d5e4ae5ad1c0b8d83e8934e70383f930a870f17c,3-5 years,Competent - good working and background knowledge,,,,,,,,14.414,96.769,96.774,5,Give neither IV fluids nor diuretics.,Add another vasopressor.,Somewhat confident,Neutral,I'm not sure,,12.879,117.093,117.1,21,Give up to 1 L of IV fluid.,Start a vasopressor ONLY IF I ordered fluid and there is NO positive response in less than four hours.,Slightly confident,,,,,,,,,,,,,,,,,,,,,,,,,,,,,,,,,,,20.188,115.382,115.388,8,Give a diuretic.,Continue both vasopressors.,Somewhat confident,Dissatisfied,Did not affect my thinking at all,,,,,,,,,20.038,110.8,110.807,9,Give up to 1 L of IV fluid.,Start a vasopressor.,Somewhat confident,Dissatisfied,Did not affect my thinking at all,,,,,,,,,,,,,,,,,,,"No, take me to the final questions",Somewhat disagree,Neither agree nor disagree,Somewhat agree,Somewhat disagree,Somewhat disagree,,,,1,1,1,1,,,1,1,1,1,,,Options to Avoid,Sepsis AI suggests between one and three treatment options to consider avoiding. These options are identified based on the rates of mortality in the admission for similar patients that received each treatment.,4,This is the fifth case.,0,1,3,1,0,,,1,1,1,2,,,Neurology,,"Academic, university aﬃliated",All or almost all (95% or more),Faculty List,,No
246,2086e4c1a8e4871d004c29f3023d401cd3c94a994d4eb59801c8afd9b8a96dee,> 10 years,Proficient - deep understanding,,,,,,,,4.636,9.82,9.828,5,Give a diuretic.,Wean the existing vasopressor.,Fairly confident,Satisfied,"Helped me form an initial assessment of the patient,Prompted me to assess the patient further",,,,,,,,,21.266,29.613,29.622,5,Give up to 1 L of IV fluid.,Start a vasopressor.,Somewhat confident,Satisfied,"Helped me form an initial assessment of the patient,Prompted me to assess the patient further,Prompted me to consider an alternative plan,Helped me decide between alternatives",,14.57,20.929,20.938,4,Stop diuretics and give up to 1 L of IV fluid.,Start a vasopressor.,Somewhat confident,,,,,,,,,,,,,,,,,,7.786,11.767,11.776,4,Give a diuretic.,Wean both existing vasopressors.,Fairly confident,Satisfied,"Helped me form an initial assessment of the patient,Prompted me to assess the patient further,Gave me an initial plan",,,,,,,,,7.721,19.278,19.287,4,Give more than 1 L of IV fluid.,Do not give vasopressors.,Fairly confident,Satisfied,"Helped me form an initial assessment of the patient,Prompted me to assess the patient further,Gave me an initial plan,Prompted me to consider an alternative plan",,,,,,,,,12.8,17.388,17.398,4,Give neither IV fluids nor diuretics.,Start a vasopressor.,Fairly confident,Satisfied,"Helped me form an initial assessment of the patient,Prompted me to assess the patient further,Gave me an initial plan,Helped me decide between alternatives,Made me more confident in my plan",,"Yes, I'll review two additional cases",Agree,Somewhat agree,Somewhat agree,Somewhat agree,Agree,,,,1,1,1,1,1,1,1,1,1,1,1,1,Options to Consider,Sepsis AI suggests between one and three treatment options to consider. These options are identified based on the rates of mortality in the admission for similar patients that received each treatment.,6,This is the sixth and final case.,0,1,5,1,1,1,0,1,4,1,2,1,3,"Internal medicine, pulmonary",,"Academic, university aﬃliated",All or almost all (95% or more),Faculty List,,No
221,a1bab955a42c0d86a65e706b033f4d9facadfc8167702913f5e283c376873ec9,5-10 years,Expert - authoritative knowledge,,,,,,,,,,,,,,,,,,,,,,,,,26.482,33.805,33.814,5,Give neither IV fluids nor diuretics.,Start a vasopressor.,Somewhat confident,Dissatisfied,Did not affect my thinking at all,,,,,,,,,,,,,,,,,,,,,,,,,,24.299,29.691,29.699,4,Give up to 1 L of IV fluid.,Wean one or both vasopressors ONLY IF I ordered fluid and there is a positive response in less than four hours.,Fairly confident,Dissatisfied,Did not affect my thinking at all,,11.438,19.275,19.283,4,Give more than 1 L of IV fluid.,Start a vasopressor ONLY IF I ordered fluid and there is NO positive response in less than four hours.,Fairly confident,,,,,,,,,,,,,,,,,,29.933,45.194,45.209,6,Give more than 1 L of IV fluid.,Start a vasopressor.,Somewhat confident,Neutral,Did not affect my thinking at all,,"No, take me to the final questions",Neither agree nor disagree,Disagree,Strongly agree,Neither agree nor disagree,Strongly disagree,,,,,,1,1,,,1,1,1,1,2,1,Options to Avoid,Sepsis AI suggests between one and three treatment options to consider avoiding. These options are identified based on the rates of mortality in the admission for similar patients that received each treatment.,4,This is the fifth case.,1,,,1,2,,,1,3,1,1,1,0,"Internal medicine, pulmonary",,"Academic, university aﬃliated",All or almost all (95% or more),Faculty List,,No
697,d967c8e66c2d34069004e1d096c7a4a59bb60d08b5ba23c2060c019d3950eeb5,5-10 years,Proficient - deep understanding,,,,,,,,134.781,169.821,169.829,4,Give up to 1 L of IV fluid.,Continue the existing vasopressor.,Extremely confident,Neutral,Did not affect my thinking at all,,,,,,,,,,,,,,,,,,,,,,,,,,88.252,111.003,111.013,4,Stop diuretics and don't give IV fluids.,Start a vasopressor.,Extremely confident,Neutral,Did not affect my thinking at all,,132.407,155.106,155.113,5,Give neither IV fluids nor diuretics.,Continue both vasopressors.,Extremely confident,,,,,,,,,,,,,,,,,,,,,,,,,,,,,,,,,,,98.833,109.265,109.272,4,Give neither IV fluids nor diuretics.,Start a vasopressor.,Extremely confident,Neutral,Did not affect my thinking at all,,"No, take me to the final questions",Disagree,Disagree,Agree,Disagree,Strongly disagree,,None I don’t want to rely on AI to guide my decisions ,,1,1,,,1,1,1,1,,,1,1,Recommended Treatment,Sepsis AI identifies the treatment plan that will lead to the lowest risk of mortality in this admission.,4,This is the fifth case.,3,1,0,,,1,1,1,3,,,1,2,"Internal medicine, pulmonary",,"Academic, university aﬃliated",Less than 50%,Faculty List,,No
1193,2462c4d28e76520bea368bf17ed40dc823c9ce06efb3c8539ad4315c1e699aad,> 10 years,Proficient - deep understanding,,,,,,,,130.198,169.293,169.306,4,Give neither IV fluids nor diuretics.,Add another vasopressor.,Fairly confident,Neutral,Did not affect my thinking at all,,,,,,,,,94.843,125.939,125.949,5,Give neither IV fluids nor diuretics.,Start a vasopressor.,Fairly confident,Neutral,Did not affect my thinking at all,,196.79,207.645,207.648,4,Stop diuretics and give up to 1 L of IV fluid.,Start a vasopressor ONLY IF I ordered fluid and there is NO positive response in less than four hours.,Fairly confident,,,,,,,,,,,,,,,,,,129.08,161.721,161.73,4,Give neither IV fluids nor diuretics.,Continue both vasopressors.,Fairly confident,Neutral,Did not affect my thinking at all,,,,,,,,,50.916,74.748,74.757,7,Give up to 1 L of IV fluid.,Start a vasopressor.,Fairly confident,Neutral,Did not affect my thinking at all,,,,,,,,,103.155,112.828,112.845,4,Give neither IV fluids nor diuretics.,Start a vasopressor.,Fairly confident,Dissatisfied,Did not affect my thinking at all,,"Yes, I'll review two additional cases",Disagree,Disagree,Agree,Somewhat disagree,Disagree,"I think the cases, at least as presented, limited the utility of Sepsis AI.  There are important pieces of information that the cases didn't provide, such as patient size (important in thinking about fluid administration), response to interventions (e.g. did oxygenation improve in the first case when PEEP was increased from 10-15?)",,,1,1,1,1,1,1,1,1,1,2,1,1,Options to Avoid,Sepsis AI suggests between one and three treatment options to consider avoiding. These options are identified based on the rates of mortality in the admission for similar patients that received each treatment.,6,This is the sixth and final case.,3,1,1,1,4,1,3,1,0,1,5,1,2,"Internal medicine, pulmonary",,"Academic, university aﬃliated",Less than 50%,Faculty List,,Prefer not to answer
494,7e7dd5bf7beb63a6e22df40b0e2c792edc36d8ffa7d6a9dc7b5bc52dcbd01362,> 10 years,Competent - good working and background knowledge,,,,,,,,87.472,103.542,103.545,4,Give up to 1 L of IV fluid.,Add another vasopressor ONLY IF I ordered fluid and there is NO positive response in less than four hours.,Somewhat confident,Dissatisfied,Prompted me to consider an alternative plan,,,,,,,,,41.88,48.898,48.902,4,Give a diuretic.,Start a vasopressor.,Fairly confident,Dissatisfied,Prompted me to consider an alternative plan,,,,,,,,,128.084,145.298,145.302,4,Stop diuretics and don't give IV fluids.,Start a vasopressor ONLY IF I ordered fluid and there is NO positive response in less than four hours.,Somewhat confident,Dissatisfied,Prompted me to consider an alternative plan,,,,,,,,,,,,,,,,,,,46.501,52.616,52.621,4,Give up to 1 L of IV fluid.,Start a vasopressor.,Fairly confident,,,,,,,,,,,,,,,,,,,,,,,,,,,,"No, take me to the final questions",Agree,Somewhat disagree,Agree,Somewhat disagree,Agree,,,,1,1,1,1,1,1,,,1,1,,,Options to Consider,Sepsis AI suggests between one and three treatment options to consider. These options are identified based on the rates of mortality in the admission for similar patients that received each treatment.,4,This is the fifth case.,2,1,0,1,3,1,1,,,1,2,,,"Internal medicine, pulmonary",,"Academic, university aﬃliated",Less than 50%,Faculty List,,No
971,c5d431e4a75e1eebca26022ffc9ea176f614b455b32ec6a9317f09c01d1fd8fb,5-10 years,Proficient - deep understanding,,,,,,,,48.406,60.554,60.563,4,Give neither IV fluids nor diuretics.,Continue the existing vasopressor.,Fairly confident,Neutral,"Prompted me to consider an alternative plan,Helped me decide between alternatives",,,,,,,,,,,,,,,,,,,42.344,52.624,52.632,4,Stop diuretics and don't give IV fluids.,Start a vasopressor.,Extremely confident,,,,,,,,,,,,,,,,,,,,,,,,,,,,,,,,,,,53.749,68.732,68.74,4,Give up to 1 L of IV fluid.,Start a vasopressor ONLY IF I ordered fluid and there is NO positive response in less than four hours.,Extremely confident,Neutral,"Gave me an initial plan,Prompted me to consider an alternative plan,Made me more confident in my plan",,,,,,,,,65.574,73.088,73.102,4,Give neither IV fluids nor diuretics.,Start a vasopressor.,Extremely confident,Satisfied,"Helped me form an initial assessment of the patient,Prompted me to assess the patient further,Prompted me to consider an alternative plan,Helped me decide between alternatives",,"No, take me to the final questions",Somewhat agree,Somewhat agree,Strongly agree,Agree,Agree,,,,1,1,,,1,1,,,1,1,1,1,Options to Consider,Sepsis AI suggests between one and three treatment options to consider. These options are identified based on the rates of mortality in the admission for similar patients that received each treatment.,4,This is the fifth case.,2,1,1,,,1,2,,,1,0,1,3,Emergency medicine,,"Academic, not university aﬃliated",All or almost all (95% or more),Faculty List,,No
1971,3b710f9af89df1f80f37572ba57434c9c6b87de402b667bcca547e2892eeb095,> 10 years,Proficient - deep understanding,,,,,,,,136.181,173.593,173.602,4,Give neither IV fluids nor diuretics.,Continue the existing vasopressor.,Somewhat confident,Dissatisfied,"Gave me an initial plan,Made me second-guess my plan",,,,,,,,,66.706,102.302,102.316,5,Give neither IV fluids nor diuretics.,Start a vasopressor.,Fairly confident,Neutral,"Prompted me to assess the patient further,Gave me an initial plan,Prompted me to consider an alternative plan",,,,,,,,,916.994,941.67,941.692,4,Stop diuretics and give more than 1 L of IV fluid.,Start a vasopressor ONLY IF I ordered fluid and there is NO positive response in less than four hours.,Extremely confident,Very dissatisfied,Made me second-guess my plan,,,,,,,,,142.283,217.281,217.291,4,Give a diuretic.,Wean the secondary vasopressor.,Fairly confident,Satisfied,Made me more confident in my plan,,,,,,,,,33.38,57.178,57.187,5,Give up to 1 L of IV fluid.,Start a vasopressor ONLY IF I ordered fluid and there is NO positive response in less than four hours.,Extremely confident,Neutral,Made me second-guess my plan,,92.24,108.397,108.403,4,Give neither IV fluids nor diuretics.,Start a vasopressor.,Extremely confident,,,,,,,,,,,"Yes, I'll review two additional cases",Somewhat disagree,Neither agree nor disagree,Strongly agree,Disagree,Agree,Would seem to be best for providers with little sepsis management experience. ,,When one says wean vasopressors - does this mean if it meets certain criteria such as an acceptable MAP goal? Or based on the current data points - eg MAP is 55 but just turn down the pressors anyway? ,1,1,1,1,1,1,1,1,2,1,1,1,Recommended Treatment,Sepsis AI identifies the treatment plan that will lead to the lowest risk of mortality in this admission.,6,This is the sixth and final case.,3,1,4,1,2,1,0,1,1,1,5,1,3,"Internal medicine, pulmonary",,"Academic, university aﬃliated",All or almost all (95% or more),Faculty List,,No
404,8831b141bb8641d5ee04229485a6c903bd4c5582d3f53f3739d1c2041170061e,> 10 years,Competent - good working and background knowledge,,,,,,,,60.776,70.516,70.525,5,Give a diuretic.,Continue the existing vasopressor.,Somewhat confident,Neutral,Did not affect my thinking at all,,,,,,,,,,,,,,,,,,,,,,,,,,0.076,52.418,52.425,5,Stop diuretics and don't give IV fluids.,Start a vasopressor.,Fairly confident,Neutral,Did not affect my thinking at all,,43.679,81.013,81.022,6,Give neither IV fluids nor diuretics.,Continue both vasopressors.,Somewhat confident,,,,,,,,,,,,,,,,,,26.115,36.07,36.078,6,Give up to 1 L of IV fluid.,Start a vasopressor ONLY IF I ordered fluid and there is NO positive response in less than four hours.,Somewhat confident,Neutral,Did not affect my thinking at all,,,,,,,,,,,,,,,,,,,"No, take me to the final questions",Strongly disagree,Somewhat disagree,Agree,Neither agree nor disagree,Strongly disagree,,Non existent. Any useable data that it could generate predictions from isn’t real time,,1,1,,,1,1,1,2,1,2,,,Options to Consider,Sepsis AI suggests between one and three treatment options to consider. These options are identified based on the rates of mortality in the admission for similar patients that received each treatment.,4,This is the fifth case.,0,1,1,,,1,2,1,0,1,3,,,"Internal medicine, not pulmonary",,"Academic, university aﬃliated",More than 50% but less than 95%,Faculty List,,No
2341,9ef1b8f5e76359e85348c43262479dbe5c6696115819a948def76094437aee35,3-5 years,Expert - authoritative knowledge,,,,,,,,122.754,209.57,209.577,4,Give neither IV fluids nor diuretics.,Add another vasopressor.,Somewhat confident,Neutral,Did not affect my thinking at all,,,,,,,,,993.195,1008.762,1008.77,4,Give neither IV fluids nor diuretics.,Start a vasopressor.,Somewhat confident,Neutral,Did not affect my thinking at all,,,,,,,,,112.919,159.304,159.309,4,Stop diuretics and give up to 1 L of IV fluid.,Start a vasopressor ONLY IF I ordered fluid and there is NO positive response in less than four hours.,Somewhat confident,Neutral,Did not affect my thinking at all,,,,,,,,,208.536,220.603,220.608,4,Give neither IV fluids nor diuretics.,Wean the secondary vasopressor.,Somewhat confident,Neutral,Did not affect my thinking at all,,58.65,192.734,192.741,4,Give up to 1 L of IV fluid.,Start a vasopressor.,Somewhat confident,,,,,,,,,,,,,,,,,,125.318,131.636,131.641,4,Give neither IV fluids nor diuretics.,Start a vasopressor.,Somewhat confident,Neutral,Did not affect my thinking at all,,"Yes, I'll review two additional cases",Disagree,Disagree,Disagree,Disagree,Disagree,"Many of the suggestions for things not to do were things I would never have considered to begin with, so reading through them just added time burden. 

I also found the phrasing weird and how the suggestions of what not to do were always 2 things (like ""don't give vasopressors AND stop fluids"") - I just found it hard to read. It would have been more helpful if it provided the specific datapoint about the case it is basic the recommendation off of and any supporting evidence in case the clinician finds that relevant.

Lastly, some of the things not to do had a note that those choices had ""average mortality"" risk compared to other treatments, so I wasn't sure why they were included (as opposed to ""higher mortality""). ",Not sure. The things that are challenging about sepsis care have more to do with the gray areas in the evidence base as opposed toe applying the evidence based strategies that do exist to patients.,,1,1,1,1,1,1,1,1,1,1,1,1,Options to Avoid,Sepsis AI suggests between one and three treatment options to consider avoiding. These options are identified based on the rates of mortality in the admission for similar patients that received each treatment.,6,This is the sixth and final case.,2,1,0,1,1,1,5,1,4,1,2,1,3,"Internal medicine, pulmonary",,"Academic, university aﬃliated",Less than 50%,Faculty List,,No
1025,53c169fe5d0ac8eb82a39ee52368573a45f0c47e14c6126283063e30ebea4aae,5-10 years,Proficient - deep understanding,,,,,,,,90.941,159.907,159.916,4,Give more than 1 L of IV fluid.,Add another vasopressor ONLY IF I ordered fluid and there is NO positive response in less than four hours.,Somewhat confident,Neutral,"Prompted me to assess the patient further,Made me second-guess my plan",,,,,,,,,62.895,88.127,88.134,4,Give neither IV fluids nor diuretics.,Start a vasopressor.,Fairly confident,Satisfied,Made me more confident in my plan,,,,,,,,,101.907,155.251,155.269,4,Stop diuretics and give up to 1 L of IV fluid.,Start a vasopressor ONLY IF I ordered fluid and there is NO positive response in less than four hours.,Fairly confident,Satisfied,Made me more confident in my plan,,,,,,,,,133.444,200.011,200.024,5,Give a diuretic.,Wean the secondary vasopressor.,Somewhat confident,Neutral,"Prompted me to assess the patient further,Made me second-guess my plan",,49.557,61.603,61.613,4,Give up to 1 L of IV fluid.,Start a vasopressor ONLY IF I ordered fluid and there is NO positive response in less than four hours.,Fairly confident,,,,,,,,,,,,,,,,,,82.52,104.708,104.718,4,Give neither IV fluids nor diuretics.,Start a vasopressor.,Fairly confident,Satisfied,Made me more confident in my plan,,"Yes, I'll review two additional cases",Disagree,Neither agree nor disagree,Neither agree nor disagree,Disagree,Somewhat agree,,,,1,1,1,1,1,1,2,1,1,1,1,1,Options to Avoid,Sepsis AI suggests between one and three treatment options to consider avoiding. These options are identified based on the rates of mortality in the admission for similar patients that received each treatment.,6,This is the sixth and final case.,3,1,0,1,4,1,2,1,1,1,3,1,5,"Internal medicine, pulmonary",,"Academic, university aﬃliated",More than 50% but less than 95%,Faculty List,,No
1470,ece67ee74e6a60bbe3c6f029444db55f55c9e418dd046648c57b02cc2199aa81,> 10 years,Proficient - deep understanding,,,,,,,,0.821,61.93,61.937,5,Give neither IV fluids nor diuretics.,Wean the existing vasopressor.,Slightly confident,Satisfied,Did not affect my thinking at all,,,,,,,,,275.602,288.235,288.24,4,Give neither IV fluids nor diuretics.,Start a vasopressor ONLY IF I ordered fluid and there is NO positive response in less than four hours.,Slightly confident,Dissatisfied,Did not affect my thinking at all,,,,,,,,,138.346,154.592,154.597,4,Continue the diuretic.,Start a vasopressor ONLY IF I ordered fluid and there is NO positive response in less than four hours.,Slightly confident,Satisfied,Made me more confident in my plan,,,,,,,,,170.506,201.665,201.67,5,Give neither IV fluids nor diuretics.,Wean one or both vasopressors ONLY IF I ordered fluid and there is a positive response in less than four hours.,Slightly confident,Neutral,Prompted me to consider an alternative plan,,,,,,,,,130.125,153.33,153.335,4,Give neither IV fluids nor diuretics.,Start a vasopressor ONLY IF I ordered fluid and there is NO positive response in less than four hours.,Somewhat confident,Dissatisfied,Made me second-guess my plan,,136.763,168.134,168.139,4,Give up to 1 L of IV fluid.,Start a vasopressor.,Somewhat confident,,,,,,,,,,,"Yes, I'll review two additional cases",Disagree,Disagree,Agree,Disagree,Disagree,"The feedback is very dichotomous but in real practice things are a bit more stepwise. For instance - plans are always going to be wean vasopressors but the recommendation of giving diuretics while on pressors is not trivial even if the patient is in overload. So yeah, we want to give a diuretic but have to hold the fort and will sometimes give fluid. Essential the AI device is not really capturing the sequence of events by giving a dichotomous plan. ","I think it needs to be a bit more specific in terms of recommendations. What pressor, how much fluid etc. ",,1,1,1,1,1,1,2,1,1,1,1,1,Recommended Treatment,Sepsis AI identifies the treatment plan that will lead to the lowest risk of mortality in this admission.,6,This is the sixth and final case.,1,1,4,1,3,1,2,1,5,1,0,1,1,"Internal medicine, pulmonary",,"Academic, university aﬃliated",More than 50% but less than 95%,Faculty List,,No
258498,48abb7e1cb06ea66b7d7a26b34442274e06a8d15feb2464e696473db0bbdaeda,> 10 years,Proficient - deep understanding,,,,,,,,10.414,128.418,128.423,7,Give neither IV fluids nor diuretics.,Continue the existing vasopressor.,Fairly confident,Neutral,Did not affect my thinking at all,,,,,,,,,83.658,90.399,90.41,4,Give neither IV fluids nor diuretics.,Start a vasopressor.,Fairly confident,Dissatisfied,Did not affect my thinking at all,,,,,,,,,40.118,83.633,83.639,5,Stop diuretics and don't give IV fluids.,Start a vasopressor.,Fairly confident,Dissatisfied,Did not affect my thinking at all,,,,,,,,,14.393,171.424,171.426,5,Give a diuretic.,Wean the secondary vasopressor.,Fairly confident,Satisfied,Did not affect my thinking at all,,,,,,,,,19.438,61.72,61.723,5,Give more than 1 L of IV fluid.,Start a vasopressor ONLY IF I ordered fluid and there is NO positive response in less than four hours.,Fairly confident,Satisfied,Did not affect my thinking at all,,7.626,96.511,96.517,5,Give neither IV fluids nor diuretics.,Start a vasopressor.,Fairly confident,,,,,,,,,,,"Yes, I'll review two additional cases",Neither agree nor disagree,Neither agree nor disagree,Neither agree nor disagree,Somewhat disagree,Somewhat agree,,,,1,1,1,1,1,1,1,1,1,1,1,1,Recommended Treatment,Sepsis AI identifies the treatment plan that will lead to the lowest risk of mortality in this admission.,6,This is the sixth and final case.,0,1,2,1,3,1,5,1,1,1,4,1,0,"Internal medicine, pulmonary",,"Academic, university aﬃliated",Less than 50%,Faculty List,,No
778,936780d512abb687b99c6d708bd572192fdf040e74ea0552431b592d7817b247,3-5 years,Expert - authoritative knowledge,,,,,,,,31.982,115.562,115.567,8,Give more than 1 L of IV fluid.,Continue the existing vasopressor.,Fairly confident,Dissatisfied,Did not affect my thinking at all,,,,,,,,,,,,,,,,,,,,,,,,,,,,,,,,,,,,,,,,,,,109.553,220.336,220.345,4,Give a diuretic.,Continue both vasopressors.,Slightly confident,Very dissatisfied,Prompted me to consider an alternative plan,,,,,,,,,54.561,93.216,93.222,5,Give more than 1 L of IV fluid.,Start a vasopressor.,Fairly confident,Very dissatisfied,Did not affect my thinking at all,,84.32,122.219,122.226,5,Give up to 1 L of IV fluid.,Start a vasopressor.,Fairly confident,,,,,,,,,,,"No, take me to the final questions",Disagree,Disagree,Strongly disagree,Strongly disagree,Disagree,,,,1,1,,,,,1,1,2,1,2,1,Options to Avoid,Sepsis AI suggests between one and three treatment options to consider avoiding. These options are identified based on the rates of mortality in the admission for similar patients that received each treatment.,4,This is the fifth case.,1,1,3,,,,,1,0,1,2,1,1,"Internal medicine, pulmonary",,"Academic, university aﬃliated",Less than 50%,Faculty List,,Prefer not to answer
771,dd6bc4354e1c15d1d22a45117317bca74acc02f52515b05437e0569d3631eae1,> 10 years,Expert - authoritative knowledge,,,,,,,,127.066,146.306,146.316,4,Give up to 1 L of IV fluid.,Continue the existing vasopressor.,Somewhat confident,Neutral,Prompted me to consider an alternative plan,,,,,,,,,64.231,118.119,118.14,6,Give up to 1 L of IV fluid.,Do not give vasopressors.,Extremely confident,Neutral,Helped me decide between alternatives,,93.304,121.296,121.325,6,Stop diuretics and don't give IV fluids.,Start a vasopressor.,Somewhat confident,,,,,,,,,,,,,,,,,,,,,,,,,,,,,,,,,,,,,,,,,,,,,,,,,,,,77.74,90.836,90.839,4,Give neither IV fluids nor diuretics.,Start a vasopressor.,Fairly confident,Neutral,Did not affect my thinking at all,,"No, take me to the final questions",Somewhat disagree,Neither agree nor disagree,Strongly agree,Somewhat agree,Somewhat agree,presents alternatives for me to consider in a sequential manner which is helpful but perhaps not clinically realistic since several decisions are often made concurrently (e.g. start pressor while fluid is infusing),would be most helpful if sepsis AI offered a 'first six hours' AI and a 'after the first six hours' set of considerations.  ,,1,1,1,2,2,2,,,,,1,1,Options to Consider,Sepsis AI suggests between one and three treatment options to consider. These options are identified based on the rates of mortality in the admission for similar patients that received each treatment.,4,This is the fifth case.,2,1,3,1,1,1,2,,,,,1,0,"Internal medicine, pulmonary",,"Academic, university aﬃliated",Less than 50%,Faculty List,,No
2119,5cd2fa89ad5943ac2d37f62d81e99341e9053652a2ae59cc8ffe81014724e5b5,5-10 years,Competent - good working and background knowledge,,,,,,,,172.288,285.023,285.029,5,Give up to 1 L of IV fluid.,Add another vasopressor.,Not at all confident,Very dissatisfied,Made me second-guess my plan,,,,,,,,,82.715,182.647,182.653,6,Give neither IV fluids nor diuretics.,Start a vasopressor.,Somewhat confident,Dissatisfied,Made me second-guess my plan,,,,,,,,,101.207,166.83,166.833,5,Stop diuretics and don't give IV fluids.,Start a vasopressor.,Somewhat confident,Neutral,Made me second-guess my plan,,164.094,253.861,253.866,5,Give neither IV fluids nor diuretics.,Continue both vasopressors.,Somewhat confident,,,,,,,,,,,,,,,,,,81.734,137.017,137.023,5,Give up to 1 L of IV fluid.,Start a vasopressor.,Fairly confident,Dissatisfied,Did not affect my thinking at all,,,,,,,,,72.377,110.666,110.67,5,Give neither IV fluids nor diuretics.,Start a vasopressor.,Fairly confident,Neutral,I'm not sure,,"Yes, I'll review two additional cases",Disagree,Somewhat disagree,Disagree,Disagree,Somewhat disagree,"The tool made it more confusing. There is no reasoning/rationale provided. The output was not clear since I am not sure if the tool is considering all factors ( presence of bradycardia and afib, presence of liver disease, etc) . In addition, when it states high risk for mortality with multiple options in some of the cases, it narrows down the option for the provider but that resulting option may not be the most confident choice for the provider. In that situation, it is difficult to decide if a more confident choice is preferred over a supposed ""high risk""  less confident choice. The provider may need to trust the reliability of the AI tools performance before going along with the tool. ","If the provider chooses to order a treatment course that is clearly high risk, then prompt the provider to reconsider and AI tool should show the rationale for the recommendation. 
Similarly, if an obvious treatment choice that would improve mortality is not being made, then to provide guidance or prompt regarding treatment with good rationale.

","Providing rationale for the decision recommended is helpful, and can also provide additional confidence and trust in the tool. 
Whether the recommendations from the tool are based on clinical studies or analysis of EMR data would also be helpful to know.",1,2,3,1,2,1,1,2,1,2,2,1,Options to Avoid,Sepsis AI suggests between one and three treatment options to consider avoiding. These options are identified based on the rates of mortality in the admission for similar patients that received each treatment.,6,This is the sixth and final case.,1,1,2,1,5,1,4,1,1,1,0,1,3,"Internal medicine, pulmonary",,"Academic, university aﬃliated",Less than 50%,Faculty List,,Prefer not to answer
1508,f87f306ef497cda3938dcc7f1d79470129fe07c90b109861e92e69dfbe4f2670,> 10 years,Expert - authoritative knowledge,5.355,157.411,157.426,7,Give neither IV fluids nor diuretics.,Add another vasopressor.,Fairly confident,,,,,,,,,,,,,,,,,,42.509,139.157,139.173,7,Give a diuretic.,Start a vasopressor.,Slightly confident,Very dissatisfied,Did not affect my thinking at all,,,,,,,,,59.012,88.916,88.926,7,Continue the diuretic.,Start a vasopressor.,Fairly confident,Very dissatisfied,Did not affect my thinking at all,,,,,,,,,,,,,,,,,,,,,,,,,,,,,,,,,,,,,,,,,,,741.973,855.333,855.35,7,Give a diuretic.,Start a vasopressor.,Somewhat confident,Very dissatisfied,Did not affect my thinking at all,,"No, take me to the final questions",Disagree,Strongly disagree,Agree,Strongly disagree,Strongly disagree,"Fluid management in sepsis is complicated and needs evaluation of other factors that might be causing shock like cardiac function LVEF, distributive shock, renal obstruction or AKi and conditions like cirrhosis. ",For calculation of initial fluid resuscitation in sepsis and helping with dosage and protocol list so nothing is missed. ,,1,2,1,1,1,1,,,,,2,1,Options to Consider,Sepsis AI suggests between one and three treatment options to consider. These options are identified based on the rates of mortality in the admission for similar patients that received each treatment.,4,This is the fifth case.,3,1,3,1,0,1,1,,,,,1,2,"Internal medicine, pulmonary",,"Academic, university aﬃliated",Less than 50%,Faculty List,,No
940,8293cdcfb852e72bf9032be7aec5e3a919e84ae71edf5f04842cf5c8da78c1b7,> 10 years,Proficient - deep understanding,,,,,,,,,,,,,,,,,,,,,,,,,87.572,108.886,108.89,4,Give neither IV fluids nor diuretics.,Start a vasopressor.,Slightly confident,Satisfied,"Helped me form an initial assessment of the patient,Prompted me to assess the patient further,Gave me an initial plan,Prompted me to consider an alternative plan,Helped me decide between alternatives,Made me more confident in my plan",,,,,,,,,107.766,141.616,141.621,5,Stop diuretics and give up to 1 L of IV fluid.,Start a vasopressor.,Somewhat confident,Dissatisfied,"Prompted me to assess the patient further,Gave me an initial plan,Prompted me to consider an alternative plan,Made me second-guess my plan",,92.29,133.752,133.755,5,Give neither IV fluids nor diuretics.,Continue both vasopressors.,Somewhat confident,,,,,,,,,,,,,,,,,,217.897,234.409,234.411,4,Give more than 1 L of IV fluid.,Start a vasopressor.,Fairly confident,Satisfied,"Helped me form an initial assessment of the patient,Prompted me to assess the patient further,Gave me an initial plan,Prompted me to consider an alternative plan,Helped me decide between alternatives,Made me more confident in my plan",,,,,,,,,,,,,,,,,,,"No, take me to the final questions",Strongly disagree,Somewhat agree,Agree,Disagree,Neither agree nor disagree,"Served as an anchor for decision making - either confirmation of a plan or when the output was not aligned with my plan, caused me to carefully consider/ reconsider my plan.
",Unclear yet - would want to have better understanding of its effectiveness.,,,,1,1,1,2,1,2,1,1,,,Recommended Treatment,Sepsis AI identifies the treatment plan that will lead to the lowest risk of mortality in this admission.,4,This is the fifth case.,0,,,1,2,1,1,1,0,1,3,,,Anesthesiology,,"Academic, not university aﬃliated",Less than 50%,Faculty List,,No
918,82f44457b2938901a2f5d4e1065d73064f14039fc32936e7408cda0197e603b2,5-10 years,Expert - authoritative knowledge,,,,,,,,69.112,156.956,156.958,5,Give up to 1 L of IV fluid.,Wean the existing vasopressor ONLY IF I ordered fluid and there is a positive response in less than four hours.,Fairly confident,Neutral,"Gave me an initial plan,Prompted me to consider an alternative plan,Helped me decide between alternatives,Made me second-guess my plan",,,,,,,,,53.219,60.747,60.759,4,Give neither IV fluids nor diuretics.,Do not give vasopressors.,Somewhat confident,Satisfied,"Helped me form an initial assessment of the patient,Gave me an initial plan,Prompted me to consider an alternative plan",,,,,,,,,88.43,101.174,101.176,4,Stop diuretics and give up to 1 L of IV fluid.,Start a vasopressor ONLY IF I ordered fluid and there is NO positive response in less than four hours.,Somewhat confident,Neutral,"Gave me an initial plan,Prompted me to consider an alternative plan",,,,,,,,,22.133,145.512,145.514,6,Give neither IV fluids nor diuretics.,Wean one or both vasopressors ONLY IF I ordered fluid and there is a positive response in less than four hours.,Somewhat confident,Neutral,"Prompted me to consider an alternative plan,Made me second-guess my plan",,148.438,160.131,160.133,8,Give up to 1 L of IV fluid.,Start a vasopressor ONLY IF I ordered fluid and there is NO positive response in less than four hours.,Fairly confident,,,,,,,,,,,,,,,,,,61.309,65.605,65.607,4,Give neither IV fluids nor diuretics.,Start a vasopressor.,Fairly confident,Satisfied,"Gave me an initial plan,Prompted me to consider an alternative plan",,"Yes, I'll review two additional cases",Somewhat disagree,Somewhat disagree,Agree,Agree,Somewhat disagree,"I think that it is somewhat useful, but I thought that sometimes the suggestions were quite different than what I would typically do, and so I'm not sure it would improve my efficiency","I think that it would be helpful to identify patients with early sepsis and guide fluid replacement, pressor titration, and antibiotic deescalation",,2,1,1,1,1,1,1,1,4,1,1,1,Options to Consider,Sepsis AI suggests between one and three treatment options to consider. These options are identified based on the rates of mortality in the admission for similar patients that received each treatment.,6,This is the sixth and final case.,2,1,1,1,5,1,3,1,0,1,2,1,4,"Internal medicine, pulmonary",,"Academic, university aﬃliated",More than 50% but less than 95%,Faculty List,,No
43281,0b0c8fa116aa51aff33f92ca04c10a9aed1f4380af7698ed64e456276d2aa8a6,5-10 years,Proficient - deep understanding,,,,,,,,,,,,,,,,,,,,,,,,,55.491,101.19,101.203,4,Give neither IV fluids nor diuretics.,Start a vasopressor.,Somewhat confident,Dissatisfied,"Prompted me to assess the patient further,Made me second-guess my plan",,,,,,,,,29.637,105.849,105.859,7,Stop diuretics and don't give IV fluids.,Start a vasopressor.,Fairly confident,Dissatisfied,Did not affect my thinking at all,,,,,,,,,59.962,84.024,84.032,4,Give a diuretic.,Wean the secondary vasopressor.,Somewhat confident,Satisfied,Gave me an initial plan,,75.667,87.94,87.948,5,Give up to 1 L of IV fluid.,Start a vasopressor ONLY IF I ordered fluid and there is NO positive response in less than four hours.,Somewhat confident,,,,,,,,,,,,,,,,,,,,,,,,,,,,"No, take me to the final questions",Somewhat disagree,Somewhat disagree,Agree,Somewhat disagree,Somewhat disagree,,,,,,1,1,2,1,1,1,1,1,,,Recommended Treatment,Sepsis AI identifies the treatment plan that will lead to the lowest risk of mortality in this admission.,5,This is the sixth and final case.,3,,,1,1,1,0,1,4,1,3,,,"Internal medicine, pulmonary",,"Academic, university aﬃliated",Less than 50%,Faculty List,,No
850,38d22497ecf13b780b93c5bd558bf2bbd3eaeb1406605a501d112e7d0e51e1cc,3-5 years,Competent - good working and background knowledge,,,,,,,,89.768,237.843,237.854,9,Give neither IV fluids nor diuretics.,Continue the existing vasopressor.,Somewhat confident,Neutral,Made me second-guess my plan,,61.22,213.343,213.361,7,Give neither IV fluids nor diuretics.,Start a vasopressor.,Somewhat confident,,,,,,,,,,,,,,,,,,,,,,,,,,,,,,,,,,,,,,,,,,,,,,,,,,,,56.371,106.047,106.057,4,Give up to 1 L of IV fluid.,Start a vasopressor ONLY IF I ordered fluid and there is NO positive response in less than four hours.,Somewhat confident,Neutral,Did not affect my thinking at all,,,,,,,,,74.917,120.573,120.584,4,Give neither IV fluids nor diuretics.,Start a vasopressor.,Fairly confident,Neutral,Did not affect my thinking at all,,"No, take me to the final questions",Disagree,Disagree,Neither agree nor disagree,Disagree,Somewhat disagree,,,,1,1,2,1,,,,,1,1,1,1,Recommended Treatment,Sepsis AI identifies the treatment plan that will lead to the lowest risk of mortality in this admission.,4,This is the fifth case.,2,1,1,1,2,,,,,1,3,1,0,"Internal medicine, pulmonary",,"Academic, university aﬃliated",Less than 50%,Faculty List,,Prefer not to answer
1424,bc929b43e670cb600821a4c971375f10170a38e4983cb9b12043b6cfcc5c5ebc,5-10 years,Proficient - deep understanding,,,,,,,,,,,,,,,,,,,,,,,,,76.504,147.267,147.279,9,Give neither IV fluids nor diuretics.,Start a vasopressor.,Fairly confident,Satisfied,Made me more confident in my plan,,,,,,,,,159.744,181.61,181.621,4,Continue the diuretic.,Start a vasopressor.,Fairly confident,Satisfied,Helped me decide between alternatives,,98.306,218.319,218.33,7,Give neither IV fluids nor diuretics.,Continue both vasopressors.,Fairly confident,,,,,,,,,,,,,,,,,,,,,,,,,,,,,,,,,,,616.947,623.83,623.839,4,Give a diuretic.,Start a vasopressor.,Fairly confident,Satisfied,Prompted me to consider an alternative plan,,"No, take me to the final questions",Agree,Agree,Somewhat agree,Agree,Strongly agree,When I was deciding between options it was useful in guiding me as to which option not to pick. I think an explanation as to why something was harmful in that scenario would be helpful (for example- fluids increase mortality because patient is volume overloaded already).,I think AI can help in picking a better treatment plan when considering between similar options because it will guide us away from plans that may be associated with more harm. ,I really enjoyed learning about this useful tool. I would use it especially if built into the EMR (for example built into EPIC),,,1,1,1,1,1,4,,,1,1,Options to Avoid,Sepsis AI suggests between one and three treatment options to consider avoiding. These options are identified based on the rates of mortality in the admission for similar patients that received each treatment.,4,This is the fifth case.,0,,,1,1,1,2,1,0,,,1,3,"Internal medicine, pulmonary",,"Academic, university aﬃliated",All or almost all (95% or more),Faculty List,,No
1741,61fe5b595009e9f49941ea865c2d0069a85d246ff17ce81342e15ca81ec688a8,> 10 years,Proficient - deep understanding,,,,,,,,14.694,176.524,176.526,5,Give neither IV fluids nor diuretics.,Continue the existing vasopressor.,Somewhat confident,Neutral,"Prompted me to consider an alternative plan,Made me second-guess my plan",,,,,,,,,1.724,79.232,79.242,5,Give neither IV fluids nor diuretics.,Start a vasopressor.,Somewhat confident,Neutral,Prompted me to consider an alternative plan,,,,,,,,,114.75,185.156,185.172,6,Continue the diuretic.,Start a vasopressor.,Somewhat confident,Neutral,"Prompted me to consider an alternative plan,Made me second-guess my plan",,179.68,327.558,327.563,11,Give a diuretic.,Continue both vasopressors.,Somewhat confident,,,,,,,,,,,,,,,,,,64.706,74.284,74.288,4,Give up to 1 L of IV fluid.,Start a vasopressor ONLY IF I ordered fluid and there is NO positive response in less than four hours.,Somewhat confident,Neutral,Made me second-guess my plan,,,,,,,,,94.042,489.74,489.757,6,Give neither IV fluids nor diuretics.,Start a vasopressor.,Somewhat confident,Neutral,Made me more confident in my plan,,"Yes, I'll review two additional cases",Somewhat disagree,Neither agree nor disagree,Neither agree nor disagree,Neither agree nor disagree,Somewhat agree,It seemed like it was very comfortable with things that would give clinicians pause. It would help if it had some data behind it's decisions. ,Helping to refine algorithms some.,It seemed pretty comfortable with low blood pressures. It would help to have a better volume exam on the cases which it doesn't seem like sepsis AI takes into account at all. ,1,1,1,1,2,1,1,3,1,1,2,1,Recommended Treatment,Sepsis AI identifies the treatment plan that will lead to the lowest risk of mortality in this admission.,6,This is the sixth and final case.,3,1,1,1,4,1,0,1,3,1,5,1,2,"Internal medicine, pulmonary",,"Academic, university aﬃliated",More than 50% but less than 95%,Faculty List,,No
487,5c4c167edec44f2f754fd4bd01f64ead185d651f23bf37cb9c3e299675732c4f,> 10 years,Expert - authoritative knowledge,,,,,,,,37.552,59.6,59.611,6,Give neither IV fluids nor diuretics.,Continue the existing vasopressor.,Extremely confident,Dissatisfied,Did not affect my thinking at all,,43.01,51.772,51.779,4,Give neither IV fluids nor diuretics.,Start a vasopressor.,Fairly confident,,,,,,,,,,,,,,,,,,30.231,50.589,50.606,4,Continue the diuretic.,Do not give vasopressors.,Somewhat confident,Satisfied,Made me more confident in my plan,,,,,,,,,85.519,94.147,94.162,4,Give a diuretic.,Wean the secondary vasopressor.,Somewhat confident,Very satisfied,Prompted me to consider an alternative plan,,,,,,,,,32.559,45.235,45.24,4,Give more than 1 L of IV fluid.,Start a vasopressor.,Extremely confident,Very satisfied,Made me more confident in my plan,,,,,,,,,28.206,41.109,41.126,4,Give neither IV fluids nor diuretics.,Start a vasopressor.,Extremely confident,Satisfied,Made me more confident in my plan,,"Yes, I'll review two additional cases",Strongly agree,Somewhat agree,Strongly agree,Agree,Agree,,,,1,1,1,1,1,1,1,1,1,1,1,1,Options to Consider,Sepsis AI suggests between one and three treatment options to consider. These options are identified based on the rates of mortality in the admission for similar patients that received each treatment.,6,This is the sixth and final case.,1,1,5,1,1,1,4,1,3,1,0,1,2,"Internal medicine, pulmonary",,"Academic, university aﬃliated",All or almost all (95% or more),Faculty List,,No
1225,bad0283b2677d066244ed406d318cc27cd00655ff8a0c258b42597c625573d5e,3-5 years,Expert - authoritative knowledge,,,,,,,,175.668,208.925,208.929,5,Give neither IV fluids nor diuretics.,Continue the existing vasopressor.,Somewhat confident,Neutral,Made me more confident in my plan,,62.38,84.021,84.035,5,Give neither IV fluids nor diuretics.,Start a vasopressor.,Somewhat confident,,,,,,,,,,,,,,,,,,58.121,143.615,143.618,9,Stop diuretics and give up to 1 L of IV fluid.,Start a vasopressor ONLY IF I ordered fluid and there is NO positive response in less than four hours.,Extremely confident,Very dissatisfied,Did not affect my thinking at all,,,,,,,,,,,,,,,,,,,,,,,,,,11.509,103.058,103.06,13,Give up to 1 L of IV fluid.,Start a vasopressor ONLY IF I ordered fluid and there is NO positive response in less than four hours.,Fairly confident,Dissatisfied,Did not affect my thinking at all,,,,,,,,,,,,,,,,,,,"No, take me to the final questions",Strongly disagree,Strongly disagree,Neither agree nor disagree,Strongly disagree,Disagree,"I disagreed with many of the recommendations, and felt it had only learned that patients who receive pressors are more likely to die than those who did not (though pressors did not cause the patient to die). Perhaps if the system explained why those specific plans were related to high mortality, it would make me reconsider my plan. ","It would be helpful if AI could scan the entire chart and produce a nice succinct summary (and note and orders) pertinent to making the final decision. For instance, using AI to actually produce a case like this one here.",,1,2,1,1,1,1,,,1,1,,,Options to Avoid,Sepsis AI suggests between one and three treatment options to consider avoiding. These options are identified based on the rates of mortality in the admission for similar patients that received each treatment.,4,This is the fifth case.,3,1,1,1,3,1,0,,,1,2,,,"Internal medicine, pulmonary",,"Academic, university aﬃliated",Less than 50%,Faculty List,,No
596,e4e04d1a7a20c5f728c206205a7b95e9ce97a120d44ca23f0685002c6e90ceee,5-10 years,Proficient - deep understanding,,,,,,,,48.7,64.884,64.894,5,Give more than 1 L of IV fluid.,Wean the existing vasopressor ONLY IF I ordered fluid and there is a positive response in less than four hours.,Fairly confident,Neutral,"Prompted me to assess the patient further,Helped me decide between alternatives",,45.76,62.44,62.444,4,Give up to 1 L of IV fluid.,Start a vasopressor ONLY IF I ordered fluid and there is NO positive response in less than four hours.,Fairly confident,,,,,,,,,,,,,,,,,,70.337,76.521,76.53,4,Stop diuretics and give up to 1 L of IV fluid.,Start a vasopressor ONLY IF I ordered fluid and there is NO positive response in less than four hours.,Fairly confident,Dissatisfied,Did not affect my thinking at all,,,,,,,,,59.732,83.157,83.171,4,Give a diuretic.,Continue both vasopressors.,Fairly confident,Satisfied,"Helped me decide between alternatives,Made me more confident in my plan",,,,,,,,,60.167,74.335,74.338,6,Give more than 1 L of IV fluid.,Start a vasopressor ONLY IF I ordered fluid and there is NO positive response in less than four hours.,Fairly confident,Satisfied,"Gave me an initial plan,Prompted me to consider an alternative plan,Helped me decide between alternatives,Made me more confident in my plan",,,,,,,,,28.117,34.165,34.169,4,Give neither IV fluids nor diuretics.,Start a vasopressor.,Fairly confident,Satisfied,"Prompted me to assess the patient further,Gave me an initial plan,Made me more confident in my plan",,"Yes, I'll review two additional cases",Agree,Agree,Agree,Agree,Agree,"made me re-evaluate the case, and question my decision","could be helpful, its tough though. sepsis is not a one form of disease",,2,1,1,1,1,1,1,1,1,3,1,1,Recommended Treatment,Sepsis AI identifies the treatment plan that will lead to the lowest risk of mortality in this admission.,6,This is the sixth and final case.,1,1,5,1,1,1,2,1,0,1,3,1,4,"Internal medicine, pulmonary",,"Academic, university aﬃliated",More than 50% but less than 95%,Faculty List,,Yes
1745,45d020cccb2f1b617dbf3f02b1374925c52d03ab5002aade1a740f2c2872381d,3-5 years,Competent - good working and background knowledge,61.591,239.402,239.417,19,Give up to 1 L of IV fluid.,Add another vasopressor ONLY IF I ordered fluid and there is NO positive response in less than four hours.,Somewhat confident,,,,,,,,,,,,,,,,,,,,,,,,,,,,,,,,,,,66.032,254.16,254.165,8,Stop diuretics and don't give IV fluids.,Start a vasopressor.,Somewhat confident,Dissatisfied,"Prompted me to assess the patient further,Prompted me to consider an alternative plan,Made me second-guess my plan,Affected my thinking in some other way (please describe):",i'd be curious to know comparative mortality estimate based on the plan i preferred (which was not given as an option by AI),,,,,,,,2.724,198.551,198.554,16,Give neither IV fluids nor diuretics.,Continue both vasopressors.,Somewhat confident,Neutral,"Prompted me to consider an alternative plan,Helped me decide between alternatives,Made me second-guess my plan",,,,,,,,,,,,,,,,,,,,,,,,,,8.1,117.59,117.604,21,Give neither IV fluids nor diuretics.,Start a vasopressor.,Fairly confident,Very satisfied,"Gave me an initial plan,Helped me decide between alternatives,Made me more confident in my plan",,"No, take me to the final questions",Somewhat agree,Somewhat agree,Agree,Neither agree nor disagree,Agree,"Gave me alternatives to consider with mortality estimates. Suggest improvement by allowing clinician to select their decision making options and AI input on how this affects mortality and offer alternatives rather than fixed options which may be discordant with clinician thinking with little explanation offered (blind reliance on AI output, which is a bit uncomfortable) .","As a guide, for me to act on if it makes sense based on the options presented. Most helpful when there is some equipoise about options where AI data may help one option rise to the top. However, if the AI output is discordant to my impression, I'm unlikely to use it.",,1,2,,,1,1,1,1,,,1,1,Options to Consider,Sepsis AI suggests between one and three treatment options to consider. These options are identified based on the rates of mortality in the admission for similar patients that received each treatment.,4,This is the fifth case.,2,1,2,,,1,3,1,0,,,1,1,"Internal medicine, not pulmonary",,"Academic, university aﬃliated",Less than 50%,Faculty List,,No
336,2ebdff4057e6bc46e558b747611ebe077e49c82a3f2d060b22102b1b9124c939,> 10 years,Proficient - deep understanding,54.858,64.835,64.84,4,Give up to 1 L of IV fluid.,Wean the existing vasopressor ONLY IF I ordered fluid and there is a positive response in less than four hours.,Fairly confident,,,,,,,,,,,,,,,,,,,,,,,,,,,,,,,,,,,27.771,58.95,58.963,5,Stop diuretics and give up to 1 L of IV fluid.,Start a vasopressor ONLY IF I ordered fluid and there is NO positive response in less than four hours.,Fairly confident,Neutral,Did not affect my thinking at all,,,,,,,,,,,,,,,,,,,,,,,,,,20.212,42.374,42.378,4,Give neither IV fluids nor diuretics.,Start a vasopressor.,Fairly confident,Satisfied,Gave me an initial plan,,,,,,,,,77.037,82.534,82.539,4,Give neither IV fluids nor diuretics.,Start a vasopressor.,Fairly confident,Dissatisfied,"Prompted me to assess the patient further,Made me second-guess my plan",,"No, take me to the final questions",Neither agree nor disagree,Somewhat agree,Somewhat agree,Somewhat agree,Somewhat agree,,,,1,1,,,2,1,,,1,1,1,1,Options to Avoid,Sepsis AI suggests between one and three treatment options to consider avoiding. These options are identified based on the rates of mortality in the admission for similar patients that received each treatment.,4,This is the fifth case.,1,1,1,,,1,3,,,1,2,1,0,"Internal medicine, pulmonary",,"Academic, university aﬃliated",Less than 50%,Faculty List,,No
1453,ddda06c8ff33f7235de71ada32fc7ebb73b4b1dc0d5d62bdbf7ff4625cbafd05,> 10 years,Expert - authoritative knowledge,,,,,,,,155.929,263.433,263.441,4,Give up to 1 L of IV fluid.,Wean the existing vasopressor ONLY IF I ordered fluid and there is a positive response in less than four hours.,Fairly confident,Dissatisfied,Did not affect my thinking at all,,,,,,,,,67.232,165.054,165.062,5,Give up to 1 L of IV fluid.,Start a vasopressor.,Extremely confident,Neutral,Did not affect my thinking at all,,,,,,,,,57.615,137.215,137.232,7,Stop diuretics and don't give IV fluids.,Start a vasopressor.,Fairly confident,Neutral,Did not affect my thinking at all,,,,,,,,,106.126,225.022,225.033,8,Give neither IV fluids nor diuretics.,Wean the secondary vasopressor.,Extremely confident,Neutral,Did not affect my thinking at all,,,,,,,,,50.985,93.708,93.712,4,Give up to 1 L of IV fluid.,Start a vasopressor.,Extremely confident,Very dissatisfied,Did not affect my thinking at all,,46.987,108.33,108.339,5,Give up to 1 L of IV fluid.,Start a vasopressor.,Extremely confident,,,,,,,,,,,"Yes, I'll review two additional cases",Strongly disagree,Disagree,Strongly agree,Strongly disagree,Strongly disagree,The suggestions seemed to be flat out categorical options not nuanced for that PARTICULAR patient. ,"Would be helpful if I could input data to guide the model e.g. this patient should ordinarily need fluids but is on the verge of intubation and is DNR DNI and do no harm principle should modify the output. That is I want the option that will maximize the chance of recovering BP and organ dysfunction without putting the patient at risk of intubation and hastening death

or yes, BP has declined in a different patient but MAP is still adequate kidney function is improving and UO is normal so please AI indicate if I need to do something RIGHT NOW, or can I wait and assess in 4 hours ",,1,1,2,1,4,1,1,1,1,1,1,1,Options to Consider,Sepsis AI suggests between one and three treatment options to consider. These options are identified based on the rates of mortality in the admission for similar patients that received each treatment.,6,This is the sixth and final case.,0,1,3,1,2,1,4,1,5,1,1,1,0,Other (please indicate):,,"Academic, university aﬃliated",Less than 50%,Faculty List,CCM and sleep,Prefer not to answer
8399,f2965d2b0356642e6a70f427cdecbd46aa19a7779fc1d30bb9629d6e4989005d,5-10 years,Proficient - deep understanding,15.538,35.75,35.756,6,Give more than 1 L of IV fluid.,Add another vasopressor.,Somewhat confident,,,,,,,,,,,,,,,,,,12.807,19.366,19.383,5,Give a diuretic.,Start a vasopressor.,Somewhat confident,Neutral,Did not affect my thinking at all,,,,,,,,,,,,,,,,,,,,,,,,,,9.499,66.3,66.318,7,Give neither IV fluids nor diuretics.,Continue both vasopressors.,Somewhat confident,Neutral,Did not affect my thinking at all,,,,,,,,,63.119,81.608,81.622,5,Give more than 1 L of IV fluid.,Start a vasopressor.,Fairly confident,Neutral,Did not affect my thinking at all,,,,,,,,,,,,,,,,,,,"No, take me to the final questions",Neither agree nor disagree,Neither agree nor disagree,Neither agree nor disagree,Neither agree nor disagree,Neither agree nor disagree,,,,1,1,1,1,,,3,1,1,1,,,Options to Consider,Sepsis AI suggests between one and three treatment options to consider. These options are identified based on the rates of mortality in the admission for similar patients that received each treatment.,4,This is the fifth case.,3,1,3,1,2,,,1,1,1,0,,,"Internal medicine, pulmonary",,"Academic, university aﬃliated",Less than 50%,Faculty List,,No
1178,ea04ab9604a3fb9f2729aa7b174823b5a9ff2e36d8c9a314f88da18f06b2fa57,> 10 years,Proficient - deep understanding,,,,,,,,107.965,136.885,136.893,6,Give up to 1 L of IV fluid.,Wean the existing vasopressor ONLY IF I ordered fluid and there is a positive response in less than four hours.,Somewhat confident,Dissatisfied,Made me second-guess my plan,,,,,,,,,306.218,314.273,314.28,4,Give up to 1 L of IV fluid.,Start a vasopressor ONLY IF I ordered fluid and there is NO positive response in less than four hours.,Somewhat confident,Neutral,Made me second-guess my plan,,73.251,83.764,83.769,4,Stop diuretics and give up to 1 L of IV fluid.,Start a vasopressor ONLY IF I ordered fluid and there is NO positive response in less than four hours.,Somewhat confident,,,,,,,,,,,,,,,,,,103.889,124.491,124.498,4,Give neither IV fluids nor diuretics.,Wean the secondary vasopressor.,Fairly confident,Dissatisfied,Made me second-guess my plan,,,,,,,,,109.18,132.099,132.108,7,Give up to 1 L of IV fluid.,Start a vasopressor ONLY IF I ordered fluid and there is NO positive response in less than four hours.,Fairly confident,Satisfied,Made me more confident in my plan,,,,,,,,,78.005,90.744,90.75,4,Give neither IV fluids nor diuretics.,Start a vasopressor.,Fairly confident,Satisfied,Helped me decide between alternatives,,"Yes, I'll review two additional cases",Neither agree nor disagree,Neither agree nor disagree,Agree,Neither agree nor disagree,Somewhat disagree,,,Some of the cases are challenging to come up with a clear plan without additional info/bedside evaluation.,1,1,1,1,1,1,1,1,1,2,1,1,Recommended Treatment,Sepsis AI identifies the treatment plan that will lead to the lowest risk of mortality in this admission.,6,This is the sixth and final case.,2,1,4,1,3,1,2,1,1,1,5,1,0,"Internal medicine, pulmonary",,"Academic, university aﬃliated",More than 50% but less than 95%,Faculty List,,No
491,465254b0cab26f47fa89df45c477b5e65425b124cd4259e8d8c7af4f2ff20394,> 10 years,Expert - authoritative knowledge,,,,,,,,42.312,59.233,59.25,4,Give neither IV fluids nor diuretics.,Continue the existing vasopressor.,Fairly confident,Neutral,Did not affect my thinking at all,,,,,,,,,42.537,48.423,48.44,4,Give neither IV fluids nor diuretics.,Start a vasopressor.,Fairly confident,Neutral,Did not affect my thinking at all,,,,,,,,,83.394,116.627,116.648,4,Stop diuretics and don't give IV fluids.,Start a vasopressor ONLY IF I ordered fluid and there is NO positive response in less than four hours.,Fairly confident,Neutral,Did not affect my thinking at all,,,,,,,,,,,,,,,,,,,36.706,43.947,43.965,4,Give up to 1 L of IV fluid.,Start a vasopressor ONLY IF I ordered fluid and there is NO positive response in less than four hours.,Fairly confident,,,,,,,,,,,,,,,,,,,,,,,,,,,,"No, take me to the final questions",Disagree,Disagree,Disagree,Disagree,Disagree,"Not useful, many of the recommendations did not make sense, based on the clinical scenario.","Could be helpful, if it integrated more data related to volume status, potential responsiveness.",,1,1,1,1,1,1,,,1,1,,,Recommended Treatment,Sepsis AI identifies the treatment plan that will lead to the lowest risk of mortality in this admission.,4,This is the fifth case.,1,1,3,1,2,1,0,,,1,1,,,"Internal medicine, pulmonary",,"Academic, university aﬃliated",Less than 50%,Faculty List,,No
954,6bc56ab5d4816298673ff3adbe6477161785a4072602ea0bb01512b8c1759511,> 10 years,Expert - authoritative knowledge,,,,,,,,213.025,221.881,221.89,4,Give neither IV fluids nor diuretics.,Add another vasopressor.,Extremely confident,Neutral,Did not affect my thinking at all,,,,,,,,,66.283,82.227,82.23,4,Give up to 1 L of IV fluid.,Start a vasopressor.,Extremely confident,Neutral,Did not affect my thinking at all,,70.068,113.801,113.807,5,Stop diuretics and don't give IV fluids.,Start a vasopressor.,Extremely confident,,,,,,,,,,,,,,,,,,92.76,102.63,102.636,4,Give neither IV fluids nor diuretics.,Continue both vasopressors.,Extremely confident,Neutral,Did not affect my thinking at all,,,,,,,,,58.101,65.077,65.083,4,Give more than 1 L of IV fluid.,Start a vasopressor.,Extremely confident,Neutral,Did not affect my thinking at all,,,,,,,,,88.74,97.134,97.138,4,Give neither IV fluids nor diuretics.,Start a vasopressor.,Extremely confident,Neutral,Did not affect my thinking at all,,"Yes, I'll review two additional cases",Strongly disagree,Strongly disagree,Strongly agree,Disagree,Disagree,I did not feel that it added anything to my clinical judgement. Moreover it appeared to be superficial in terms of not offering rationale for decision making.,Possibly as a fall back position when unsure of clinical pathway.,,1,1,1,1,2,1,1,1,1,1,1,1,Options to Avoid,Sepsis AI suggests between one and three treatment options to consider avoiding. These options are identified based on the rates of mortality in the admission for similar patients that received each treatment.,6,This is the sixth and final case.,0,1,5,1,4,1,0,1,3,1,2,1,1,"Internal medicine, pulmonary",,"Academic, university aﬃliated",More than 50% but less than 95%,Faculty List,,No
577,fd458ec825cec3389b4f58b3e74b15bc2c28eceaf018799dc04ee6f91de73391,> 10 years,Expert - authoritative knowledge,,,,,,,,49.526,73.392,73.401,4,Give neither IV fluids nor diuretics.,Add another vasopressor.,Somewhat confident,Dissatisfied,Prompted me to consider an alternative plan,,,,,,,,,49.822,79.751,79.766,5,Give neither IV fluids nor diuretics.,Start a vasopressor.,Somewhat confident,Neutral,"Helped me form an initial assessment of the patient,Gave me an initial plan,Prompted me to consider an alternative plan",,,,,,,,,40.595,68.118,68.131,5,Stop diuretics and don't give IV fluids.,Start a vasopressor.,Somewhat confident,Dissatisfied,"Gave me an initial plan,Prompted me to consider an alternative plan,Helped me decide between alternatives,Made me second-guess my plan",,101.535,120.912,120.923,4,Give neither IV fluids nor diuretics.,Wean the secondary vasopressor.,Fairly confident,,,,,,,,,,,,,,,,,,16.485,24.665,24.681,5,Give up to 1 L of IV fluid.,Start a vasopressor ONLY IF I ordered fluid and there is NO positive response in less than four hours.,Fairly confident,Satisfied,"Helped me form an initial assessment of the patient,Gave me an initial plan,Made me more confident in my plan",,,,,,,,,54.718,63.315,63.333,6,Give neither IV fluids nor diuretics.,Start a vasopressor.,Fairly confident,Satisfied,"Gave me an initial plan,Made me more confident in my plan",,"Yes, I'll review two additional cases",Somewhat disagree,Somewhat disagree,Somewhat agree,Somewhat agree,Somewhat agree,,,,1,1,1,2,2,1,1,1,1,2,1,1,Recommended Treatment,Sepsis AI identifies the treatment plan that will lead to the lowest risk of mortality in this admission.,6,This is the sixth and final case.,3,1,0,1,1,1,4,1,3,1,5,1,2,Emergency medicine,,"Academic, university aﬃliated",More than 50% but less than 95%,Faculty List,,No
848,53c1acd3fa06904dec7de6cd416a33049b490f1114b2098e7ba5dbd79c9698b6,> 10 years,Proficient - deep understanding,92.063,117.255,117.272,4,Give neither IV fluids nor diuretics.,Continue the existing vasopressor.,Somewhat confident,,,,,,,,,,,,,,,,,,89.685,103.725,103.739,4,Give a diuretic.,Start a vasopressor.,Fairly confident,Satisfied,"Prompted me to consider an alternative plan,Helped me decide between alternatives",,,,,,,,,68.044,116.685,116.701,4,Continue the diuretic.,Start a vasopressor.,Somewhat confident,Satisfied,Made me more confident in my plan,,,,,,,,,77.471,97.918,97.935,4,Give neither IV fluids nor diuretics.,Wean the secondary vasopressor.,Somewhat confident,Satisfied,Helped me decide between alternatives,,,,,,,,,51.169,63.465,63.475,4,Give up to 1 L of IV fluid.,Start a vasopressor.,Somewhat confident,Satisfied,Prompted me to consider an alternative plan,,,,,,,,,103.018,116.394,116.406,4,Give up to 1 L of IV fluid.,Start a vasopressor ONLY IF I ordered fluid and there is NO positive response in less than four hours.,Somewhat confident,Neutral,Made me second-guess my plan,,"Yes, I'll review two additional cases",Somewhat disagree,Somewhat agree,Somewhat agree,Agree,Neither agree nor disagree,"nice to see mortality increase with certain treatments , makes you reconsider ","support treatment decisions, would not increase productivity ",,1,1,1,1,1,1,1,1,1,1,1,1,Options to Avoid,Sepsis AI suggests between one and three treatment options to consider avoiding. These options are identified based on the rates of mortality in the admission for similar patients that received each treatment.,6,This is the sixth and final case.,2,1,2,1,0,1,5,1,4,1,3,1,1,"Internal medicine, pulmonary",,"Academic, university aﬃliated",Less than 50%,Faculty List,,No
1412,3e3e388fefcc7f8a58acb8175dacb2b471eb7cee443ac04e63026122374a3520,> 10 years,Proficient - deep understanding,,,,,,,,,,,,,,,,,,,,,,,,,,,,,,,,,,,,,,,,,,168.698,181.317,181.323,4,Stop diuretics and give more than 1 L of IV fluid.,Start a vasopressor ONLY IF I ordered fluid and there is NO positive response in less than four hours.,Fairly confident,Neutral,Made me second-guess my plan,,6.125,345.616,345.633,11,Give a diuretic.,Continue both vasopressors.,Fairly confident,,,,,,,,,,,,,,,,,,164.07,173.273,173.288,4,Give up to 1 L of IV fluid.,Start a vasopressor ONLY IF I ordered fluid and there is NO positive response in less than four hours.,Extremely confident,Satisfied,Did not affect my thinking at all,,,,,,,,,187.768,198.048,198.055,4,Give neither IV fluids nor diuretics.,Start a vasopressor.,Extremely confident,Neutral,Did not affect my thinking at all,,"No, take me to the final questions",Neither agree nor disagree,Neither agree nor disagree,Strongly agree,Somewhat agree,Neither agree nor disagree,Non clear options,May be need for information fed to sepsis AI base,,,,,,1,1,2,1,1,1,1,1,Options to Consider,Sepsis AI suggests between one and three treatment options to consider. These options are identified based on the rates of mortality in the admission for similar patients that received each treatment.,4,This is the fifth case.,0,,,,,1,2,1,0,1,3,1,1,Other (please indicate):,,"Academic, university aﬃliated",More than 50% but less than 95%,Faculty List,Pulmonary and Critical Care,No
2625,5d31495cd02e3b6af948518f075944627ee5132a0cbe07f263dce02f1bb9147d,> 10 years,Expert - authoritative knowledge,,,,,,,,595.472,643.396,643.403,6,Give up to 1 L of IV fluid.,Add another vasopressor.,Somewhat confident,Very dissatisfied,Did not affect my thinking at all,,,,,,,,,131.826,177.497,177.502,4,Give neither IV fluids nor diuretics.,Start a vasopressor.,Somewhat confident,Dissatisfied,Affected my thinking in some other way (please describe):,Made me unhappy as there was no choice to start a single vasopressor,32.044,98.632,98.635,5,Stop diuretics and don't give IV fluids.,Start a vasopressor.,Somewhat confident,,,,,,,,,,,,,,,,,,105.816,247.392,247.403,6,Give neither IV fluids nor diuretics.,Wean the secondary vasopressor.,Slightly confident,Dissatisfied,Did not affect my thinking at all,,,,,,,,,,,,,,,,,,,,,,,,,,,,,,,,,,,,"No, take me to the final questions",Somewhat disagree,Somewhat disagree,Neither agree nor disagree,Somewhat disagree,Somewhat disagree,"It would be useful if:
a) there were alternatives for more graded moves
b) more combinations of options
c) suggestions for improved outcomes
","I can imagine, in the future, that it will be more than just an adjunct as AI improves. Right now, it seems not to be mature enough",,2,1,1,1,1,1,1,1,,,,,Options to Avoid,Sepsis AI suggests between one and three treatment options to consider avoiding. These options are identified based on the rates of mortality in the admission for similar patients that received each treatment.,4,This is the fifth case.,3,1,2,1,0,1,3,1,1,,,,,"Internal medicine, pulmonary",,"Academic, university aﬃliated",More than 50% but less than 95%,Faculty List,,No
361,0285e9042f5c5c93b8b7dc23b273d75fd1a7ad0ea2326b604b2f9570d768f25b,< 1 year,Competent - good working and background knowledge,,,,,,,,,,,,,,,,,,28.559,36.501,36.506,4,Give a diuretic.,Start a vasopressor.,Somewhat confident,,,,,,,,,,,,,,,,,,10.14,61.492,61.502,6,Continue the diuretic.,Start multiple vasopressors.,Somewhat confident,Neutral,"Prompted me to assess the patient further,Gave me an initial plan",,,,,,,,,4.823,9.058,9.071,4,Give a diuretic.,Wean the secondary vasopressor.,Somewhat confident,Neutral,Gave me an initial plan,,,,,,,,,36.694,53.636,53.652,4,Give up to 1 L of IV fluid.,Start a vasopressor ONLY IF I ordered fluid and there is NO positive response in less than four hours.,Somewhat confident,Neutral,"Prompted me to assess the patient further,Gave me an initial plan,Made me more confident in my plan",,,,,,,,,,,,,,,,,,,"No, take me to the final questions",Agree,Agree,Agree,Neither agree nor disagree,Agree,Gave an initial plan,give Rx options ,,,,1,1,1,2,1,1,1,1,,,Recommended Treatment,Sepsis AI identifies the treatment plan that will lead to the lowest risk of mortality in this admission.,4,This is the fifth case.,1,,,1,1,1,2,1,3,1,0,,,"Internal medicine, pulmonary",,"Academic, university aﬃliated",All or almost all (95% or more),Faculty List,,No
900,67605fecf6539f417fe304f0f61b1387ea84101c6d956fc6174ea40001224722,> 10 years,Proficient - deep understanding,,,,,,,,126.716,137.697,137.702,5,Give up to 1 L of IV fluid.,Wean the existing vasopressor.,Fairly confident,Neutral,Made me second-guess my plan,,,,,,,,,,,,,,,,,,,,,,,,,,6.873,107.702,107.706,5,Stop diuretics and don't give IV fluids.,Start a vasopressor.,Fairly confident,Neutral,"Prompted me to consider an alternative plan,Made me second-guess my plan",,,,,,,,,,,,,,,,,,,60.046,79.78,79.785,4,Give up to 1 L of IV fluid.,Start a vasopressor ONLY IF I ordered fluid and there is NO positive response in less than four hours.,Fairly confident,,,,,,,,,,,,,,,,,,50.057,87.181,87.186,4,Give neither IV fluids nor diuretics.,Start a vasopressor.,Fairly confident,Satisfied,"Helped me decide between alternatives,Made me more confident in my plan",,"No, take me to the final questions",Somewhat agree,Somewhat agree,Strongly agree,Neither agree nor disagree,Somewhat agree,"I liked the different choices and risk evaluation of each.  This is straightforward and reasonable.  Easy to understand.

The negatives are that I'm not sure I agree with the risks assigned to the choices!  Diuresing people in septic shock is not a standard approach, for example.  Also, it makes it seem--whether intentional or not--that almost any choice is equivalent.","I think trend analysis would be useful.  Summarizing treatments and time durations could be useful.  Charting therapies by markers (lactate, etc) could be useful. Incorporating indices of intubation consideration based on prediction models.  Above all, help to turn an ocean of flat data into a structure that helps one recognize the important values and trends quickly.",I am a huge believer in AI and think it is the way we can improve care moving forward.  Happy to see this work.,1,2,,,1,1,,,1,1,1,1,Options to Consider,Sepsis AI suggests between one and three treatment options to consider. These options are identified based on the rates of mortality in the admission for similar patients that received each treatment.,4,This is the fifth case.,0,1,2,,,1,3,,,1,0,1,1,"Internal medicine, pulmonary",,"Academic, university aﬃliated",Less than 50%,Faculty List,,No
14431,184bb1ce8702a9488be33841b0e19d602a9e1783f10fae754847801131fde6b0,5-10 years,Expert - authoritative knowledge,199.375,332.54,332.542,5,Give up to 1 L of IV fluid.,Wean the existing vasopressor ONLY IF I ordered fluid and there is a positive response in less than four hours.,Fairly confident,,,,,,,,,,,,,,,,,,194.569,237.602,237.605,4,Give a diuretic.,Start a vasopressor.,Extremely confident,Dissatisfied,"Prompted me to assess the patient further,Prompted me to consider an alternative plan,Made me more confident in my plan",,,,,,,,,311.211,345.139,345.147,4,Stop diuretics and give up to 1 L of IV fluid.,Start a vasopressor.,Extremely confident,Very dissatisfied,"Prompted me to assess the patient further,Prompted me to consider an alternative plan,Made me more confident in my plan,Made me second-guess my plan",,,,,,,,,290.615,335.565,335.57,4,Give neither IV fluids nor diuretics.,Continue both vasopressors.,Extremely confident,Very dissatisfied,"Prompted me to assess the patient further,Helped me decide between alternatives,Made me second-guess my plan,Affected my thinking in some other way (please describe):",try to identify which data points AI is considering to give it the benefit of the doubt,,,,,,,,89.835,99.6,99.609,4,Give up to 1 L of IV fluid.,Start a vasopressor.,Extremely confident,Very dissatisfied,"Prompted me to assess the patient further,Prompted me to consider an alternative plan,Made me more confident in my plan",,,,,,,,,154.14,235.906,235.91,5,Give neither IV fluids nor diuretics.,Start a vasopressor.,Fairly confident,Dissatisfied,"Prompted me to assess the patient further,Prompted me to consider an alternative plan,Made me second-guess my plan",,"Yes, I'll review two additional cases",Strongly disagree,Disagree,Agree,Strongly disagree,Somewhat agree,When Sepsis AI recommends a plan different than I would consider it makes me reassess my assessment and management plan,More detail regarding which data points inform the recommendation. Caution/warning when treatment plan may cause harm or critical value not addressed in timely fashion.,"This iteration of SepsisAI was oversimplified. Also, having chest X-ray data would help clarify points where a difference in management decisions between myself and AI.",1,1,1,1,1,1,1,1,1,1,1,1,Recommended Treatment,Sepsis AI identifies the treatment plan that will lead to the lowest risk of mortality in this admission.,6,This is the sixth and final case.,2,1,2,1,3,1,4,1,1,1,5,1,0,"Internal medicine, pulmonary",,"Academic, university aﬃliated",More than 50% but less than 95%,Faculty List,,No
784,ea6c9dd7a37a82cc40cadd82e10d1831df1b95a03c0d9548b28f1a516fdff9ac,> 10 years,Expert - authoritative knowledge,,,,,,,,114.684,132.862,132.865,7,Give up to 1 L of IV fluid.,Add another vasopressor.,Somewhat confident,Neutral,Did not affect my thinking at all,,22.79,39.094,39.099,4,Give a diuretic.,Start a vasopressor.,Fairly confident,,,,,,,,,,,,,,,,,,27.982,44.709,44.713,5,Continue the diuretic.,Start a vasopressor.,Fairly confident,Satisfied,Did not affect my thinking at all,,,,,,,,,27.039,49.486,49.489,7,Give a diuretic.,Wean both existing vasopressors.,Fairly confident,Satisfied,Made me more confident in my plan,,,,,,,,,56.083,63.435,63.439,5,Give up to 1 L of IV fluid.,Start a vasopressor.,Fairly confident,Satisfied,Did not affect my thinking at all,,,,,,,,,23.944,29.874,29.877,4,Give a diuretic.,Start a vasopressor.,Extremely confident,Satisfied,Did not affect my thinking at all,,"Yes, I'll review two additional cases",Somewhat disagree,Neither agree nor disagree,Agree,Somewhat agree,Somewhat disagree,,,,1,3,1,1,2,1,1,4,1,1,1,1,Options to Consider,Sepsis AI suggests between one and three treatment options to consider. These options are identified based on the rates of mortality in the admission for similar patients that received each treatment.,6,This is the sixth and final case.,1,1,0,1,1,1,4,1,5,1,3,1,2,"Internal medicine, pulmonary",,"Academic, university aﬃliated",Less than 50%,Faculty List,,No
1432,619ebac493ea5965264f338354066bfb04dcc22cf7e046ef07a282e48344b819,> 10 years,Proficient - deep understanding,,,,,,,,67.46,78.508,78.522,4,Give neither IV fluids nor diuretics.,Add another vasopressor.,Somewhat confident,Dissatisfied,Made me second-guess my plan,,,,,,,,,95.37,102.33,102.336,4,Give up to 1 L of IV fluid.,Start a vasopressor ONLY IF I ordered fluid and there is NO positive response in less than four hours.,Somewhat confident,Satisfied,Prompted me to consider an alternative plan,,,,,,,,,115.525,192.277,192.289,4,Stop diuretics and give up to 1 L of IV fluid.,Start a vasopressor ONLY IF I ordered fluid and there is NO positive response in less than four hours.,Fairly confident,Neutral,Did not affect my thinking at all,,,,,,,,,179.189,227.534,227.539,4,Give a diuretic.,Wean one or both vasopressors ONLY IF I ordered fluid and there is a positive response in less than four hours.,Somewhat confident,Neutral,Made me second-guess my plan,,,,,,,,,120.12,139.248,139.261,4,Give more than 1 L of IV fluid.,Start a vasopressor ONLY IF I ordered fluid and there is NO positive response in less than four hours.,Somewhat confident,Neutral,Made me second-guess my plan,,218.055,230.399,230.409,4,Give neither IV fluids nor diuretics.,Start a vasopressor.,Somewhat confident,,,,,,,,,,,"Yes, I'll review two additional cases",Neither agree nor disagree,Somewhat disagree,Agree,Somewhat agree,Disagree,Provide information on existing evidence.,Critical thinking.,,1,1,1,1,1,1,1,1,1,1,1,1,Options to Avoid,Sepsis AI suggests between one and three treatment options to consider avoiding. These options are identified based on the rates of mortality in the admission for similar patients that received each treatment.,6,This is the sixth and final case.,2,1,5,1,4,1,0,1,3,1,1,1,2,"Internal medicine, pulmonary",,"Academic, university aﬃliated",More than 50% but less than 95%,Faculty List,,No
1086,dcf65e7b4564bae8a8fac5ad281220297eb3cea8053a62827329ac25af9b2911,5-10 years,Proficient - deep understanding,91.68,257.935,257.941,12,Give neither IV fluids nor diuretics.,Continue the existing vasopressor.,Fairly confident,,,,,,,,,,,,,,,,,,119.201,189.905,189.908,8,Give neither IV fluids nor diuretics.,Start a vasopressor.,Fairly confident,Neutral,Did not affect my thinking at all,,,,,,,,,,,,,,,,,,,,,,,,,,96.325,112.909,112.924,5,Give a diuretic.,Wean the secondary vasopressor.,Fairly confident,Satisfied,Made me more confident in my plan,,,,,,,,,,,,,,,,,,,,,,,,,,13.849,179.168,179.181,17,Give neither IV fluids nor diuretics.,Start a vasopressor.,Fairly confident,Satisfied,Made me more confident in my plan,,"No, take me to the final questions",Somewhat agree,Somewhat agree,Somewhat agree,Somewhat agree,Somewhat agree,,,,3,2,1,1,,,1,1,,,1,2,Options to Consider,Sepsis AI suggests between one and three treatment options to consider. These options are identified based on the rates of mortality in the admission for similar patients that received each treatment.,4,This is the fifth case.,0,1,0,1,1,,,1,3,,,1,2,"Internal medicine, pulmonary",,"Academic, university aﬃliated",More than 50% but less than 95%,Faculty List,,No
439,31ca7e51f5c19f60359c16e2a30633182825a21add11c9d10792b6ea0add34da,> 10 years,Expert - authoritative knowledge,,,,,,,,,,,,,,,,,,,,,,,,,47.698,55.2,55.203,4,Give neither IV fluids nor diuretics.,Start a vasopressor.,Somewhat confident,Neutral,Prompted me to consider an alternative plan,,,,,,,,,77.222,87.195,87.199,4,Stop diuretics and give up to 1 L of IV fluid.,Start a vasopressor.,Somewhat confident,Neutral,"Prompted me to consider an alternative plan,Helped me decide between alternatives",,,,,,,,,,,,,,,,,,,51.618,69.515,69.519,4,Give up to 1 L of IV fluid.,Start a vasopressor.,Somewhat confident,,,,,,,,,,,,,,,,,,45.781,52.703,52.706,4,Give neither IV fluids nor diuretics.,Start a vasopressor.,Somewhat confident,Neutral,"Gave me an initial plan,Prompted me to consider an alternative plan",,"No, take me to the final questions",Neither agree nor disagree,Somewhat disagree,Somewhat disagree,Somewhat disagree,Neither agree nor disagree,,,,,,1,1,1,1,,,1,1,1,1,Recommended Treatment,Sepsis AI identifies the treatment plan that will lead to the lowest risk of mortality in this admission.,4,This is the fifth case.,0,,,1,3,1,1,,,1,0,1,2,"Internal medicine, pulmonary",,"Academic, university aﬃliated",More than 50% but less than 95%,Faculty List,,No
1228,ac8d32b6290e9d7aac451bb23e94d6699923c0b23c8a38fb4091c7c15cd9f49f,> 10 years,Competent - good working and background knowledge,,,,,,,,122.23,168.847,168.866,4,Give up to 1 L of IV fluid.,Wean the existing vasopressor ONLY IF I ordered fluid and there is a positive response in less than four hours.,Slightly confident,Neutral,Made me second-guess my plan,,,,,,,,,,,,,,,,,,,,,,,,,,102.662,146.479,146.491,7,Stop diuretics and give up to 1 L of IV fluid.,Start a vasopressor ONLY IF I ordered fluid and there is NO positive response in less than four hours.,Slightly confident,Satisfied,Helped me decide between alternatives,,,,,,,,,207.526,247.324,247.339,4,Give a diuretic.,Wean the secondary vasopressor.,Slightly confident,Dissatisfied,"Made me second-guess my plan,Affected my thinking in some other way (please describe):",I would have liked another assessment of fluid balance,49.494,76.267,76.283,4,Give up to 1 L of IV fluid.,Start a vasopressor ONLY IF I ordered fluid and there is NO positive response in less than four hours.,Slightly confident,,,,,,,,,,,,,,,,,,,,,,,,,,,,"No, take me to the final questions",Somewhat disagree,Neither agree nor disagree,Somewhat agree,Somewhat disagree,Somewhat agree,"Sepsis AI makes recs but doesn't explain why.  It doesn't look like Sepsis AI considered all the things needed to make a decision, so I was skeptical of some of the responses.","If it explained why the recs were made, could be helpful in difficult decisions.  Survival, while important, includes many parameters.  I would prefer other goals as well, such as time to discontinue pressors, ventilator-free days, days alive and organ failure-free days.  ",I hope AI doesn't become a crutch so that future generations are unable to make any clinical decisions themselves.,1,1,,,4,1,1,1,1,1,,,Options to Consider,Sepsis AI suggests between one and three treatment options to consider. These options are identified based on the rates of mortality in the admission for similar patients that received each treatment.,4,This is the fifth case.,3,1,2,,,1,1,1,0,1,3,,,"Internal medicine, pulmonary",,"Academic, university aﬃliated",Less than 50%,Faculty List,,No
965,f6ad8f1ac76cea4283d49534e4053e198e7d1a699c5ee3a3a3979d1cd19aa28c,> 10 years,Proficient - deep understanding,102.825,123.464,123.467,4,Give up to 1 L of IV fluid.,Continue the existing vasopressor.,Fairly confident,,,,,,,,,,,,,,,,,,156.948,166.769,166.781,4,Give neither IV fluids nor diuretics.,Start a vasopressor.,Fairly confident,Satisfied,Prompted me to consider an alternative plan,,,,,,,,,,,,,,,,,,,,,,,,,,,,,,,,,,,,,,,,,,,89.436,131.834,131.842,5,Give up to 1 L of IV fluid.,Start a vasopressor ONLY IF I ordered fluid and there is NO positive response in less than four hours.,Fairly confident,Neutral,Prompted me to consider an alternative plan,,,,,,,,,156.475,187.148,187.154,4,Give up to 1 L of IV fluid.,Start a vasopressor ONLY IF I ordered fluid and there is NO positive response in less than four hours.,Fairly confident,Neutral,"Helped me decide between alternatives,Made me second-guess my plan",,"No, take me to the final questions",Neither agree nor disagree,Somewhat agree,Somewhat agree,Neither agree nor disagree,Neither agree nor disagree,"The AI prompts are not well scripted - double negatives, etc.  Made it less understandable and usable. ",,,1,1,1,1,,,,,2,1,1,1,Options to Avoid,Sepsis AI suggests between one and three treatment options to consider avoiding. These options are identified based on the rates of mortality in the admission for similar patients that received each treatment.,4,This is the fifth case.,2,1,2,1,3,,,,,1,1,1,0,"Internal medicine, pulmonary",,"Academic, university aﬃliated",,Faculty List,,No
860,524fe4e93bb4e14e7390cee44433c16486976539c816cee34fb10aa4204e3052,> 10 years,Competent - good working and background knowledge,,,,,,,,66.974,99.695,99.697,4,Give up to 1 L of IV fluid.,Continue the existing vasopressor.,Somewhat confident,Neutral,Made me second-guess my plan,,,,,,,,,0.265,69.042,69.045,5,Give neither IV fluids nor diuretics.,Start a vasopressor.,Somewhat confident,Neutral,Prompted me to consider an alternative plan,,72.735,97.335,97.34,4,Stop diuretics and don't give IV fluids.,Start a vasopressor.,Somewhat confident,,,,,,,,,,,,,,,,,,236.042,245.818,245.835,4,Give a diuretic.,Wean the secondary vasopressor.,Somewhat confident,Satisfied,Made me more confident in my plan,,,,,,,,,56.489,65.089,65.095,4,Give up to 1 L of IV fluid.,Start a vasopressor ONLY IF I ordered fluid and there is NO positive response in less than four hours.,Somewhat confident,Satisfied,"Prompted me to consider an alternative plan,Helped me decide between alternatives",,,,,,,,,4.319,95.096,95.11,5,Give neither IV fluids nor diuretics.,Start a vasopressor.,Somewhat confident,Satisfied,Made me more confident in my plan,,"Yes, I'll review two additional cases",Somewhat agree,Neither agree nor disagree,Agree,Somewhat disagree,Neither agree nor disagree,would be useful to provide more clinical evidence behind the sepsis AI recommendations,,,1,1,1,1,1,1,1,1,1,1,1,1,Recommended Treatment,Sepsis AI identifies the treatment plan that will lead to the lowest risk of mortality in this admission.,6,This is the sixth and final case.,1,1,5,1,4,1,1,1,2,1,3,1,0,"Internal medicine, pulmonary",,"Academic, not university aﬃliated",More than 50% but less than 95%,Faculty List,,No
1456,cfd98a325555433701deec95f253b8eb3a8bcedba6f953a76ea672046d081bf1,> 10 years,Expert - authoritative knowledge,,,,,,,,92.071,123.471,123.474,4,Give more than 1 L of IV fluid.,Add another vasopressor.,Extremely confident,Very dissatisfied,Did not affect my thinking at all,,,,,,,,,68.139,82.178,82.194,5,Give more than 1 L of IV fluid.,Start multiple vasopressors.,Extremely confident,Very dissatisfied,Did not affect my thinking at all,,429.121,524.27,524.275,5,Stop diuretics and give more than 1 L of IV fluid.,Start a vasopressor.,Extremely confident,,,,,,,,,,,,,,,,,,106.139,122.504,122.508,5,Give a diuretic.,Wean the secondary vasopressor.,Extremely confident,Neutral,Did not affect my thinking at all,,,,,,,,,32.205,77.655,77.66,5,Give up to 1 L of IV fluid.,Start a vasopressor ONLY IF I ordered fluid and there is NO positive response in less than four hours.,Extremely confident,Neutral,Did not affect my thinking at all,,,,,,,,,41.088,51.806,51.819,4,Give neither IV fluids nor diuretics.,Start a vasopressor.,Extremely confident,Neutral,Did not affect my thinking at all,,"Yes, I'll review two additional cases",Strongly disagree,Strongly disagree,Strongly agree,Strongly disagree,Strongly disagree,"Not useful. Even in this small sample size sepsis ai gave enough incorrect (to me) answers that even when their recommendation differed from my choice, it is didn't cause me to 'pause' or 're-think'. ","For trainees--it would be helpful for AI to suggest papers that underlie the different treatment decisions. 

For attendings--decisions on fluid or vasopressor are unlikely to be captured better than AI. it would be helpful if AI suggested possible DDx for sepsis source to avoid anchoring there. ","also confounded by the over-simplification of an online test--e.g., for some random examples: i'd want to know code status (e.g., patient on NRB before giving fluids), sometimes I let the RN/intern chose which pressor to wean first b/c I think that is not an outcome changing decision but gives them a sense of autonomy, the hepatic failure patient you entertain rule out of HRS (although uncommon) hence my choice of volume expansion, not sure if Sepsis AI considers that etc. 

Also online test should let us know the patient weight.  ",1,1,1,2,1,1,1,1,2,1,1,1,Options to Consider,Sepsis AI suggests between one and three treatment options to consider. These options are identified based on the rates of mortality in the admission for similar patients that received each treatment.,6,This is the sixth and final case.,1,1,0,1,2,1,1,1,3,1,4,1,5,"Internal medicine, pulmonary",,"Academic, university aﬃliated",Less than 50%,Faculty List,,No
1135,303c6d037cd4ca3f6746330e51acb550b7a31525d37d6321f1f7dca87b12c3d3,> 10 years,Expert - authoritative knowledge,,,,,,,,115.018,143.857,143.865,4,Give more than 1 L of IV fluid.,Add another vasopressor ONLY IF I ordered fluid and there is NO positive response in less than four hours.,Somewhat confident,Neutral,Made me second-guess my plan,,,,,,,,,148.691,202.91,202.921,4,Give neither IV fluids nor diuretics.,Start a vasopressor.,Slightly confident,Dissatisfied,I'm not sure,,,,,,,,,58.771,78.333,78.342,4,Continue the diuretic.,Start a vasopressor.,Somewhat confident,Neutral,Made me more confident in my plan,,82.64,111.098,111.104,4,Give a diuretic.,Wean the secondary vasopressor.,Somewhat confident,,,,,,,,,,,,,,,,,,38.563,49.661,49.671,4,Give more than 1 L of IV fluid.,Start a vasopressor ONLY IF I ordered fluid and there is NO positive response in less than four hours.,Fairly confident,Neutral,Made me second-guess my plan,,,,,,,,,163.484,175.069,175.079,4,Give more than 1 L of IV fluid.,Start a vasopressor ONLY IF I ordered fluid and there is NO positive response in less than four hours.,Fairly confident,Neutral,"Prompted me to consider an alternative plan,Helped me decide between alternatives,Made me second-guess my plan",,"Yes, I'll review two additional cases",Disagree,Somewhat disagree,Somewhat agree,Disagree,Disagree,"it confused me more than it helped me. telling one what not to do is counterintuitive and confusing.

improve it by instead of preemptively stating what to avoid, and instead adding warning messages if the orders seem to be going down the wrong path. ",double checking people’s work ,,1,1,1,1,1,1,1,1,1,1,1,1,Options to Avoid,Sepsis AI suggests between one and three treatment options to consider avoiding. These options are identified based on the rates of mortality in the admission for similar patients that received each treatment.,6,This is the sixth and final case.,2,1,4,1,0,1,3,1,2,1,5,1,1,"Internal medicine, pulmonary",,"Academic, university aﬃliated",Less than 50%,Faculty List,,Yes
658,817a894d89e8879398c62dcf623c3487578ccdeb142c24d13ed28ef0558a11ef,5-10 years,Expert - authoritative knowledge,,,,,,,,62.166,72.566,72.575,5,Give neither IV fluids nor diuretics.,Wean the existing vasopressor.,Somewhat confident,Satisfied,Made me more confident in my plan,,73.77,83.015,83.024,4,Give neither IV fluids nor diuretics.,Start a vasopressor.,Somewhat confident,,,,,,,,,,,,,,,,,,95.2,104.537,104.54,4,Continue the diuretic.,Start a vasopressor.,Fairly confident,Neutral,Made me second-guess my plan,,,,,,,,,57.657,67.173,67.181,6,Give a diuretic.,Wean the secondary vasopressor.,Fairly confident,Satisfied,Helped me decide between alternatives,,,,,,,,,30.781,37.79,37.799,5,Give more than 1 L of IV fluid.,Start a vasopressor ONLY IF I ordered fluid and there is NO positive response in less than four hours.,Fairly confident,Neutral,Did not affect my thinking at all,,,,,,,,,80.829,91.579,91.587,4,Give up to 1 L of IV fluid.,Start a vasopressor.,Fairly confident,Satisfied,Did not affect my thinking at all,,"Yes, I'll review two additional cases",Disagree,Disagree,Disagree,Somewhat agree,Disagree,Not sure that I would find it useful to type in all the details about a case rather than completing a bedside assessment myself. The cases were also missing details I would have used bedside. ,Very little. ,,1,1,1,1,1,1,1,3,1,1,1,1,Options to Consider,Sepsis AI suggests between one and three treatment options to consider. These options are identified based on the rates of mortality in the admission for similar patients that received each treatment.,6,This is the sixth and final case.,3,1,5,1,3,1,4,1,2,1,1,1,0,"Internal medicine, pulmonary",,"Academic, university aﬃliated",Less than 50%,Faculty List,,No
1855,f39a6d80e793f29741ff7851d98bfca17a4dd8fd710b82cf7e6faadaba9487d4,> 10 years,Expert - authoritative knowledge,87.567,148.909,148.922,5,Give more than 1 L of IV fluid.,Add another vasopressor ONLY IF I ordered fluid and there is NO positive response in less than four hours.,Somewhat confident,,,,,,,,,,,,,,,,,,197.277,252.336,252.354,4,Give neither IV fluids nor diuretics.,Start a vasopressor.,Fairly confident,Very dissatisfied,Did not affect my thinking at all,,,,,,,,,223.312,351.927,351.944,6,Continue the diuretic.,Start a vasopressor.,Somewhat confident,Satisfied,Did not affect my thinking at all,,,,,,,,,237.359,317.575,317.591,4,Give neither IV fluids nor diuretics.,Continue both vasopressors.,Somewhat confident,Neutral,Did not affect my thinking at all,,,,,,,,,96.379,114.54,114.553,4,Give up to 1 L of IV fluid.,Start a vasopressor ONLY IF I ordered fluid and there is NO positive response in less than four hours.,Somewhat confident,Neutral,Did not affect my thinking at all,,,,,,,,,63.237,81.63,81.646,4,Give neither IV fluids nor diuretics.,Start a vasopressor.,Somewhat confident,Neutral,Did not affect my thinking at all,,"Yes, I'll review two additional cases",Disagree,Disagree,Strongly agree,Disagree,Disagree,"The treatment plans it told me to avoid were not treatment plans I would have considered in the first place - ie, weaning multiple pressors at a time","I think it may be helpful for trainees, or in institutions where staffing is limited",,1,2,1,1,3,1,1,1,1,1,1,1,Options to Avoid,Sepsis AI suggests between one and three treatment options to consider avoiding. These options are identified based on the rates of mortality in the admission for similar patients that received each treatment.,6,This is the sixth and final case.,3,1,3,1,0,1,4,1,1,1,2,1,5,"Internal medicine, pulmonary",,"Academic, university aﬃliated",More than 50% but less than 95%,Faculty List,,No
20891,184850a490834b820e41757c5c26c387d5fd8a4ba900c3e171ae3c61b3413844,> 10 years,Expert - authoritative knowledge,91.55,188.546,188.559,7,Give more than 1 L of IV fluid.,Add another vasopressor ONLY IF I ordered fluid and there is NO positive response in less than four hours.,Somewhat confident,,,,,,,,,,,,,,,,,,80.949,89.919,89.935,4,Give neither IV fluids nor diuretics.,Do not give vasopressors.,Somewhat confident,Satisfied,Helped me decide between alternatives,,,,,,,,,122.966,141.622,141.629,4,Stop diuretics and don't give IV fluids.,Start a vasopressor.,Slightly confident,Dissatisfied,Helped me decide between alternatives,,,,,,,,,141.961,162.1,162.115,4,Give a diuretic.,Wean the secondary vasopressor.,Somewhat confident,Satisfied,Prompted me to consider an alternative plan,,,,,,,,,79.768,97.907,97.922,4,Give up to 1 L of IV fluid.,Start a vasopressor ONLY IF I ordered fluid and there is NO positive response in less than four hours.,Fairly confident,Satisfied,Gave me an initial plan,,,,,,,,,1289.152,1303.668,1303.685,6,Give neither IV fluids nor diuretics.,Start a vasopressor.,Somewhat confident,Satisfied,Made me more confident in my plan,,"Yes, I'll review two additional cases",Agree,Agree,Agree,Somewhat agree,Agree,it is unclear to me how good Sepsis AI is.  And what is the gold standard here?  Guidelines?,I worry that it may be difficult for sepsis AI to understand trajectories ,It was unclear with the study if this was a test of Sepsis AI or a test of whether or not clinicians would use sepsis AI.  It would be great to hear more about how sepsis AI was vetted and built.,2,1,1,1,1,1,1,1,1,1,1,2,Recommended Treatment,Sepsis AI identifies the treatment plan that will lead to the lowest risk of mortality in this admission.,6,This is the sixth and final case.,0,1,0,1,1,1,3,1,4,1,5,1,2,"Internal medicine, pulmonary",,"Academic, university aﬃliated",Less than 50%,Faculty List,,No
1170,64575793133f215024957b0eed46b09426a7b2f98d68ae5c4533b74aef3aec77,5-10 years,Expert - authoritative knowledge,,,,,,,,136.872,197.361,197.373,4,Give neither IV fluids nor diuretics.,Continue the existing vasopressor.,Fairly confident,Neutral,Made me second-guess my plan,,,,,,,,,,,,,,,,,,,,,,,,,,134.053,164.362,164.371,6,Stop diuretics and don't give IV fluids.,Start a vasopressor.,Fairly confident,Neutral,"Made me more confident in my plan,Made me second-guess my plan",,125.138,150.602,150.61,5,Give a diuretic.,Wean the secondary vasopressor.,Fairly confident,,,,,,,,,,,,,,,,,,408.297,430.403,430.414,4,Give more than 1 L of IV fluid.,Start a vasopressor.,Extremely confident,Neutral,Made me more confident in my plan,,,,,,,,,,,,,,,,,,,"No, take me to the final questions",Disagree,Disagree,Somewhat disagree,Somewhat disagree,Disagree,,,,1,1,,,2,2,1,2,1,1,,,Options to Consider,Sepsis AI suggests between one and three treatment options to consider. These options are identified based on the rates of mortality in the admission for similar patients that received each treatment.,4,This is the fifth case.,2,1,0,,,1,3,1,2,1,1,,,"Internal medicine, pulmonary",,"Academic, university aﬃliated",Less than 50%,Faculty List,,No
1574,fbd530ecf16eb5e9c184c57b8f3cf82fbf96bc3a5838f451f5b9676e0d45be18,> 10 years,Proficient - deep understanding,,,,,,,,127.442,281.598,281.612,5,Give neither IV fluids nor diuretics.,Continue the existing vasopressor.,Not at all confident,Satisfied,Prompted me to consider an alternative plan,,,,,,,,,185.464,307.358,307.37,6,Give a diuretic.,Do not give vasopressors.,Somewhat confident,Satisfied,Made me more confident in my plan,,,,,,,,,114.236,132.344,132.352,4,Stop diuretics and give up to 1 L of IV fluid.,Start a vasopressor.,Somewhat confident,Satisfied,Prompted me to consider an alternative plan,,42.17,264.639,264.651,6,Give a diuretic.,Continue both vasopressors.,Somewhat confident,,,,,,,,,,,,,,,,,,116.229,131.84,131.852,4,Give up to 1 L of IV fluid.,Start a vasopressor.,Somewhat confident,Satisfied,Helped me decide between alternatives,,,,,,,,,111.954,159.44,159.452,4,Give neither IV fluids nor diuretics.,Start a vasopressor.,Somewhat confident,Satisfied,Helped me decide between alternatives,,"Yes, I'll review two additional cases",Agree,Agree,Strongly agree,Agree,Agree,,,,1,1,2,2,1,1,2,1,1,1,1,1,Options to Avoid,Sepsis AI suggests between one and three treatment options to consider avoiding. These options are identified based on the rates of mortality in the admission for similar patients that received each treatment.,6,This is the sixth and final case.,1,1,5,1,0,1,4,1,1,1,2,1,3,"Internal medicine, pulmonary",,"Academic, university aﬃliated",More than 50% but less than 95%,Faculty List,,No
1530,d4890686cbfd399dad82f824dc8292a2578cb6f2c4b2ce20a50cb414f4f48c70,> 10 years,Proficient - deep understanding,,,,,,,,128.887,177.344,177.347,5,Give up to 1 L of IV fluid.,Wean the existing vasopressor ONLY IF I ordered fluid and there is a positive response in less than four hours.,Fairly confident,Very dissatisfied,Affected my thinking in some other way (please describe):,Answer seemed to assume a clinical course,,,,,,,,97.463,108.095,108.098,4,Give up to 1 L of IV fluid.,Start a vasopressor ONLY IF I ordered fluid and there is NO positive response in less than four hours.,Fairly confident,Dissatisfied,Did not affect my thinking at all,,,,,,,,,80.658,131.283,131.285,4,Continue the diuretic.,Start a vasopressor.,Fairly confident,Neutral,"Prompted me to consider an alternative plan,Made me second-guess my plan",,82.143,118.039,118.041,5,Give neither IV fluids nor diuretics.,Wean both existing vasopressors.,Fairly confident,,,,,,,,,,,,,,,,,,16.575,71.127,71.146,5,Give more than 1 L of IV fluid.,Start a vasopressor ONLY IF I ordered fluid and there is NO positive response in less than four hours.,Extremely confident,Dissatisfied,Did not affect my thinking at all,,,,,,,,,95.383,100.264,100.272,4,Give neither IV fluids nor diuretics.,Start a vasopressor.,Fairly confident,Neutral,Made me more confident in my plan,,"Yes, I'll review two additional cases",Disagree,Disagree,Agree,Disagree,Somewhat disagree,"While it seems like a great idea, it felt like the AI was simply regurgitating what future clinical courses turned out best for the patient, without taking into account that those courses are often driven by how the patient's clinical picture evolves outside of our treatment.","At the current state, I would use it only as a possible memory aid (i.e. run it to make sure I didn't overlook something). I would not rely on it. ",Perhaps with more variables incorporated and more training it's responses would feel like they were more based on experience than hope that the ideal outcome would occur.,1,1,1,1,1,1,2,1,1,1,1,1,Recommended Treatment,Sepsis AI identifies the treatment plan that will lead to the lowest risk of mortality in this admission.,6,This is the sixth and final case.,2,1,1,1,4,1,0,1,2,1,5,1,3,Anesthesiology,,"Academic, university aﬃliated",Less than 50%,Faculty List,,No
828,dc2bbdeaaab7aac0f160c587fe52ebe367d752e40bb7104fd81be4280a53a04c,5-10 years,Proficient - deep understanding,,,,,,,,95.158,134.57,134.579,4,Give neither IV fluids nor diuretics.,Continue the existing vasopressor.,Fairly confident,Dissatisfied,Did not affect my thinking at all,,,,,,,,,79.452,92.433,92.441,4,Give neither IV fluids nor diuretics.,Start a vasopressor.,Fairly confident,Neutral,Did not affect my thinking at all,,,,,,,,,122.463,142.588,142.595,4,Stop diuretics and don't give IV fluids.,Start a vasopressor.,Fairly confident,Neutral,Prompted me to consider an alternative plan,,,,,,,,,56.094,92.492,92.502,4,Give a diuretic.,Wean the secondary vasopressor.,Fairly confident,Satisfied,Did not affect my thinking at all,,66.814,92.167,92.183,5,Give neither IV fluids nor diuretics.,Start a vasopressor.,Fairly confident,,,,,,,,,,,,,,,,,,40.692,68.024,68.031,4,Give a diuretic.,Start a vasopressor.,Fairly confident,Neutral,Did not affect my thinking at all,,"Yes, I'll review two additional cases",Strongly disagree,Disagree,Agree,Somewhat disagree,Disagree,,,,1,1,1,1,1,1,1,1,2,1,1,1,Recommended Treatment,Sepsis AI identifies the treatment plan that will lead to the lowest risk of mortality in this admission.,6,This is the sixth and final case.,3,1,0,1,2,1,1,1,4,1,3,1,5,Emergency medicine,,"Academic, university aﬃliated",All or almost all (95% or more),Faculty List,,No
1159,d62c162495913be02f70db52d8d84a27c1a25d83b6989df6a24c44b3b3bac6e7,5-10 years,Competent - good working and background knowledge,,,,,,,,126.835,167.964,167.972,4,Give more than 1 L of IV fluid.,Wean the existing vasopressor ONLY IF I ordered fluid and there is a positive response in less than four hours.,Slightly confident,Dissatisfied,"Prompted me to consider an alternative plan,Made me second-guess my plan",,,,,,,,,,,,,,,,,,,80.866,103.327,103.34,5,Stop diuretics and give more than 1 L of IV fluid.,Start a vasopressor ONLY IF I ordered fluid and there is NO positive response in less than four hours.,Slightly confident,,,,,,,,,,,,,,,,,,45.118,346.967,346.987,34,Give neither IV fluids nor diuretics.,"Wean the secondary vasopressor now, and wean the other vasopressor ONLY IF I ordered fluid and there is a positive response in less than four hours.",Slightly confident,Dissatisfied,"Prompted me to consider an alternative plan,Made me second-guess my plan",,,,,,,,,154.157,216.419,216.44,11,Give up to 1 L of IV fluid.,Start a vasopressor ONLY IF I ordered fluid and there is NO positive response in less than four hours.,Not at all confident,Dissatisfied,"Prompted me to consider an alternative plan,Made me second-guess my plan",,,,,,,,,,,,,,,,,,,"No, take me to the final questions",Disagree,Disagree,Agree,Disagree,Disagree,scenarios too simplified.  i would be using much more data to decide.  treatment options sometimes were not plans i was considering at all.  might help to be able to choose from plans that i was deciding on.  ,summarize evidence and give percentages when asked specific questions. ,,1,1,,,2,1,1,1,1,1,,,Options to Consider,Sepsis AI suggests between one and three treatment options to consider. These options are identified based on the rates of mortality in the admission for similar patients that received each treatment.,4,This is the fifth case.,1,1,0,,,1,1,1,3,1,2,,,"Internal medicine, pulmonary",,"Academic, university aﬃliated",More than 50% but less than 95%,Faculty List,,No
625,a691165245fdff976781ca609f1d0827d037a85dc5b5ed838930b682003e9207,> 10 years,Expert - authoritative knowledge,,,,,,,,78.085,88.785,88.79,4,Give neither IV fluids nor diuretics.,Continue the existing vasopressor.,Somewhat confident,Neutral,Affected my thinking in some other way (please describe):,It made me wonder about how it's guidance is generated,,,,,,,,57.339,64.64,64.646,4,Give neither IV fluids nor diuretics.,Start a vasopressor.,Somewhat confident,Neutral,Helped me decide between alternatives,,,,,,,,,67.339,87.823,87.828,4,Stop diuretics and don't give IV fluids.,Start a vasopressor.,Slightly confident,Neutral,I'm not sure,,,,,,,,,48.504,58.106,58.111,4,Give neither IV fluids nor diuretics.,Wean the secondary vasopressor.,Somewhat confident,Satisfied,Prompted me to consider an alternative plan,,20.222,31.537,31.542,4,Give up to 1 L of IV fluid.,Start a vasopressor.,Fairly confident,,,,,,,,,,,,,,,,,,72.768,82.487,82.493,4,Give neither IV fluids nor diuretics.,Start a vasopressor.,Somewhat confident,Neutral,Did not affect my thinking at all,,"Yes, I'll review two additional cases",Neither agree nor disagree,Neither agree nor disagree,Agree,Somewhat disagree,Disagree,I think the guidance provided needs a rationale.  ,,,1,1,1,1,1,1,1,1,1,1,1,1,Options to Avoid,Sepsis AI suggests between one and three treatment options to consider avoiding. These options are identified based on the rates of mortality in the admission for similar patients that received each treatment.,6,This is the sixth and final case.,0,1,3,1,1,1,5,1,4,1,0,1,2,"Internal medicine, pulmonary",,"Academic, university aﬃliated",Less than 50%,Faculty List,,No
435,7c8f16837bd754ea8ae9661b9e49f9e84160ec4a88a0b2e1a16cdc43b05d1416,> 10 years,Expert - authoritative knowledge,,,,,,,,,,,,,,,,,,,,,,,,,41.655,61.224,61.229,4,Give more than 1 L of IV fluid.,Start a vasopressor.,Fairly confident,Very satisfied,Helped me form an initial assessment of the patient,,,,,,,,,28.428,38.035,38.042,4,Stop diuretics and give up to 1 L of IV fluid.,Start a vasopressor ONLY IF I ordered fluid and there is NO positive response in less than four hours.,Fairly confident,Satisfied,Helped me form an initial assessment of the patient,,,,,,,,,47.719,113.179,113.193,4,Give more than 1 L of IV fluid.,Continue both vasopressors.,Extremely confident,Neutral,Helped me decide between alternatives,,,,,,,,,,,,,,,,,,,25.2,39.632,39.636,4,Give more than 1 L of IV fluid.,Start a vasopressor.,Extremely confident,,,,,,,,,,,"No, take me to the final questions",Somewhat agree,Somewhat agree,Somewhat agree,Somewhat agree,Somewhat agree,It will take time,General reminders,,,,1,1,1,1,1,1,,,1,1,Options to Avoid,Sepsis AI suggests between one and three treatment options to consider avoiding. These options are identified based on the rates of mortality in the admission for similar patients that received each treatment.,4,This is the fifth case.,2,,,1,1,1,3,1,0,,,1,2,"Internal medicine, pulmonary",,"Academic, university aﬃliated",All or almost all (95% or more),Faculty List,,No
1200,8536a1efc85ff3b00c014a2aa62499484e97ecb0f70964cf4093bbbc538a2c4a,> 10 years,Expert - authoritative knowledge,,,,,,,,133.753,148.657,148.67,4,Give up to 1 L of IV fluid.,Wean the existing vasopressor ONLY IF I ordered fluid and there is a positive response in less than four hours.,Fairly confident,Neutral,Made me more confident in my plan,,58.991,85.847,85.862,4,Give neither IV fluids nor diuretics.,Start a vasopressor.,Somewhat confident,,,,,,,,,,,,,,,,,,67.783,90.48,90.496,4,Stop diuretics and don't give IV fluids.,Do not give vasopressors.,Somewhat confident,Neutral,Prompted me to consider an alternative plan,,,,,,,,,100.556,146.708,146.725,5,Give a diuretic.,Wean the secondary vasopressor.,Somewhat confident,Satisfied,Prompted me to consider an alternative plan,,,,,,,,,42.603,60.578,60.586,4,Give up to 1 L of IV fluid.,Start a vasopressor ONLY IF I ordered fluid and there is NO positive response in less than four hours.,Fairly confident,Dissatisfied,Did not affect my thinking at all,,,,,,,,,90.684,101.836,101.852,4,Give up to 1 L of IV fluid.,Start a vasopressor ONLY IF I ordered fluid and there is NO positive response in less than four hours.,Somewhat confident,Neutral,Prompted me to consider an alternative plan,,"Yes, I'll review two additional cases",Somewhat disagree,Neither agree nor disagree,Agree,Neither agree nor disagree,Neither agree nor disagree,"Sometimes the options were overly simplistic. This may be a function of the training set for the AI and the limited questions addressed in the suggestions (only regarding diuretics, fluids, and pressors).  ",I think decision support would be useful if done well.  ,"This was an interesting series of cases.  I felt like the choices available to me were somewhat oversimplified--I often re-evaluate my approach over a much shorter time than 4 hours with hemodynamic instability but had to choose a strategy for the next 4 hours which felt like a long time for a patient with high-acuity critical illness.  
The scenarios, AI recs, and questions did prompt me to think a little more about the complexity of clinical decision-making in the ICU and how many variables we must consider.  I think that AI of this quality would be useful for fairly simple situations but (so far) has not been trained to the complexity we may face for patients with multiple comorbidities and competing risks in addition to sepsis.  ",1,1,1,1,1,1,2,1,1,1,1,1,Options to Consider,Sepsis AI suggests between one and three treatment options to consider. These options are identified based on the rates of mortality in the admission for similar patients that received each treatment.,6,This is the sixth and final case.,0,1,1,1,0,1,5,1,4,1,2,1,3,"Internal medicine, pulmonary",,"Academic, university aﬃliated",Less than 50%,Faculty List,,No
425026,c1fb6878c1198c594a8e391dd6424a5c8ff6b19b4caf2bb2bce26286d296a6ca,> 10 years,Expert - authoritative knowledge,,,,,,,,158.428,184.226,184.236,4,Give neither IV fluids nor diuretics.,Wean the existing vasopressor ONLY IF I ordered fluid and there is a positive response in less than four hours.,Fairly confident,Satisfied,"Gave me an initial plan,Prompted me to consider an alternative plan,Helped me decide between alternatives",,,,,,,,,144.416,193.477,193.479,6,Give up to 1 L of IV fluid.,Start a vasopressor.,Fairly confident,Neutral,Made me more confident in my plan,,,,,,,,,139.025,152.969,152.971,5,Stop diuretics and give up to 1 L of IV fluid.,Start a vasopressor ONLY IF I ordered fluid and there is NO positive response in less than four hours.,Fairly confident,Neutral,Made me more confident in my plan,,,,,,,,,329390.163,329411.951,329411.954,4,Give a diuretic.,Wean the secondary vasopressor.,Fairly confident,Neutral,Made me more confident in my plan,,,,,,,,,51.957,58.133,58.135,4,Give neither IV fluids nor diuretics.,Start a vasopressor.,Fairly confident,Neutral,Made me more confident in my plan,,,,,,,,,86.164,92.561,92.562,4,Give a diuretic.,Start a vasopressor.,Fairly confident,Neutral,Made me more confident in my plan,,"Yes, I'll review two additional cases",Somewhat agree,Neither agree nor disagree,Agree,Neither agree nor disagree,Somewhat agree,"By showing other possible scenarios it was fairly simple to narrow down alternative treatments. 
The vignettes were somewhat difficult to figure out, however, as pts are infinitely more complex than presented in the stems. Even aspects as mundane as body habitus go into thinking about treatment options. Also, pressor choice did not specify whether these would be inotropes or vasopressors (assumption is that norepi was the default).","I think there is some value to this kind of AI, particularly if this could be expanded to more scenarios - example: pt relatively non-responsive to pressors after 3 days - start new pressor? start steroids? obtain random cortisol level? And does this change after 4 days, or 8 days, etc?  Unfortunately, the utility of AI is limited by its inputs, which are human based and subject to the same confusion, errors and biases that affect us all. This can lead AI systems to provide definitive, yet incorrect information and advice; so trust in the system is not very high.","It was fine. As above, it is difficult in a stem vignette to fully describe a pt completely. That makes answering the questions somewhat problematic. Often, for example, even though a pt is not thought to be fluid responsive, on first encountering the pt a trial of fluid may be given to confirm this supposition. Therefore, the actual ""treatment' rendered by the practitioner may not fit neatly into the ""give fluid/don't give fluid//vasopressor/no vasopressor"" box.",1,1,3,1,1,2,1,1,1,1,1,1,Options to Avoid,Sepsis AI suggests between one and three treatment options to consider avoiding. These options are identified based on the rates of mortality in the admission for similar patients that received each treatment.,8,This is the sixth and final case.,3,1,0,1,5,1,4,1,1,1,6,1,7,Anesthesiology,,"Academic, university aﬃliated",More than 50% but less than 95%,Faculty List,,No
453607,80735dc94f718b5fbad4e18d185c58fbb37c1109903283ac164cd4657421b26c,> 10 years,Expert - authoritative knowledge,,,,,,,,160.32,235.403,235.411,4,Give more than 1 L of IV fluid.,Wean the existing vasopressor ONLY IF I ordered fluid and there is a positive response in less than four hours.,Fairly confident,Neutral,Made me second-guess my plan,,,,,,,,,188.169,218.666,218.675,4,Give a diuretic.,Start a vasopressor.,Somewhat confident,Neutral,Prompted me to consider an alternative plan,,,,,,,,,,,,,,,,,,,114.899,196.732,196.738,4,Give a diuretic.,Wean both existing vasopressors.,Fairly confident,,,,,,,,,,,,,,,,,,,,,,,,,,,,,,,,,,,144.304,230.04,230.048,4,Give neither IV fluids nor diuretics.,Start a vasopressor.,Fairly confident,Neutral,Did not affect my thinking at all,,"No, take me to the final questions",Neither agree nor disagree,Neither agree nor disagree,Neither agree nor disagree,Neither agree nor disagree,Neither agree nor disagree,,,,1,1,1,1,,,1,1,,,1,1,Options to Consider,Sepsis AI suggests between one and three treatment options to consider. These options are identified based on the rates of mortality in the admission for similar patients that received each treatment.,4,This is the fifth case.,3,1,1,1,2,,,1,3,,,1,0,"Internal medicine, pulmonary",,"Academic, university aﬃliated",More than 50% but less than 95%,Faculty List,,No
482,d4dc945ed3c8346f35cc8b72584ed278b94fb458909bd284456bdc1b15050fe8,> 10 years,Expert - authoritative knowledge,,,,,,,,33.109,43.155,43.173,6,Give up to 1 L of IV fluid.,Wean the existing vasopressor.,Somewhat confident,Satisfied,Prompted me to consider an alternative plan,,,,,,,,,87.026,108.016,108.028,5,Give more than 1 L of IV fluid.,Start a vasopressor.,Somewhat confident,Dissatisfied,Prompted me to consider an alternative plan,,,,,,,,,46.423,57.849,57.858,5,Stop diuretics and give more than 1 L of IV fluid.,Start multiple vasopressors.,Somewhat confident,Neutral,Did not affect my thinking at all,,,,,,,,,17.478,29.879,29.894,4,Give more than 1 L of IV fluid.,Wean the secondary vasopressor.,Slightly confident,Satisfied,Helped me decide between alternatives,,27.509,36.74,36.751,4,Give up to 1 L of IV fluid.,Start a vasopressor.,Somewhat confident,,,,,,,,,,,,,,,,,,20.899,26.245,26.255,5,Give more than 1 L of IV fluid.,Start a vasopressor.,Somewhat confident,Neutral,Did not affect my thinking at all,,"Yes, I'll review two additional cases",Neither agree nor disagree,Neither agree nor disagree,Somewhat disagree,Somewhat disagree,Neither agree nor disagree,,,,2,1,2,1,1,1,1,1,1,1,2,1,Recommended Treatment,Sepsis AI identifies the treatment plan that will lead to the lowest risk of mortality in this admission.,6,This is the sixth and final case.,1,1,4,1,0,1,2,1,5,1,1,1,3,"Internal medicine, pulmonary",,"Academic, university aﬃliated",More than 50% but less than 95%,Faculty List,,No
1497,deb2d7b68918463bc6155289bd0e262f4f023bcbc5c7c264d27e83364955a1d6,> 10 years,Proficient - deep understanding,,,,,,,,69.818,133.245,133.251,4,Give up to 1 L of IV fluid.,Wean the existing vasopressor ONLY IF I ordered fluid and there is a positive response in less than four hours.,Slightly confident,Neutral,Did not affect my thinking at all,,,,,,,,,83.547,135.846,135.86,4,Give up to 1 L of IV fluid.,Start a vasopressor.,Slightly confident,Satisfied,Did not affect my thinking at all,,92.064,178.285,178.291,4,Stop diuretics and give up to 1 L of IV fluid.,Start a vasopressor ONLY IF I ordered fluid and there is NO positive response in less than four hours.,Slightly confident,,,,,,,,,,,,,,,,,,39.204,172.262,172.271,6,Give neither IV fluids nor diuretics.,Wean the secondary vasopressor.,Somewhat confident,Neutral,Did not affect my thinking at all,,,,,,,,,69.046,116.912,116.916,5,Give more than 1 L of IV fluid.,Start a vasopressor.,Slightly confident,Satisfied,Did not affect my thinking at all,,,,,,,,,95.241,123.004,123.021,4,Give up to 1 L of IV fluid.,Start a vasopressor.,Slightly confident,Neutral,Did not affect my thinking at all,,"Yes, I'll review two additional cases",Disagree,Disagree,Agree,Somewhat agree,Disagree,"It was difficult to know the appropriate clinical course regarding fluid and vasopressor administration as most cases provided very little if any information about the clinical assessment of the patients current volume status. Useful clinical information appears to be withheld from these cases, negatively affecting my certainty for appropriate medical decision making. This also made it difficult to appropriately answer questions or assess the validity of the AI tool's suggestions.

","AI may serve an appropriate protective role as theorized in the model. However, it will be limited by garbage in, garbage out. Clinical assessment a patient's volume status is an important data point which appeared to be omitted from multiple cases.",,1,1,1,1,1,1,1,2,1,2,1,1,Options to Avoid,Sepsis AI suggests between one and three treatment options to consider avoiding. These options are identified based on the rates of mortality in the admission for similar patients that received each treatment.,6,This is the sixth and final case.,2,1,3,1,0,1,2,1,4,1,1,1,5,Other (please indicate):,,"Academic, university aﬃliated",More than 50% but less than 95%,Faculty List,"internal medicine, emergency medicine, NOT pulmonary",No
1495,4e5e6a81ecc73d19165b5c394b7bc8002ecb25bd3f48233e793f9638a434d8b2,> 10 years,Expert - authoritative knowledge,,,,,,,,252.095,266.39,266.393,4,Give neither IV fluids nor diuretics.,Wean the existing vasopressor.,Fairly confident,Satisfied,Helped me decide between alternatives,,,,,,,,,71.064,200.429,200.433,8,Give a diuretic.,Start a vasopressor.,Fairly confident,Satisfied,Made me more confident in my plan,,,,,,,,,82.728,113.987,113.989,4,Continue the diuretic.,Do not give vasopressors.,Fairly confident,Satisfied,Made me more confident in my plan,,14.029,297.345,297.348,5,Give neither IV fluids nor diuretics.,Wean the secondary vasopressor.,Fairly confident,,,,,,,,,,,,,,,,,,58.771,77.234,77.239,4,Give more than 1 L of IV fluid.,Start a vasopressor ONLY IF I ordered fluid and there is NO positive response in less than four hours.,Fairly confident,Satisfied,Made me more confident in my plan,,,,,,,,,104.31,146.838,146.84,6,Give up to 1 L of IV fluid.,Start a vasopressor.,Fairly confident,Satisfied,Made me more confident in my plan,,"Yes, I'll review two additional cases",Agree,Agree,Agree,Somewhat agree,Agree,Insufficient inputs of clinical/lab information can trigger inaccurate assessment and management. This can harm the AI model.,,"Need a better volume assessment indicator, such as dynamic assessment parameters. ",1,1,3,3,1,1,1,1,1,1,3,1,Options to Consider,Sepsis AI suggests between one and three treatment options to consider. These options are identified based on the rates of mortality in the admission for similar patients that received each treatment.,6,This is the sixth and final case.,1,1,2,1,4,1,3,1,1,1,5,1,0,"Internal medicine, pulmonary",,"Academic, university aﬃliated",Less than 50%,Faculty List,,No
744,2226d1ea29581ba5730a2f269151c48f8d86ed429ac4dbaeab5514021360a6ca,> 10 years,Competent - good working and background knowledge,,,,,,,,,,,,,,,,,,,,,,,,,4.807,135.357,135.376,7,Give neither IV fluids nor diuretics.,Start a vasopressor.,Fairly confident,Very dissatisfied,Did not affect my thinking at all,,,,,,,,,,,,,,,,,,,4.12,86.318,86.33,8,Give neither IV fluids nor diuretics.,Wean the secondary vasopressor.,Fairly confident,,,,,,,,,,,,,,,,,,89.203,103.721,103.729,7,Give up to 1 L of IV fluid.,Start a vasopressor ONLY IF I ordered fluid and there is NO positive response in less than four hours.,Fairly confident,Very dissatisfied,Did not affect my thinking at all,,,,,,,,,1.465,72.253,72.259,8,Give neither IV fluids nor diuretics.,Start a vasopressor.,Fairly confident,Very dissatisfied,Did not affect my thinking at all,,"No, take me to the final questions",Neither agree nor disagree,Somewhat disagree,Somewhat disagree,Disagree,Somewhat disagree,,,"The sepsis AI output was confusing when it recommends what NOT to do, i.e. ""Do not not give pressors"". I wasn't sure if I was reading it correctly initially. ",,,1,1,,,1,1,1,2,1,1,Options to Avoid,Sepsis AI suggests between one and three treatment options to consider avoiding. These options are identified based on the rates of mortality in the admission for similar patients that received each treatment.,4,This is the fifth case.,0,,,1,1,,,1,0,1,2,1,3,"Internal medicine, pulmonary",,"Academic, university aﬃliated",Less than 50%,Faculty List,,No
71391,31978a1e3cce3417c3b79777782e939150c5875e51462467ccc4c3be40768e0c,5-10 years,Expert - authoritative knowledge,,,,,,,,,,,,,,,,,,,,,,,,,,,,,,,,,,,46.892,51.962,51.972,4,Stop diuretics and don't give IV fluids.,Start a vasopressor.,Somewhat confident,,,,,,,,,,,,,,,,,,81.54,90.168,90.174,5,Give a diuretic.,Wean the secondary vasopressor.,Fairly confident,Satisfied,Prompted me to consider an alternative plan,,,,,,,,,22.894,35.515,35.522,9,Give up to 1 L of IV fluid.,Start a vasopressor ONLY IF I ordered fluid and there is NO positive response in less than four hours.,Somewhat confident,Satisfied,Helped me decide between alternatives,,,,,,,,,42.185,53.105,53.118,5,Give neither IV fluids nor diuretics.,Start a vasopressor.,Fairly confident,Satisfied,Made me more confident in my plan,,"No, take me to the final questions",Agree,Agree,Agree,Agree,Agree,,,,,,,,1,1,1,1,1,1,1,1,Options to Consider,Sepsis AI suggests between one and three treatment options to consider. These options are identified based on the rates of mortality in the admission for similar patients that received each treatment.,4,This is the fifth case.,2,,,,,1,2,1,1,1,3,1,0,Emergency medicine,,"Academic, university aﬃliated",More than 50% but less than 95%,Faculty List,,No
880,9ca32f5cd2b75ebbe2bd0f355b5f86365f1a6c2161de1e7ffc7cd590771f0d3b,5-10 years,Expert - authoritative knowledge,80.848,162.62,162.625,7,Give up to 1 L of IV fluid.,Wean the existing vasopressor ONLY IF I ordered fluid and there is a positive response in less than four hours.,Fairly confident,,,,,,,,,,,,,,,,,,133.234,143.088,143.095,4,Give neither IV fluids nor diuretics.,Start a vasopressor.,Fairly confident,Very dissatisfied,Did not affect my thinking at all,,,,,,,,,,,,,,,,,,,,,,,,,,114.531,168.272,168.279,4,Give neither IV fluids nor diuretics.,Continue both vasopressors.,Slightly confident,Dissatisfied,Prompted me to assess the patient further,,,,,,,,,,,,,,,,,,,,,,,,,,68.712,76.404,76.41,4,Give neither IV fluids nor diuretics.,Start a vasopressor.,Fairly confident,Neutral,Did not affect my thinking at all,,"No, take me to the final questions",Disagree,Disagree,Neither agree nor disagree,Disagree,Disagree,"it's too simplistic. patient care is dynamic and requires constant bedside assessment including POCUS, hemodynamic assessment, fluid challenges, etc. Sepsis AI needs to incorporate more diagnostic information and asks more questions before it jumps to recommendations",,,3,2,1,1,,,1,1,,,1,1,Recommended Treatment,Sepsis AI identifies the treatment plan that will lead to the lowest risk of mortality in this admission.,4,This is the fifth case.,3,1,3,1,1,,,1,0,,,1,2,"Internal medicine, pulmonary",,"Academic, university aﬃliated",Less than 50%,Faculty List,,No
104485,5c75fb32b41f388cbc52ee742d1b0d798c1ac1484b65543829ee0125475f15f4,> 10 years,Expert - authoritative knowledge,,,,,,,,160.371,204.853,204.856,5,Give more than 1 L of IV fluid.,Add another vasopressor ONLY IF I ordered fluid and there is NO positive response in less than four hours.,Fairly confident,Dissatisfied,"Prompted me to assess the patient further,Made me second-guess my plan",,,,,,,,,107.16,129.367,129.371,4,Give neither IV fluids nor diuretics.,Start a vasopressor.,Fairly confident,Dissatisfied,"Prompted me to assess the patient further,Made me second-guess my plan",,,,,,,,,63.667,129.89,129.893,6,Stop diuretics and don't give IV fluids.,Start a vasopressor.,Fairly confident,Dissatisfied,Did not affect my thinking at all,,103.432,199.114,199.117,4,Give neither IV fluids nor diuretics.,Continue both vasopressors.,Fairly confident,,,,,,,,,,,,,,,,,,47.595,66.268,66.271,5,Give up to 1 L of IV fluid.,Start a vasopressor ONLY IF I ordered fluid and there is NO positive response in less than four hours.,Fairly confident,Neutral,Did not affect my thinking at all,,,,,,,,,96.659,130.954,130.957,4,Give neither IV fluids nor diuretics.,Start a vasopressor.,Fairly confident,Neutral,Did not affect my thinking at all,,"Yes, I'll review two additional cases",Strongly disagree,Strongly disagree,Neither agree nor disagree,Strongly disagree,Strongly disagree,,,,2,1,1,1,3,1,1,1,1,1,1,1,Recommended Treatment,Sepsis AI identifies the treatment plan that will lead to the lowest risk of mortality in this admission.,6,This is the sixth and final case.,3,1,4,1,0,1,5,1,3,1,2,1,1,"Internal medicine, pulmonary",,"Academic, university aﬃliated",Less than 50%,Faculty List,,No
869,f9507ccdd32a0d646603e1d2b1488da834e118074daf274c0d7a6b4af768129d,> 10 years,Proficient - deep understanding,,,,,,,,107.263,116.687,116.692,7,Give up to 1 L of IV fluid.,Continue the existing vasopressor.,Somewhat confident,Neutral,Affected my thinking in some other way (please describe):,"Negative advice ""yo avoid"" is less helpful",,,,,,,,19.659,120.163,120.179,11,Give up to 1 L of IV fluid.,Start a vasopressor.,Somewhat confident,Neutral,Helped me decide between alternatives,,,,,,,,,129.548,194.191,194.204,10,Stop diuretics and give up to 1 L of IV fluid.,Start a vasopressor ONLY IF I ordered fluid and there is NO positive response in less than four hours.,Somewhat confident,Dissatisfied,Affected my thinking in some other way (please describe):,"Negative advice ""to avoid"" was a bit trying to understand",76.896,124.248,124.264,10,Give neither IV fluids nor diuretics.,Continue both vasopressors.,Somewhat confident,,,,,,,,,,,,,,,,,,,,,,,,,,,,,,,,,,,,,,,,,,,,,"No, take me to the final questions",Neither agree nor disagree,Somewhat agree,Neither agree nor disagree,Disagree,Neither agree nor disagree,"It think it would be more helpful to get advice on ""what to do"", instead of telling us ""what to avoid""",,,1,1,1,1,1,1,1,1,,,,,Options to Avoid,Sepsis AI suggests between one and three treatment options to consider avoiding. These options are identified based on the rates of mortality in the admission for similar patients that received each treatment.,4,This is the fifth case.,2,1,3,1,1,1,0,1,2,,,,,"Internal medicine, pulmonary",,"Academic, university aﬃliated",More than 50% but less than 95%,Faculty List,,No
719,0b8dce6d67e843abedee7b4e3277d905ee512fcd2b1374b339bbc8825835ca72,3-5 years,Expert - authoritative knowledge,,,,,,,,17.953,95.47,95.477,6,Give a diuretic.,Continue the existing vasopressor.,Somewhat confident,Neutral,"Gave me an initial plan,Prompted me to consider an alternative plan",,,,,,,,,,,,,,,,,,,,,,,,,,38.763,99.707,99.72,5,Continue the diuretic.,Do not give vasopressors.,Slightly confident,Neutral,Prompted me to consider an alternative plan,,,,,,,,,,,,,,,,,,,,,,,,,,55.753,78.186,78.19,4,Give up to 1 L of IV fluid.,Start a vasopressor ONLY IF I ordered fluid and there is NO positive response in less than four hours.,Somewhat confident,Dissatisfied,"Prompted me to consider an alternative plan,Made me second-guess my plan",,75.726,137.121,137.126,7,Give up to 1 L of IV fluid.,Start a vasopressor ONLY IF I ordered fluid and there is NO positive response in less than four hours.,Fairly confident,,,,,,,,,,,"No, take me to the final questions",Disagree,Neither agree nor disagree,Somewhat agree,Disagree,Somewhat disagree,"Evaluate risk of mortality due to underlying illness - i.e. control patient with metastatic cancer dying of sepsis, may not be appropriate to escalate care but not sure choosing to start vasopressors by the AI would account for that","appropriate management, consideration of alternative diagnoses or potential sources",,1,1,,,1,1,,,1,1,1,4,Options to Consider,Sepsis AI suggests between one and three treatment options to consider. These options are identified based on the rates of mortality in the admission for similar patients that received each treatment.,4,This is the fifth case.,0,1,2,,,1,3,,,1,1,1,0,"Internal medicine, not pulmonary",,"Academic, university aﬃliated",Less than 50%,Faculty List,,No
872,a3a988f6af237f443248f5be499a16df590f71190b8ef33c5f837f1f823ec6af,> 10 years,Proficient - deep understanding,,,,,,,,78.2,106.618,106.624,6,Give neither IV fluids nor diuretics.,Continue the existing vasopressor.,Somewhat confident,Neutral,"Prompted me to consider an alternative plan,Helped me decide between alternatives,Made me second-guess my plan",,,,,,,,,5.098,116.573,116.585,10,Give neither IV fluids nor diuretics.,Start a vasopressor.,Slightly confident,Neutral,"Prompted me to consider an alternative plan,Helped me decide between alternatives",,,,,,,,,72.289,75.297,75.311,4,Stop diuretics and don't give IV fluids.,Start a vasopressor.,Somewhat confident,Neutral,"Prompted me to consider an alternative plan,Made me second-guess my plan",,,,,,,,,52.408,59.465,59.48,4,Give a diuretic.,Wean the secondary vasopressor.,Fairly confident,Neutral,Made me more confident in my plan,,8.331,82.943,82.959,8,Give up to 1 L of IV fluid.,Start a vasopressor.,Somewhat confident,,,,,,,,,,,,,,,,,,64.288,71.398,71.401,4,Give neither IV fluids nor diuretics.,Start a vasopressor.,Somewhat confident,Satisfied,Made me more confident in my plan,,"Yes, I'll review two additional cases",Somewhat disagree,Somewhat agree,Agree,Neither agree nor disagree,Somewhat agree,It's unclear to me how dynamic volume assessments would affect the AI assessment,Evidence-based recommendations,,1,1,1,1,1,1,1,1,1,1,1,1,Recommended Treatment,Sepsis AI identifies the treatment plan that will lead to the lowest risk of mortality in this admission.,6,This is the sixth and final case.,0,1,4,1,3,1,2,1,5,1,0,1,1,"Internal medicine, pulmonary",,"Academic, university aﬃliated",More than 50% but less than 95%,Faculty List,,No
757,d1a42d0f127b3e7d82b807930a5ffc1bdecb95d9577caea00b8cea10e4908db6,5-10 years,Proficient - deep understanding,72.374,115.349,115.368,5,Give more than 1 L of IV fluid.,Add another vasopressor ONLY IF I ordered fluid and there is NO positive response in less than four hours.,Fairly confident,,,,,,,,,,,,,,,,,,52.264,81.857,81.876,5,Give neither IV fluids nor diuretics.,Start a vasopressor.,Fairly confident,Neutral,Did not affect my thinking at all,,,,,,,,,80.17,89.446,89.465,5,Stop diuretics and don't give IV fluids.,Start a vasopressor.,Fairly confident,Dissatisfied,Made me second-guess my plan,,,,,,,,,76.721,105.93,105.948,5,Give a diuretic.,Wean the secondary vasopressor.,Fairly confident,Neutral,Did not affect my thinking at all,,,,,,,,,58.807,84.595,84.615,4,Give up to 1 L of IV fluid.,Start a vasopressor ONLY IF I ordered fluid and there is NO positive response in less than four hours.,Fairly confident,Neutral,Did not affect my thinking at all,,,,,,,,,55.967,70.16,70.178,4,Give neither IV fluids nor diuretics.,Start a vasopressor.,Somewhat confident,Neutral,Did not affect my thinking at all,,"Yes, I'll review two additional cases",Neither agree nor disagree,Neither agree nor disagree,Somewhat agree,Somewhat disagree,Somewhat agree,,,,1,2,2,1,1,1,1,2,1,1,1,1,Recommended Treatment,Sepsis AI identifies the treatment plan that will lead to the lowest risk of mortality in this admission.,6,This is the sixth and final case.,3,1,3,1,5,1,2,1,1,1,4,1,0,"Internal medicine, pulmonary",,"Academic, university aﬃliated",More than 50% but less than 95%,Faculty List,,No
2088,43a95b7aaeb90b5e6b4ad9f91502f2f7fdb6058ed5b764e636963cfadd0dfb83,> 10 years,Proficient - deep understanding,119.737,141.824,141.83,4,Give more than 1 L of IV fluid.,Add another vasopressor ONLY IF I ordered fluid and there is NO positive response in less than four hours.,Fairly confident,,,,,,,,,,,,,,,,,,559.962,573.485,573.488,4,Give neither IV fluids nor diuretics.,Start a vasopressor.,Somewhat confident,Satisfied,"Prompted me to consider an alternative plan,Helped me decide between alternatives",,,,,,,,,119.901,135.313,135.316,4,Stop diuretics and give up to 1 L of IV fluid.,Start a vasopressor ONLY IF I ordered fluid and there is NO positive response in less than four hours.,Fairly confident,Satisfied,Helped me decide between alternatives,,,,,,,,,89.009,107.122,107.125,4,Give a diuretic.,Wean the secondary vasopressor.,Fairly confident,Satisfied,"Prompted me to consider an alternative plan,Helped me decide between alternatives",,,,,,,,,67.009,88.564,88.567,4,Give up to 1 L of IV fluid.,Start a vasopressor ONLY IF I ordered fluid and there is NO positive response in less than four hours.,Fairly confident,Satisfied,Prompted me to consider an alternative plan,,,,,,,,,126.659,135.127,135.129,4,Give a diuretic.,Start a vasopressor.,Fairly confident,Satisfied,"Helped me decide between alternatives,Made me more confident in my plan",,"Yes, I'll review two additional cases",Agree,Agree,Agree,Agree,Agree,"Focused on essentially 3 interventions (fluids, diuretics, pressors) and did not attempt to tackle all the issues seen in complicated ICU patients, which was great.  I think linking to references in the AI recommendations would be useful to provide confidence to the clinician that there is supporting evidence.","I think that this would be used in the same way we use evidence based medicine now.  It is a starting point and ideally will point clinicians in the right direction.  As with evidence based medicine, actual decisions need to be fine tuned and adjusted to best treat the patient in front of of you as real world medicine is taking care of complicated patients that would frequently be ineligible for enrollment in trials.",,1,1,1,1,1,1,1,1,1,1,1,1,Options to Consider,Sepsis AI suggests between one and three treatment options to consider. These options are identified based on the rates of mortality in the admission for similar patients that received each treatment.,6,This is the sixth and final case.,2,1,2,1,4,1,0,1,5,1,3,1,1,"Internal medicine, pulmonary",,"Academic, not university aﬃliated",Less than 50%,Faculty List,,No
1049927,74fcbd1230e0400b73c5e77892866a09fdddd7881b484125b7cd949875b48bb0,> 10 years,Expert - authoritative knowledge,,,,,,,,69.78,93.868,93.873,6,Give neither IV fluids nor diuretics.,Add another vasopressor.,Fairly confident,Neutral,Did not affect my thinking at all,,178.387,200.347,200.351,4,Give neither IV fluids nor diuretics.,Start a vasopressor.,Fairly confident,,,,,,,,,,,,,,,,,,197.584,248.484,248.487,5,Stop diuretics and give up to 1 L of IV fluid.,Start a vasopressor.,Somewhat confident,Neutral,Did not affect my thinking at all,,,,,,,,,137.027,168.117,168.122,4,Give neither IV fluids nor diuretics.,Continue both vasopressors.,Fairly confident,Neutral,Did not affect my thinking at all,,,,,,,,,47.266,90.57,90.575,4,Give up to 1 L of IV fluid.,Start a vasopressor.,Fairly confident,Neutral,Did not affect my thinking at all,,,,,,,,,101.532,116.035,116.04,4,Give neither IV fluids nor diuretics.,Start a vasopressor.,Fairly confident,Neutral,Did not affect my thinking at all,,"Yes, I'll review two additional cases",Disagree,Disagree,Neither agree nor disagree,Neither agree nor disagree,Disagree,"The uncertainty around optimal management of hemodynamics in sepsis is due to complexities of understanding volume status and fluid responsiveness.  There is not adequate evidence-based data to guided management in a nuanced, patient-specific manner.  AI works best for finding evidence, not making recommendations in evidence-free zone.  In all these cases, my lack of certainty stems from the lack of informtion provided on the patients fluid status, i.e., respiratory variation in CVP or IVC diameter etc., not from not know how I would optimally manage the patients hemodynamics. ","AI needs data to guide it's recommendations and there is not adequate evidence-based data to make AI useful in this regard.  AI could be helpful in searching the patients record to identify all past cultures to identify potential resistant organisms that could influence Abx choice. Or, to identify that the patient meets criteria for sepsis and has not received Abx or 30 cc/kg of fluids and does not appear to have contraindications to fluids etc.  Or, to compile the patients entire profile of history including remote notes from outside clinic providers, physical exam findings, and lab and radiographic abnormalities including from outside studies to suggest alternative diagnosis other than sepsis. Ultimately, I think AI would be ideal for continuously analyzing CVP and arterial pulse pressure wave forms along with airway wave forms on ventilated patients to make recommendations for fluid and vasopressor management, and to make automated adjustments to ventilator settings to optimize patients synchrony and lung protective ventilation. ","I'm not sure if you purposely withheld objective assessments of volume status and fluid responsiveness in your vignettes but it make it difficult to confidently choose what my treatment options would be.  A HR of 58 seems inappropriately low for a pt in septic shock.  I would probably add epinephrine in an effort to increase HR but depends on the EKG and patient may need a pacemaker etc.  How much fluid a patient has received or h/o heart failure etc, especially in patients developing sepsis in the hospital, is less important than knowing what their CVP and IVC look like now.  ",1,1,1,1,1,1,1,1,1,1,1,1,Options to Avoid,Sepsis AI suggests between one and three treatment options to consider avoiding. These options are identified based on the rates of mortality in the admission for similar patients that received each treatment.,6,This is the sixth and final case.,0,1,5,1,0,1,1,1,3,1,4,1,2,"Internal medicine, pulmonary",,"Academic, university aﬃliated",Less than 50%,Faculty List,,No
14166,7da6f2521b4aa813be5034e2b87663c8aabc340a7f8c33271add8d3a4185c748,5-10 years,Expert - authoritative knowledge,1666.481,1709.58,1709.595,6,Give up to 1 L of IV fluid.,Continue the existing vasopressor.,Fairly confident,,,,,,,,,,,,,,,,,,11310.093,11329.232,11329.246,5,Give neither IV fluids nor diuretics.,Start a vasopressor.,Fairly confident,Very dissatisfied,Affected my thinking in some other way (please describe):,"Sepsis AI was frankly unhelpful, with the combination of all three options arguing that no option of IV fluids, diuretics, or nothing with respect to fluid management were reasonable in the management of the patient",,,,,,,,30.24,40.792,40.804,5,Stop diuretics and don't give IV fluids.,Start a vasopressor.,Fairly confident,Dissatisfied,Affected my thinking in some other way (please describe):,"While sepsis AI's one suggestion partly aligned with my own clinical reasoning, the use of a specific combination of negative options again is unhelpful with respect to deciding how best to approach the patient.  Additionally, deciding on a combination of therapies at the get-go rather than assessing e.g. response to vasopressor first and then administering a diuretic would be the more clinically sound option",,,,,,,,45.025,57.459,57.465,4,Give neither IV fluids nor diuretics.,Wean the secondary vasopressor.,Fairly confident,Dissatisfied,Did not affect my thinking at all,,,,,,,,,146.497,189.521,189.532,4,Give up to 1 L of IV fluid.,Start a vasopressor ONLY IF I ordered fluid and there is NO positive response in less than four hours.,Fairly confident,Dissatisfied,Did not affect my thinking at all,,,,,,,,,37.618,44.517,44.523,4,Give neither IV fluids nor diuretics.,Start a vasopressor.,Extremely confident,Very dissatisfied,Affected my thinking in some other way (please describe):,"The use of multiple negative options which overlap in some way is active unhelpful in thinking through the patient's case. The most clinically appropriate answer is typically the ""negative"" version of one of the suggestions, but parsing this is exceedingly difficult by how the options are presented","Yes, I'll review two additional cases",Strongly disagree,Disagree,Agree,Disagree,Strongly disagree,"Sepsis AI being engineered to offer high-risk combinations of options is unintuitive at best and misleading at worst.  If a system like this is to be used in clinical practice, it would be better for it to suggest a single therapy to implement or avoid, rather than having to construct a mental 2x2 table of which alternative combinations would then be considered low risk.  In the worst example in case 3, it suggested that every single fluid option could be high risk (in combination with specific vasopressor options), when it could have instead suggested that starting a vasopressor was a good idea while saying nothing at all about fluid management.  Having to spend mental energy trying to assess whether the option I would have initially chosen did or did not fit in with Sepsis AI's recommendations was actively unhelpful in most of the cases.  ","I see the most promising use for AI in early recognition of septic patients on the floor, i.e. early warning systems, which have been studied in various fashions with the rise of electronic medical records systems.  ",,1,1,1,1,2,1,1,1,1,1,1,1,Options to Avoid,Sepsis AI suggests between one and three treatment options to consider avoiding. These options are identified based on the rates of mortality in the admission for similar patients that received each treatment.,6,This is the sixth and final case.,1,1,1,1,2,1,5,1,3,1,0,1,4,"Internal medicine, pulmonary",,"Academic, university aﬃliated",More than 50% but less than 95%,Faculty List,,No
70268,bef524e36ad20ea52464337e4d3f8dd12138486d52de5ff899235eb9da964529,> 10 years,Proficient - deep understanding,,,,,,,,346.455,371.876,371.889,4,Give neither IV fluids nor diuretics.,Continue the existing vasopressor.,Fairly confident,Dissatisfied,Made me second-guess my plan,,,,,,,,,387.686,431.268,431.277,4,Give neither IV fluids nor diuretics.,Start a vasopressor.,Somewhat confident,Neutral,Helped me decide between alternatives,,,,,,,,,,,,,,,,,,,,,,,,,,174.773,194.735,194.742,4,Give a diuretic.,Wean the secondary vasopressor.,Fairly confident,Neutral,Made me more confident in my plan,,55.712,79.609,79.614,4,Give up to 1 L of IV fluid.,Start a vasopressor ONLY IF I ordered fluid and there is NO positive response in less than four hours.,Fairly confident,,,,,,,,,,,,,,,,,,,,,,,,,,,,"No, take me to the final questions",Disagree,Neither agree nor disagree,Somewhat agree,Disagree,Somewhat agree,"Would be helpful to have all treatment options listed. For example, sepsis AI offered treatment options to avoid that had higher mortality. Would like to know compared to what treatment option. ",Perhaps helpful in limited resource settings or for providers with less experience with sepsis ,,1,1,1,1,,,1,1,1,1,,,Options to Avoid,Sepsis AI suggests between one and three treatment options to consider avoiding. These options are identified based on the rates of mortality in the admission for similar patients that received each treatment.,4,This is the fifth case.,3,1,1,1,0,,,1,2,1,3,,,"Internal medicine, pulmonary",,"Academic, university aﬃliated",Less than 50%,Faculty List,,No
1930,0734dffb281a18af61f87c497ef42f270a60292024b9d6b88eb2e637648c7671,> 10 years,Proficient - deep understanding,141.141,175.341,175.347,4,Give neither IV fluids nor diuretics.,Continue the existing vasopressor.,Somewhat confident,,,,,,,,,,,,,,,,,,77.128,87.032,87.042,4,Give neither IV fluids nor diuretics.,Start a vasopressor.,Fairly confident,Dissatisfied,Made me second-guess my plan,,,,,,,,,159.587,177.762,177.766,4,Stop diuretics and don't give IV fluids.,Start a vasopressor.,Somewhat confident,Dissatisfied,Made me second-guess my plan,,,,,,,,,205.79,219.965,219.968,4,Give neither IV fluids nor diuretics.,Wean the secondary vasopressor.,Fairly confident,Dissatisfied,Made me second-guess my plan,,,,,,,,,137.316,148.58,148.585,4,Give more than 1 L of IV fluid.,Start a vasopressor ONLY IF I ordered fluid and there is NO positive response in less than four hours.,Fairly confident,Neutral,Made me second-guess my plan,,,,,,,,,52.181,107.421,107.423,5,Give a diuretic.,Start a vasopressor.,Somewhat confident,Neutral,Made me more confident in my plan,,"Yes, I'll review two additional cases",Somewhat disagree,Somewhat disagree,Somewhat agree,Somewhat disagree,Somewhat disagree,"It was limited in the options given and did not take into consideration other testing that might be done (ultrasound IVC).  I also wasn't sure where this risk assessment came from and how reliable it was -- such as AI was recommending diuretics in situations where I wouldn't have even been thinking about this -- is this just that I haven't read literature I should?  Or is it that it just makes things up?  Would be better if it told you why it was recommending certain things with references.  Lastly, the gradation of different recommendations was hard to judge.  Maybe the latter would improve with using it more.","At this point, not good enough to implement.  In future, could be a reminder to consider certain parts of management that you might forget or push you in a certain direction by pointing out data points you might have missed.  Could keep people who do ICU but not full time up to date on literature.",,1,1,1,1,1,1,1,1,1,1,1,1,Options to Consider,Sepsis AI suggests between one and three treatment options to consider. These options are identified based on the rates of mortality in the admission for similar patients that received each treatment.,6,This is the sixth and final case.,1,1,1,1,4,1,0,1,3,1,2,1,5,"Internal medicine, pulmonary",,"Academic, university aﬃliated",Less than 50%,Faculty List,,No
541,7f57afd6a9b8dad6da3bfe906d459a834155ddad5f4905f3bbcb146bc58a4994,> 10 years,Proficient - deep understanding,,,,,,,,64.405,81.133,81.141,4,Give up to 1 L of IV fluid.,Wean the existing vasopressor ONLY IF I ordered fluid and there is a positive response in less than four hours.,Somewhat confident,Neutral,"Helped me form an initial assessment of the patient,Gave me an initial plan,Prompted me to consider an alternative plan",,,,,,,,,46.891,96.647,96.658,4,Give neither IV fluids nor diuretics.,Do not give vasopressors.,Somewhat confident,Satisfied,"Helped me form an initial assessment of the patient,Gave me an initial plan,Prompted me to consider an alternative plan,Helped me decide between alternatives,Made me more confident in my plan",,,,,,,,,,,,,,,,,,,50.421,67.223,67.23,4,Give a diuretic.,Wean both existing vasopressors.,Somewhat confident,,,,,,,,,,,,,,,,,,,,,,,,,,,,,,,,,,,43.276,65.734,65.741,4,Give neither IV fluids nor diuretics.,Start a vasopressor.,Somewhat confident,Satisfied,"Helped me form an initial assessment of the patient,Gave me an initial plan,Made me more confident in my plan",,"No, take me to the final questions",Somewhat agree,Agree,Strongly agree,Somewhat agree,Agree,"Easy to use, very clear recommendations",Also identify potential sepsis patients where the initial diagnosis is incorrect ,Suggest to add a confidence statement (qualitative or quantitative) in regards to the ai recommendations ,1,1,1,1,,,1,1,,,1,1,Recommended Treatment,Sepsis AI identifies the treatment plan that will lead to the lowest risk of mortality in this admission.,4,This is the fifth case.,2,1,1,1,3,,,1,2,,,1,0,"Internal medicine, pulmonary",,"Academic, university aﬃliated",Less than 50%,Faculty List,,No
1646,a5e1e1581a6fd087956eb7eddf9f12fbceac95aa63a7d298b726e7b647383607,> 10 years,Expert - authoritative knowledge,,,,,,,,105.373,124.941,124.947,5,Give more than 1 L of IV fluid.,Add another vasopressor ONLY IF I ordered fluid and there is NO positive response in less than four hours.,Extremely confident,Dissatisfied,"Made me second-guess my plan,Affected my thinking in some other way (please describe):",Sepsis AI suggested weaning vasopressors in a hypotensive patient.,,,,,,,,68.825,75.175,75.181,4,Give up to 1 L of IV fluid.,Start a vasopressor.,Extremely confident,Neutral,"Gave me an initial plan,Prompted me to consider an alternative plan,Made me second-guess my plan",,,,,,,,,101.032,171.15,171.157,4,Stop diuretics and give up to 1 L of IV fluid.,Start a vasopressor ONLY IF I ordered fluid and there is NO positive response in less than four hours.,Extremely confident,Dissatisfied,"Prompted me to consider an alternative plan,Made me second-guess my plan",,,,,,,,,153.27,191.771,191.78,4,Give neither IV fluids nor diuretics.,Wean the secondary vasopressor.,Extremely confident,Dissatisfied,Made me second-guess my plan,,84.16,144.853,144.861,5,Give up to 1 L of IV fluid.,Start a vasopressor ONLY IF I ordered fluid and there is NO positive response in less than four hours.,Extremely confident,,,,,,,,,,,,,,,,,,80.683,91.85,91.857,4,Give neither IV fluids nor diuretics.,Start a vasopressor.,Extremely confident,Satisfied,"Helped me form an initial assessment of the patient,Prompted me to consider an alternative plan,Made me second-guess my plan",,"Yes, I'll review two additional cases",Disagree,Disagree,Disagree,Disagree,Disagree,"I'm not sure how the suggestions from Sepsis AI were generated. It may also be my misunderstanding of the question stems. I am aware of the literature on ""de-resuscitation"" but don't believe this has been shown in RCTs. The sepsis AI seemed to really anchor on the idea that early diuretics were helpful, but I believe that is anchored on observational data. I believe this was my main complaint that I don't know how the suggestions were generated so I am unable to weigh the output of Sepsis AI in my decision making.","I think the idea of an AI tool that helps with clinical decision making would be helpful. However, it should reference itself so that I can use it as a learning tool alongside clinical care. Before I would trust Sepsis AI over my own clinical judgement, I would want to see the evidence by which it makes suggestions. i.e. How was the tool trained?",,1,2,1,1,1,1,1,1,1,2,1,1,Options to Consider,Sepsis AI suggests between one and three treatment options to consider. These options are identified based on the rates of mortality in the admission for similar patients that received each treatment.,6,This is the sixth and final case.,0,1,5,1,2,1,1,1,4,1,0,1,3,"Internal medicine, pulmonary",,"Academic, university aﬃliated",Less than 50%,Faculty List,,No
59928,9261f265773195a4922e3ec502f7db32c28e4fceb15c3d40377de1d92115ef45,> 10 years,Proficient - deep understanding,,,,,,,,51.862,117.623,117.629,5,Give up to 1 L of IV fluid.,Continue the existing vasopressor.,Somewhat confident,Neutral,Made me second-guess my plan,,,,,,,,,65.661,96.516,96.522,5,Give neither IV fluids nor diuretics.,Start a vasopressor ONLY IF I ordered fluid and there is NO positive response in less than four hours.,Fairly confident,Neutral,Did not affect my thinking at all,,,,,,,,,54.036,95.587,95.594,4,Stop diuretics and don't give IV fluids.,Start a vasopressor ONLY IF I ordered fluid and there is NO positive response in less than four hours.,Fairly confident,Neutral,Gave me an initial plan,,,,,,,,,56.892,92.796,92.802,4,Give a diuretic.,Wean the secondary vasopressor.,Somewhat confident,Neutral,Made me second-guess my plan,,41.832,61.243,61.248,5,Give more than 1 L of IV fluid.,Start a vasopressor ONLY IF I ordered fluid and there is NO positive response in less than four hours.,Fairly confident,,,,,,,,,,,,,,,,,,45.129,64.114,64.121,4,Give neither IV fluids nor diuretics.,Start a vasopressor.,Fairly confident,Neutral,Did not affect my thinking at all,,"Yes, I'll review two additional cases",Strongly disagree,Strongly disagree,Neither agree nor disagree,Strongly disagree,Disagree,,give more evidence for your sepsis patient fitting particular categories (ie sepsis in patients with HFrEF and AKI),,2,1,2,1,1,1,1,1,2,1,1,1,Recommended Treatment,Sepsis AI identifies the treatment plan that will lead to the lowest risk of mortality in this admission.,6,This is the sixth and final case.,3,1,4,1,1,1,0,1,5,1,3,1,2,"Internal medicine, pulmonary",,"Academic, university aﬃliated",All or almost all (95% or more),Faculty List,,No
880,1d34e6fdae85e4d08604e5b5f444b816c55ec29f2c6a782d3ea6bca1c649f41d,5-10 years,Expert - authoritative knowledge,,,,,,,,72.957,78.74,78.749,5,Give neither IV fluids nor diuretics.,Add another vasopressor.,Extremely confident,Neutral,Affected my thinking in some other way (please describe):,odd to have a decision help tool not provide a recommendation,,,,,,,,65.842,84.044,84.054,4,Give neither IV fluids nor diuretics.,Start a vasopressor.,Fairly confident,Neutral,Affected my thinking in some other way (please describe):,i don't typically think of what NOT to do for a patient in this condition,,,,,,,,53.835,59.768,59.778,4,Stop diuretics and don't give IV fluids.,Start a vasopressor.,Fairly confident,Dissatisfied,Did not affect my thinking at all,,57.789,108.16,108.168,10,Give a diuretic.,Continue both vasopressors.,Fairly confident,,,,,,,,,,,,,,,,,,42.522,79.158,79.168,5,Give more than 1 L of IV fluid.,Start a vasopressor ONLY IF I ordered fluid and there is NO positive response in less than four hours.,Fairly confident,Dissatisfied,Did not affect my thinking at all,,,,,,,,,54.976,68.895,68.905,5,Give neither IV fluids nor diuretics.,Start a vasopressor.,Extremely confident,Dissatisfied,Did not affect my thinking at all,,"Yes, I'll review two additional cases",Strongly disagree,Disagree,Somewhat agree,Strongly disagree,Strongly disagree,"most of the presented recommendations were not even considerations i would entertain for those patients
might be better to produce recommendations that are structured within categories - i.e.

fluids: give, diurese, do nothing
pressors: start, increase/decrease, stop

also, your scenarios did not include enough data for volume assessment such as PoCUS, although many of the patients had good reason not to give fluid","antibiotic selection in patients with complex infectious history
summarization of cases",,1,1,1,1,1,1,1,4,2,1,1,1,Options to Avoid,Sepsis AI suggests between one and three treatment options to consider avoiding. These options are identified based on the rates of mortality in the admission for similar patients that received each treatment.,6,This is the sixth and final case.,1,1,2,1,0,1,3,1,1,1,4,1,5,"Internal medicine, not pulmonary",,"Academic, university aﬃliated",More than 50% but less than 95%,Faculty List,,No
936,93abc410b4f045612aa316647ecb2f71b0ca39c375d9ae51f4e24f616f3f431e,> 10 years,Expert - authoritative knowledge,,,,,,,,77.932,93.809,93.817,4,Give up to 1 L of IV fluid.,Wean the existing vasopressor ONLY IF I ordered fluid and there is a positive response in less than four hours.,Somewhat confident,Satisfied,Made me more confident in my plan,,,,,,,,,50.687,115.109,115.125,6,Give a diuretic.,Do not give vasopressors.,Somewhat confident,Neutral,Prompted me to consider an alternative plan,,,,,,,,,89.46,114.761,114.78,4,Stop diuretics and don't give IV fluids.,Start a vasopressor.,Slightly confident,Satisfied,Prompted me to consider an alternative plan,,64.539,107.473,107.492,4,Give neither IV fluids nor diuretics.,Wean the secondary vasopressor.,Somewhat confident,,,,,,,,,,,,,,,,,,103.658,119.376,119.393,4,Give up to 1 L of IV fluid.,Do not give vasopressors.,Fairly confident,Satisfied,"Prompted me to consider an alternative plan,Made me second-guess my plan",,,,,,,,,108.801,123.119,123.13,4,Give up to 1 L of IV fluid.,Start a vasopressor ONLY IF I ordered fluid and there is NO positive response in less than four hours.,Fairly confident,Satisfied,"Prompted me to consider an alternative plan,Helped me decide between alternatives",,"Yes, I'll review two additional cases",Somewhat disagree,Somewhat disagree,Somewhat disagree,Somewhat disagree,Somewhat disagree,"The thumbs down seemed like a double negative.  Would consider rephrasing the recommendations to something like, ""Sepsis AI recommends NOT...""",to avoid potentially harmful treatment,,1,1,3,1,1,1,1,1,1,1,1,1,Options to Avoid,Sepsis AI suggests between one and three treatment options to consider avoiding. These options are identified based on the rates of mortality in the admission for similar patients that received each treatment.,6,This is the sixth and final case.,2,1,3,1,4,1,5,1,2,1,0,1,1,"Internal medicine, pulmonary",,"Academic, university aﬃliated",Less than 50%,Faculty List,,No
588844,d8c37a404e62f068c4f4a47d8dc314941608e5b9324d8aad494f33ac408568f8,> 10 years,Expert - authoritative knowledge,,,,,,,,,,,,,,,,,,45.646,57.297,57.302,4,Give neither IV fluids nor diuretics.,Do not give vasopressors.,Fairly confident,,,,,,,,,,,,,,,,,,128.585,167.097,167.1,5,Stop diuretics and don't give IV fluids.,Do not give vasopressors.,Fairly confident,Neutral,Made me second-guess my plan,,,,,,,,,135.173,152.627,152.633,4,Give a diuretic.,Wean the secondary vasopressor.,Fairly confident,Neutral,Did not affect my thinking at all,,,,,,,,,25.279,43.311,43.316,4,Give up to 1 L of IV fluid.,Start a vasopressor ONLY IF I ordered fluid and there is NO positive response in less than four hours.,Extremely confident,Neutral,Did not affect my thinking at all,,,,,,,,,,,,,,,,,,,"No, take me to the final questions",Disagree,Disagree,Somewhat disagree,Somewhat agree,Disagree,"I wanted to understand more about how the predictions were developed.  Without knowing that information, it's hard to trust the recommendations.  I also felt at times that its recommendations were conflicting with each other, which decreased my confidence in their accuracy.",,,,,1,1,1,2,1,1,1,1,,,Options to Consider,Sepsis AI suggests between one and three treatment options to consider. These options are identified based on the rates of mortality in the admission for similar patients that received each treatment.,4,This is the fifth case.,0,,,1,0,1,2,1,1,1,3,,,"Internal medicine, pulmonary",,"Academic, university aﬃliated",Less than 50%,Faculty List,,No
840,e2851363c2d0883d8e9caeadaead6661a80c4fe8055de19f189627886d4cab62,> 10 years,Proficient - deep understanding,,,,,,,,167.927,178.042,178.051,4,Give neither IV fluids nor diuretics.,Continue the existing vasopressor.,Somewhat confident,Dissatisfied,"Prompted me to assess the patient further,Made me second-guess my plan",,,,,,,,,51.033,67.849,67.86,4,Give up to 1 L of IV fluid.,Start a vasopressor ONLY IF I ordered fluid and there is NO positive response in less than four hours.,Somewhat confident,Dissatisfied,"Prompted me to assess the patient further,Made me second-guess my plan",,,,,,,,,45.369,53.414,53.432,6,Continue the diuretic.,Start a vasopressor.,Fairly confident,Dissatisfied,"Prompted me to consider an alternative plan,Made me second-guess my plan",,83.056,110.457,110.475,4,Give neither IV fluids nor diuretics.,Continue both vasopressors.,Fairly confident,,,,,,,,,,,,,,,,,,35.026,55.227,55.239,4,Give neither IV fluids nor diuretics.,Start a vasopressor.,Fairly confident,Dissatisfied,"Prompted me to assess the patient further,Prompted me to consider an alternative plan,Made me second-guess my plan",,,,,,,,,56.543,66.568,66.586,4,Give neither IV fluids nor diuretics.,Start a vasopressor.,Somewhat confident,Satisfied,Made me more confident in my plan,,"Yes, I'll review two additional cases",Somewhat disagree,Disagree,Somewhat agree,Neither agree nor disagree,Somewhat agree,,,,1,1,1,1,2,1,1,1,1,1,1,1,Recommended Treatment,Sepsis AI identifies the treatment plan that will lead to the lowest risk of mortality in this admission.,6,This is the sixth and final case.,1,1,2,1,4,1,5,1,1,1,3,1,0,"Internal medicine, pulmonary",,"Academic, university aﬃliated",More than 50% but less than 95%,Faculty List,,No
1018,90961f383fd4188a50b27ed5c5e0b6a3e7960077c80d15640ee4f233e5075749,> 10 years,Proficient - deep understanding,,,,,,,,68.872,103.646,103.651,4,Give up to 1 L of IV fluid.,Wean the existing vasopressor ONLY IF I ordered fluid and there is a positive response in less than four hours.,Somewhat confident,Dissatisfied,Made me second-guess my plan,,65.112,139.951,139.955,7,Give neither IV fluids nor diuretics.,Start a vasopressor.,Somewhat confident,,,,,,,,,,,,,,,,,,67.792,190.467,190.474,7,Stop diuretics and don't give IV fluids.,Start a vasopressor.,Somewhat confident,Neutral,Affected my thinking in some other way (please describe):,I'm more focused on her respiratory status management and whether she needs NIPPV or intubation (and what goals of care are). Difficult to make a clear decision without the context of knowing whether or not she would want to be intubated. So made me think more about the diuretic/IVF than I was initially.  ,,,,,,,,63.676,70.999,71.007,4,Give a diuretic.,Wean the secondary vasopressor.,Fairly confident,Satisfied,Made me more confident in my plan,,,,,,,,,20.942,26.877,26.88,4,Give up to 1 L of IV fluid.,Do not give vasopressors.,Somewhat confident,Satisfied,Made me more confident in my plan,,,,,,,,,69.991,76.436,76.439,4,Give neither IV fluids nor diuretics.,Start a vasopressor.,Fairly confident,Neutral,Made me more confident in my plan,,"Yes, I'll review two additional cases",Disagree,Somewhat disagree,Agree,Somewhat agree,Neither agree nor disagree,"This is a little hard to assess because I think I would have access to more information than was provided in some of the cases (code status, POCUS to look at IVC filling, assessment of peripheral edema). In many of the cases the sepsis AI made me more confident in a plan that I already had, but in a few it was not useful or made me 2nd guess things a bit. The latter (2nd guessing) would decrease my productivity over time.  

I also need more understanding of what very low, low, and average mean. How much of a difference in mortality are we talking about here (for a high morbidity/mortality condition). ",I think providing more numerical information would be helpful. Giving a qSOFA (or other calculated score and interpretation) may help guide treatment decisions and approaches to care. ,,1,1,3,2,2,1,1,1,1,1,1,1,Options to Consider,Sepsis AI suggests between one and three treatment options to consider. These options are identified based on the rates of mortality in the admission for similar patients that received each treatment.,6,This is the sixth and final case.,3,1,2,1,3,1,0,1,4,1,5,1,1,"Internal medicine, pulmonary",,"Academic, university aﬃliated",Less than 50%,Faculty List,,No
1108,42258af87df7204ec1051e6e7ad0230941c7b6526598b9b317bc6ba956c37df1,5-10 years,Proficient - deep understanding,,,,,,,,47.629,77.172,77.187,5,Give neither IV fluids nor diuretics.,Wean the existing vasopressor.,Somewhat confident,Very dissatisfied,Made me second-guess my plan,,63.845,72.194,72.213,5,Give neither IV fluids nor diuretics.,Start a vasopressor.,Somewhat confident,,,,,,,,,,,,,,,,,,83.883,173.806,173.823,6,Stop diuretics and give up to 1 L of IV fluid.,Start a vasopressor.,Fairly confident,Very dissatisfied,Made me second-guess my plan,,,,,,,,,99.393,135.858,135.879,5,Give neither IV fluids nor diuretics.,Wean the secondary vasopressor.,Somewhat confident,Very dissatisfied,Made me second-guess my plan,,,,,,,,,18.544,34.733,34.749,5,Give up to 1 L of IV fluid.,Start a vasopressor ONLY IF I ordered fluid and there is NO positive response in less than four hours.,Somewhat confident,Very dissatisfied,Made me second-guess my plan,,,,,,,,,24.784,31.517,31.533,4,Give neither IV fluids nor diuretics.,Start a vasopressor.,Fairly confident,Very dissatisfied,Did not affect my thinking at all,,"Yes, I'll review two additional cases",Strongly disagree,Strongly disagree,Agree,Disagree,Strongly disagree,"There was no explanation why the sepsis AI came to the conclusion. Additionally, no hemodynamic data were present. Bedside echo information was not used. Markers of Perfusion like physical exam findings were not included. The answers are too black and white. There is an art to patient management. Sometimes a brief low dose vasopressor may prevent your patient from having an arrest while intubating but can be weaned later for example.",Currently not a role. I think AI needs more inputs to be useful including continuous hemodynamic data and perfusion assessments.,,1,2,1,1,1,3,1,1,1,2,1,1,Recommended Treatment,Sepsis AI identifies the treatment plan that will lead to the lowest risk of mortality in this admission.,7,This is the sixth and final case.,2,1,4,1,2,1,0,1,1,1,5,1,6,Emergency medicine,,Community,More than 50% but less than 95%,Faculty List,,No
1874,c23400a627fdb8875fd7798ae4ce6ecc56487ba3047f266d1c4423b089629f0c,> 10 years,Expert - authoritative knowledge,,,,,,,,16.126,160.372,160.38,11,Give up to 1 L of IV fluid.,Wean the existing vasopressor ONLY IF I ordered fluid and there is a positive response in less than four hours.,Extremely confident,Dissatisfied,Did not affect my thinking at all,,,,,,,,,,,,,,,,,,,,,,,,,,,,,,,,,,,,,,,,,,,111.717,170.224,170.226,8,Give neither IV fluids nor diuretics.,Continue both vasopressors.,Extremely confident,Neutral,Did not affect my thinking at all,,16.78,85.97,85.975,9,Give neither IV fluids nor diuretics.,Do not give vasopressors.,Extremely confident,,,,,,,,,,,,,,,,,,19.418,91.111,91.117,8,Give up to 1 L of IV fluid.,Start a vasopressor ONLY IF I ordered fluid and there is NO positive response in less than four hours.,Extremely confident,Dissatisfied,Did not affect my thinking at all,,"No, take me to the final questions",Disagree,Disagree,Disagree,Disagree,Strongly disagree,Not useful as recommendations mostly not good,Very little role,,2,2,,,,,1,2,1,1,1,1,Options to Avoid,Sepsis AI suggests between one and three treatment options to consider avoiding. These options are identified based on the rates of mortality in the admission for similar patients that received each treatment.,4,This is the fifth case.,1,1,2,,,,,1,0,1,1,1,3,"Internal medicine, pulmonary",,"Academic, university aﬃliated",Less than 50%,Faculty List,,No
1031,abf501c87611882ab53fe012f04c30b398b4a2191b189e273766905917737d1f,> 10 years,Proficient - deep understanding,,,,,,,,146.782,159.696,159.705,4,Give neither IV fluids nor diuretics.,Add another vasopressor.,Somewhat confident,Neutral,Made me more confident in my plan,,,,,,,,,74.024,85.041,85.055,4,Give a diuretic.,Start a vasopressor.,Somewhat confident,Satisfied,Made me more confident in my plan,,,,,,,,,75.223,84.617,84.642,4,Stop diuretics and give up to 1 L of IV fluid.,Start a vasopressor ONLY IF I ordered fluid and there is NO positive response in less than four hours.,Fairly confident,Dissatisfied,Did not affect my thinking at all,,,,,,,,,111.584,142.029,142.039,4,Give a diuretic.,Wean both existing vasopressors.,Fairly confident,Satisfied,Made me more confident in my plan,,86.168,92.497,92.512,4,Give up to 1 L of IV fluid.,Start a vasopressor ONLY IF I ordered fluid and there is NO positive response in less than four hours.,Fairly confident,,,,,,,,,,,,,,,,,,121.851,127.424,127.435,4,Give neither IV fluids nor diuretics.,Start a vasopressor.,Fairly confident,Satisfied,Made me more confident in my plan,,"Yes, I'll review two additional cases",Somewhat disagree,Somewhat agree,Somewhat disagree,Somewhat disagree,Somewhat agree,The double negative wording was confusing for the recommendations. ,Antibiotic selection and narrowing,,1,1,1,1,1,1,1,1,1,1,1,1,Options to Avoid,Sepsis AI suggests between one and three treatment options to consider avoiding. These options are identified based on the rates of mortality in the admission for similar patients that received each treatment.,6,This is the sixth and final case.,2,1,5,1,1,1,0,1,4,1,2,1,3,"Internal medicine, pulmonary",,"Academic, university aﬃliated",Less than 50%,Faculty List,,No
1427,f8b93252cb39bde95a4e555a65f9fdadcc770caa2c2e323c2bd9786873bc0370,3-5 years,Competent - good working and background knowledge,,,,,,,,207.559,222.734,222.749,5,Give more than 1 L of IV fluid.,Wean the existing vasopressor ONLY IF I ordered fluid and there is a positive response in less than four hours.,Slightly confident,Neutral,"Prompted me to consider an alternative plan,Affected my thinking in some other way (please describe):",Does the AI tool ever encourage other tests to determine volume status? ,,,,,,,,82.261,99.003,99.01,5,Give up to 1 L of IV fluid.,Start a vasopressor.,Slightly confident,Satisfied,Prompted me to consider an alternative plan,,,,,,,,,79.152,102.833,102.843,5,Stop diuretics and give up to 1 L of IV fluid.,Start a vasopressor ONLY IF I ordered fluid and there is NO positive response in less than four hours.,Somewhat confident,Neutral,"Prompted me to assess the patient further,Prompted me to consider an alternative plan,Made me second-guess my plan",,,,,,,,,168.098,200.051,200.059,7,Give a diuretic.,Wean the secondary vasopressor.,Somewhat confident,Satisfied,"Prompted me to assess the patient further,Gave me an initial plan,Prompted me to consider an alternative plan",,74.855,84.291,84.298,4,Give neither IV fluids nor diuretics.,Start a vasopressor.,Not at all confident,,,,,,,,,,,,,,,,,,105.831,112.97,112.978,4,Give up to 1 L of IV fluid.,Start a vasopressor.,Slightly confident,Dissatisfied,Made me second-guess my plan,,"Yes, I'll review two additional cases",Disagree,Somewhat disagree,Agree,Neither agree nor disagree,Disagree,"It seemed like there were details that were missing that would affect my management plan, like physical exam, urine studies in some cases, blood gases etc. When the AI tool prompts me to do something when I feel like some of the information that’s quite pertinent to my decision is missing, I strongly question the AI tool and it affects the trust I put in it. As an example, I worked at a hospital where the EMR would suggest the antibiotic based on an AI algorithm, and the end result was tons of patients getting aztreonam. In the ER. Many of whom wound up going home. Because it was making that suggestion based on too little information. So I started ignoring it completely.","Suggest potential etiology or other tests, suggest timing for interventions ",,1,1,1,1,2,1,1,4,1,1,1,1,Options to Consider,Sepsis AI suggests between one and three treatment options to consider. These options are identified based on the rates of mortality in the admission for similar patients that received each treatment.,6,This is the sixth and final case.,3,1,2,1,5,1,0,1,1,1,3,1,4,Emergency medicine,,"Academic, university aﬃliated",All or almost all (95% or more),Faculty List,,No
1149,2f12bfad69273c23b67edb010d7d6ecdf4254ead4b11595dc67c05f9db015760,3-5 years,Expert - authoritative knowledge,,,,,,,,79.942,89.811,89.82,4,Give more than 1 L of IV fluid.,Wean the existing vasopressor ONLY IF I ordered fluid and there is a positive response in less than four hours.,Fairly confident,Dissatisfied,Did not affect my thinking at all,,447.656,455.822,455.835,6,Give neither IV fluids nor diuretics.,Start a vasopressor.,Fairly confident,,,,,,,,,,,,,,,,,,61.975,85.031,85.042,4,Stop diuretics and don't give IV fluids.,Start a vasopressor.,Somewhat confident,Neutral,"Helped me form an initial assessment of the patient,Gave me an initial plan,Helped me decide between alternatives",,,,,,,,,113.989,129.137,129.145,4,Give up to 1 L of IV fluid.,Wean one or both vasopressors ONLY IF I ordered fluid and there is a positive response in less than four hours.,Somewhat confident,Neutral,"Gave me an initial plan,Prompted me to consider an alternative plan",,,,,,,,,60.758,66.567,66.575,4,Give neither IV fluids nor diuretics.,Start a vasopressor.,Somewhat confident,Neutral,"Gave me an initial plan,Helped me decide between alternatives,Made me more confident in my plan",,,,,,,,,57.641,62.021,62.029,4,Give neither IV fluids nor diuretics.,Start a vasopressor.,Fairly confident,Satisfied,"Helped me form an initial assessment of the patient,Gave me an initial plan,Prompted me to consider an alternative plan,Helped me decide between alternatives,Made me more confident in my plan",,"Yes, I'll review two additional cases",Neither agree nor disagree,Somewhat agree,Somewhat agree,Neither agree nor disagree,Somewhat agree,Quick and easy advice. I would like for it to maybe list some sources it has used to make its decision.  ,To facilitate decision making that actually matters long term ,,1,1,1,1,1,1,1,1,1,1,1,1,Options to Avoid,Sepsis AI suggests between one and three treatment options to consider avoiding. These options are identified based on the rates of mortality in the admission for similar patients that received each treatment.,6,This is the sixth and final case.,1,1,3,1,1,1,4,1,0,1,2,1,5,Anesthesiology,,"Academic, university aﬃliated",More than 50% but less than 95%,Faculty List,,No
4232,d37f8c51e5c4c5fd5be4e834f2ea572fa4d9e87827feb541dfe23ef02d9b9a14,> 10 years,Expert - authoritative knowledge,,,,,,,,166.97,190.229,190.234,4,Give neither IV fluids nor diuretics.,Wean the existing vasopressor.,Somewhat confident,Very satisfied,"Helped me form an initial assessment of the patient,Gave me an initial plan,Prompted me to consider an alternative plan,Made me more confident in my plan",,,,,,,,,93.2,142.186,142.194,6,Give neither IV fluids nor diuretics.,Do not give vasopressors.,Fairly confident,Very satisfied,"Helped me decide between alternatives,Made me more confident in my plan",,,,,,,,,2250.486,2422.331,2422.343,10,Stop diuretics and don't give IV fluids.,Start a vasopressor.,Somewhat confident,Dissatisfied,"Prompted me to consider an alternative plan,Made me second-guess my plan",,,,,,,,,98.272,113.405,113.41,5,Give a diuretic.,Wean the secondary vasopressor.,Extremely confident,Very satisfied,Made me more confident in my plan,,52.918,92.073,92.077,7,Give up to 1 L of IV fluid.,Do not give vasopressors.,Fairly confident,,,,,,,,,,,,,,,,,,168.603,180.971,180.979,4,Give neither IV fluids nor diuretics.,Start a vasopressor.,Fairly confident,Satisfied,"Helped me form an initial assessment of the patient,Gave me an initial plan,Made me more confident in my plan",,"Yes, I'll review two additional cases",Strongly agree,Strongly agree,Strongly agree,Agree,Strongly agree,Having data when patient volume status was unclear from clinical stand point. Having ai guidance for very complex patients (so you consider the entire clinical picture) ,I would like to have the AI guidance on all sepsis related decision making. ,"With the first case I couldn’t see why the ai gave me the particular recommendations but afterwards, I realized I had not taken a couple clinical findings into account. I would love to have this info in my clinical practice. ",1,1,1,2,3,4,1,1,2,1,1,1,Options to Consider,Sepsis AI suggests between one and three treatment options to consider. These options are identified based on the rates of mortality in the admission for similar patients that received each treatment.,6,This is the sixth and final case.,2,1,3,1,4,1,0,1,5,1,2,1,1,"Internal medicine, pulmonary",,"Academic, university aﬃliated",All or almost all (95% or more),Faculty List,,No
1600,0921acf396f9251a698f8cb8a3353d90da2f252b4046d827a2dad86c3ff04b39,> 10 years,Expert - authoritative knowledge,,,,,,,,,,,,,,,,,,90.333,99.181,99.188,4,Give neither IV fluids nor diuretics.,Start a vasopressor.,Fairly confident,,,,,,,,,,,,,,,,,,85.987,120.467,120.485,4,Stop diuretics and give more than 1 L of IV fluid.,Start a vasopressor ONLY IF I ordered fluid and there is NO positive response in less than four hours.,Fairly confident,Satisfied,Did not affect my thinking at all,,,,,,,,,50.091,355.213,355.225,23,Give neither IV fluids nor diuretics.,"Wean the secondary vasopressor now, and wean the other vasopressor ONLY IF I ordered fluid and there is a positive response in less than four hours.",Fairly confident,Neutral,Did not affect my thinking at all,,,,,,,,,,,,,,,,,,,,,,,,,,4.473,603.355,603.363,14,Give up to 1 L of IV fluid.,Start a vasopressor ONLY IF I ordered fluid and there is NO positive response in less than four hours.,Fairly confident,Neutral,Did not affect my thinking at all,,"No, take me to the final questions",Somewhat agree,Somewhat agree,Somewhat agree,Somewhat agree,Somewhat agree,,,,,,1,1,1,1,1,1,,,1,2,Recommended Treatment,Sepsis AI identifies the treatment plan that will lead to the lowest risk of mortality in this admission.,4,This is the fifth case.,3,,,1,3,1,0,1,1,,,1,2,"Internal medicine, pulmonary",,"Academic, university aﬃliated",More than 50% but less than 95%,Faculty List,,Prefer not to answer
1325,31eb2234cf64e435644038299c6badddd154308ca2a0b6a095d0ac7360aa0245,5-10 years,Proficient - deep understanding,,,,,,,,190.224,197.84,197.851,4,Give neither IV fluids nor diuretics.,Continue the existing vasopressor.,Fairly confident,Very dissatisfied,Did not affect my thinking at all,,,,,,,,,,,,,,,,,,,166.124,170.405,170.411,4,Stop diuretics and don't give IV fluids.,Start a vasopressor.,Fairly confident,,,,,,,,,,,,,,,,,,172.053,179.981,179.992,4,Give a diuretic.,Wean the secondary vasopressor.,Fairly confident,Neutral,Did not affect my thinking at all,,,,,,,,,56.019,85.426,85.442,6,Give up to 1 L of IV fluid.,Start a vasopressor ONLY IF I ordered fluid and there is NO positive response in less than four hours.,Fairly confident,Satisfied,Made me more confident in my plan,,,,,,,,,,,,,,,,,,,"No, take me to the final questions",Disagree,Disagree,Strongly agree,Disagree,Disagree,"Occasionally the AI tool helped me confirm what I was already suspecting, but the second case it gave contradicting info where it was just confusing.  I don't think it changed my confidence level much.  For all of these cases, additional information like POCUS findings, CVP, SvO2 would have been additional helpful pieces of into to increase my confidence in the choices I was making.  I think if used in practice the AI tool just gives me more tasks to read through, but not enough benefit to my decision making. ","In could envision this being helpful to trainees if there was an explanation as to why the options are chosen - for example:  ""because of adequate volume resuscitation for initial sepsis, stable/improving shock and appropriate abx, and hx of heart failure, given more fluids at this time would be associated with increased mortality.""  that would be helpful form an educational perspective for them.  For attendings, it would only be more tasks, not improve efficiency or treatment decisions.   ","more real world cases - POCUS findings, additional lab data that inform hemodynamics, would have been helpful to make the decision-making more real-world.  ",1,1,,,1,1,1,1,3,1,,,Options to Avoid,Sepsis AI suggests between one and three treatment options to consider avoiding. These options are identified based on the rates of mortality in the admission for similar patients that received each treatment.,4,This is the fifth case.,1,1,2,,,1,1,1,0,1,3,,,"Internal medicine, pulmonary",,"Academic, university aﬃliated",Less than 50%,Faculty List,,Yes
832,51bdff62f1dba8d9f2f3e0185f1f39c7877fc8fb94e896fc110546a1fffd394b,> 10 years,Expert - authoritative knowledge,,,,,,,,128.03,190.846,190.85,9,Give neither IV fluids nor diuretics.,Continue the existing vasopressor.,Fairly confident,Dissatisfied,"Helped me decide between alternatives,Made me second-guess my plan",,34.013,66.022,66.025,6,Give neither IV fluids nor diuretics.,Start a vasopressor.,Fairly confident,,,,,,,,,,,,,,,,,,6.806,92.543,92.553,8,Stop diuretics and give up to 1 L of IV fluid.,Start a vasopressor ONLY IF I ordered fluid and there is NO positive response in less than four hours.,Somewhat confident,Neutral,Prompted me to assess the patient further,,,,,,,,,45.507,166.691,166.708,6,Give neither IV fluids nor diuretics.,Wean the secondary vasopressor.,Fairly confident,Satisfied,I'm not sure,,,,,,,,,,,,,,,,,,,,,,,,,,,,,,,,,,,,"No, take me to the final questions",Somewhat disagree,Somewhat disagree,Neither agree nor disagree,Somewhat disagree,Neither agree nor disagree,,,,2,3,3,1,1,1,1,1,,,,,Recommended Treatment,Sepsis AI identifies the treatment plan that will lead to the lowest risk of mortality in this admission.,4,This is the fifth case.,0,1,1,1,0,1,2,1,3,,,,,"Internal medicine, pulmonary",,"Academic, university aﬃliated",More than 50% but less than 95%,Faculty List,,No
2063,7c180f220940c7ca1c03b1ab615d02ba74404840ce3273029a8fe87e1cb1b8cc,> 10 years,Proficient - deep understanding,,,,,,,,104.409,127.113,127.121,4,Give neither IV fluids nor diuretics.,Continue the existing vasopressor.,Fairly confident,Dissatisfied,"Made me second-guess my plan,Affected my thinking in some other way (please describe):","Hard to tell whether the hyponatremia hypovolemic or SIADH based on data provided.  Need a plan for volume, pressor, and sodium management here and I wasn't convinced the AI tool offerings really helped much",87.024,190.564,190.569,5,Give up to 1 L of IV fluid.,Start a vasopressor ONLY IF I ordered fluid and there is NO positive response in less than four hours.,Somewhat confident,,,,,,,,,,,,,,,,,,79.348,92.232,92.245,4,Stop diuretics and give up to 1 L of IV fluid.,Start a vasopressor ONLY IF I ordered fluid and there is NO positive response in less than four hours.,Somewhat confident,Neutral,Did not affect my thinking at all,,,,,,,,,241.222,257.631,257.635,4,Give a diuretic.,Wean the secondary vasopressor.,Somewhat confident,Neutral,Affected my thinking in some other way (please describe):,"More to this case than the AI advises on.  Is JVP up or down, Did the change in PEEP influence BP?  Fall in plateau pressure suggests perhaps not but it doesn't seem like there is enough information presented in the case for an AI system to make informed detailed suggestions",,,,,,,,107.46,134.06,134.077,5,Give up to 1 L of IV fluid.,Start a vasopressor ONLY IF I ordered fluid and there is NO positive response in less than four hours.,Fairly confident,Neutral,Affected my thinking in some other way (please describe):,"Made me wonder which studies or guidelines it was getting it's data about ""similar patients"" from.  Giving diuretic to someone in septic shock seems like a very unconventional strategy!",,,,,,,,39.706,131.113,131.131,5,Give up to 1 L of IV fluid.,Start a vasopressor.,Fairly confident,Neutral,Made me second-guess my plan,,"Yes, I'll review two additional cases",Neither agree nor disagree,Neither agree nor disagree,Agree,Somewhat disagree,Somewhat agree,"I liked the association of a specific plan with mortality risk estimation.  Would love to be able to see how the AI made those determinations - which elements of the case it was weighing and which studies it was referencing.  The current system is like someone giving me an answer without ""showing their working"" - hard to trust the suggestion of an AI system (even if it's correct) without understanding how the suggestion was formulated.","As a double check of plans and orders similar to the drug interaction / allergy warnings that an EHR can give you when you prescribe a medication.  Something like- ""it looks like you're planning to give 2L of crystalloid to a patient who has already received 6L in the past 24 hours and is anuric.  Starting vasopressors might be a better option"" - could be helpful",Providing body weight for patients might help with determining fluid up to 1L or above 1L.  In some cases my answer might change if the patient weighed 50kg vs 100kg,1,1,1,1,1,1,1,1,1,1,1,1,Options to Consider,Sepsis AI suggests between one and three treatment options to consider. These options are identified based on the rates of mortality in the admission for similar patients that received each treatment.,6,This is the sixth and final case.,1,1,3,1,1,1,5,1,4,1,2,1,0,"Internal medicine, pulmonary",,"Academic, university aﬃliated",Less than 50%,Faculty List,,No
1061,f579ef612f09b1585e7aa31472b999046c81a0898838bfae966b020925a633e1,5-10 years,Proficient - deep understanding,,,,,,,,,,,,,,,,,,,,,,,,,,,,,,,,,,,,,,,,,,148.209,166.772,166.789,5,Continue the diuretic.,Start a vasopressor.,Fairly confident,Neutral,Prompted me to consider an alternative plan,,,,,,,,,115.15,152.461,152.471,5,Give a diuretic.,Wean the secondary vasopressor.,Fairly confident,Neutral,Helped me decide between alternatives,,204.705,377.491,377.501,8,Give up to 1 L of IV fluid.,Start a vasopressor ONLY IF I ordered fluid and there is NO positive response in less than four hours.,Fairly confident,,,,,,,,,,,,,,,,,,27.718,182.456,182.476,8,Give a diuretic.,Start a vasopressor.,Fairly confident,Neutral,Helped me decide between alternatives,,"No, take me to the final questions",Somewhat agree,Agree,Agree,Agree,Agree,,,,,,,,1,1,1,1,1,1,2,1,Options to Consider,Sepsis AI suggests between one and three treatment options to consider. These options are identified based on the rates of mortality in the admission for similar patients that received each treatment.,4,This is the fifth case.,3,,,,,1,2,1,0,1,3,1,1,"Internal medicine, pulmonary",,"Academic, university aﬃliated",Less than 50%,Faculty List,,No
83754,ffb27abcd11c198d90653bef4fe8829a036ab9d13575a38c2fc0bc9ac6082fa2,> 10 years,Expert - authoritative knowledge,,,,,,,,10.982,60.475,60.479,16,Give neither IV fluids nor diuretics.,Continue the existing vasopressor.,Fairly confident,Neutral,Made me more confident in my plan,,,,,,,,,5.149,145.412,145.414,31,Give neither IV fluids nor diuretics.,Start a vasopressor.,Fairly confident,Dissatisfied,Did not affect my thinking at all,,,,,,,,,832.655,837.412,837.414,4,Stop diuretics and give up to 1 L of IV fluid.,Start a vasopressor ONLY IF I ordered fluid and there is NO positive response in less than four hours.,Fairly confident,Neutral,Made me more confident in my plan,,,,,,,,,51.076,60.275,60.279,4,Give a diuretic.,Wean the secondary vasopressor.,Fairly confident,Neutral,Did not affect my thinking at all,,,,,,,,,50.118,58.255,58.26,5,Give more than 1 L of IV fluid.,Start a vasopressor.,Fairly confident,Neutral,Did not affect my thinking at all,,,,,,,,,11.519,49.504,49.508,12,Give neither IV fluids nor diuretics.,Start a vasopressor.,Fairly confident,Neutral,Did not affect my thinking at all,,"Yes, I'll review two additional cases",Strongly disagree,Strongly disagree,Agree,Neither agree nor disagree,Strongly disagree,"I think ""wet vs. dry"", ""fluid-responsive vs. not-fluid-responsive"" etc. are one of the more nuanced decisions that we make regularly in critical care.  Unfortunately, (1) I don't think it easily lends itself to narrative question stems [i.e., this is a low-fidelity simulation]; and, (2) I think having it framed as ""give diuretic"" ""give fluid"" ""don't give diuretic"" ""don't give fluid"" etc. gets to be too confusing.  I also often found myself having to re-read the AI's advice several times to figure out (1) what was being recommended, and (2) whether what the AI wrote was recommended FOR or recommended AGAINST.","We collect an overwhelming amount of data in the ICU that no one possibly analyzes all of.  AI would be helpful in combing through those trends to ""synthesize"" what is going on -- e.g., ""Since the time of the percutaneous nephrostomy, the norepinephrine requirement briefly spiked up to 0.3 mcg/kg/min but has since downtrended over the ensuing 12 hours now down to 0.04 mcg/kg/min, the lowest it has been since ICU transfer on hospital day 2.""","I think that the AI's verbiage needs to be more clear.  Is it recommending that I resuscitate, diurese, or press?  How strong is its confidence in its recommendation, and what is it based off of?",1,1,1,1,1,1,1,1,1,2,1,1,Options to Avoid,Sepsis AI suggests between one and three treatment options to consider avoiding. These options are identified based on the rates of mortality in the admission for similar patients that received each treatment.,8,This is the sixth and final case.,3,1,7,1,0,1,1,1,6,1,4,1,5,"Internal medicine, pulmonary",,"Academic, university aﬃliated",Less than 50%,Faculty List,,No
